Step,AgentID,AgentType,GroupType,Knowledge,KnowledgeLinks,Time,AverageMastery,LargestSubgraph
0,0,active,group_1,0,[],0.0,0.0916770959860444,1
0,1,active,group_1,0,[],0.0,0.11145232766183673,1
0,2,active,group_1,0,[],0.0,0.09197024004766284,1
0,3,active,group_1,0,[],0.0,0.08851963906233129,1
0,4,active,group_1,0,[],0.0,0.09655528267302665,1
0,5,active,group_1,0,[],0.0,0.09490310282736988,1
0,6,active,group_1,0,[],0.0,0.08658163905852906,1
0,7,active,group_1,0,[],0.0,0.10202477382153748,1
0,8,active,group_1,0,[],0.0,0.09863412090048262,1
0,9,active,group_1,0,[],0.0,0.10384108864924042,1
0,10,active,group_1,0,[],0.0,0.10859010507642193,1
0,11,active,group_1,0,[],0.0,0.09206536670812912,1
0,12,active,group_1,0,[],0.0,0.11160017311269806,1
0,13,active,group_1,0,[],0.0,0.10740267896217803,1
0,14,active,group_1,0,[],0.0,0.11560015365998624,1
0,15,active,group_1,0,[],0.0,0.10933971640094835,1
0,16,active,group_1,0,[],0.0,0.10439905095277442,1
0,17,active,group_1,0,[],0.0,0.08173765064264824,1
0,18,active,group_1,0,[],0.0,0.10489164269904097,1
0,19,active,group_1,0,[],0.0,0.11288951051118287,1
0,20,active,group_1,0,[],0.0,0.11979287033875867,1
0,21,active,group_1,0,[],0.0,0.094500356386826,1
0,22,active,group_1,0,[],0.0,0.09825533914288241,1
0,23,active,group_1,0,[],0.0,0.0837659420267788,1
0,24,active,group_1,0,[],0.0,0.10554982970773363,1
0,25,active,group_1,0,[],0.0,0.10934506073358134,1
0,26,active,group_1,0,[],0.0,0.10228300039802429,1
0,27,active,group_1,0,[],0.0,0.10952735122750852,1
0,28,active,group_1,0,[],0.0,0.10246860994516113,1
0,29,active,group_1,0,[],0.0,0.10542604510546802,1
0,30,active,group_1,0,[],0.0,0.09006232602909506,1
0,31,active,group_1,0,[],0.0,0.10682583950500642,1
0,32,active,group_1,0,[],0.0,0.10161837761660371,1
0,33,active,group_1,0,[],0.0,0.11647237124792746,1
0,34,active,group_1,0,[],0.0,0.10129985233874081,1
0,35,active,group_1,0,[],0.0,0.09062957178017056,1
0,36,active,group_1,0,[],0.0,0.08680453382216295,1
0,37,active,group_1,0,[],0.0,0.10219343970851388,1
0,38,active,group_1,0,[],0.0,0.10471370501646626,1
0,39,active,group_1,0,[],0.0,0.07896593388062119,1
0,40,active,group_1,0,[],0.0,0.10194095971379921,1
0,41,active,group_1,0,[],0.0,0.09275057540164913,1
0,42,active,group_1,0,[],0.0,0.10564994405486376,1
0,43,active,group_1,0,[],0.0,0.08851376269154047,1
0,44,active,group_1,0,[],0.0,0.10998780804647075,1
0,45,active,group_1,0,[],0.0,0.09515850299389467,1
0,46,active,group_1,0,[],0.0,0.11026412163435144,1
0,47,active,group_1,0,[],0.0,0.09452034956144308,1
0,48,active,group_1,0,[],0.0,0.10810885745238696,1
0,49,active,group_1,0,[],0.0,0.09986393310737773,1
0,50,constructive,group_2,0,[],0.0,0.09697515805365961,1
0,51,constructive,group_2,0,[],0.0,0.09829871149294729,1
0,52,constructive,group_2,0,[],0.0,0.1074682920050816,1
0,53,constructive,group_2,0,[],0.0,0.09221559022193548,1
0,54,constructive,group_2,0,[],0.0,0.10268898921282618,1
0,55,constructive,group_2,0,[],0.0,0.10433068078565899,1
0,56,constructive,group_2,0,[],0.0,0.10639326194309248,1
0,57,constructive,group_2,0,[],0.0,0.0994203432635252,1
0,58,constructive,group_2,0,[],0.0,0.11100498454695176,1
0,59,constructive,group_2,0,[],0.0,0.10626788713697337,1
0,60,constructive,group_2,0,[],0.0,0.11216871400288289,1
0,61,constructive,group_2,0,[],0.0,0.0996829942184172,1
0,62,constructive,group_2,0,[],0.0,0.09559586775790077,1
0,63,constructive,group_2,0,[],0.0,0.1050034328951343,1
0,64,constructive,group_2,0,[],0.0,0.08077042707972405,1
0,65,constructive,group_2,0,[],0.0,0.11265686458075923,1
0,66,constructive,group_2,0,[],0.0,0.09628894495929541,1
0,67,constructive,group_2,0,[],0.0,0.1063838179790196,1
0,68,constructive,group_2,0,[],0.0,0.09855988691002941,1
0,69,constructive,group_2,0,[],0.0,0.10509725422778185,1
0,70,constructive,group_2,0,[],0.0,0.11413199698448813,1
0,71,constructive,group_2,0,[],0.0,0.09403846769372874,1
0,72,constructive,group_2,0,[],0.0,0.09728078184406372,1
0,73,constructive,group_2,0,[],0.0,0.08474000357007179,1
0,74,constructive,group_2,0,[],0.0,0.09745892896472211,1
0,75,constructive,group_2,0,[],0.0,0.11658692755279527,1
0,76,constructive,group_2,0,[],0.0,0.10731926849808456,1
0,77,constructive,group_2,0,[],0.0,0.09805045098135341,1
0,78,constructive,group_2,0,[],0.0,0.08534888418056027,1
0,79,constructive,group_2,0,[],0.0,0.09987167703560618,1
0,80,constructive,group_2,0,[],0.0,0.10569658414453172,1
0,81,constructive,group_2,0,[],0.0,0.10033562833180235,1
0,82,constructive,group_2,0,[],0.0,0.09602728666908794,1
0,83,constructive,group_2,0,[],0.0,0.0980482579082969,1
0,84,constructive,group_2,0,[],0.0,0.10358176912100836,1
0,85,constructive,group_2,0,[],0.0,0.1128166097245362,1
0,86,constructive,group_2,0,[],0.0,0.09973139171216083,1
0,87,constructive,group_2,0,[],0.0,0.08883238049949368,1
0,88,constructive,group_2,0,[],0.0,0.09466811614414006,1
0,89,constructive,group_2,0,[],0.0,0.10299598331255014,1
0,90,constructive,group_2,0,[],0.0,0.0930822503931038,1
0,91,constructive,group_2,0,[],0.0,0.09805939224340537,1
0,92,constructive,group_2,0,[],0.0,0.08911217415170666,1
0,93,constructive,group_2,0,[],0.0,0.10175382553569193,1
0,94,constructive,group_2,0,[],0.0,0.09371698991472074,1
0,95,constructive,group_2,0,[],0.0,0.1027682842229168,1
0,96,constructive,group_2,0,[],0.0,0.10081320032257117,1
0,97,constructive,group_2,0,[],0.0,0.09118633405462245,1
0,98,constructive,group_2,0,[],0.0,0.08464595770578034,1
0,99,constructive,group_2,0,[],0.0,0.10274481923081422,1
0,100,constructive,group_3,0,[],0.0,0.09912161573894643,1
0,101,constructive,group_3,0,[],0.0,0.08134376925087387,1
0,102,constructive,group_3,0,[],0.0,0.09497649496688484,1
0,103,constructive,group_3,0,[],0.0,0.08784178836090716,1
0,104,constructive,group_3,0,[],0.0,0.09134115641074604,1
0,105,constructive,group_3,0,[],0.0,0.10418256265416866,1
0,106,constructive,group_3,0,[],0.0,0.08613113816779092,1
0,107,constructive,group_3,0,[],0.0,0.09276457781284445,1
0,108,constructive,group_3,0,[],0.0,0.09159389939809727,1
0,109,constructive,group_3,0,[],0.0,0.09052604663397974,1
0,110,constructive,group_3,0,[],0.0,0.09210946597269527,1
0,111,constructive,group_3,0,[],0.0,0.10138706920066902,1
0,112,constructive,group_3,0,[],0.0,0.101033948717367,1
0,113,constructive,group_3,0,[],0.0,0.08909751778118748,1
0,114,constructive,group_3,0,[],0.0,0.10438254497264403,1
0,115,constructive,group_3,0,[],0.0,0.1111441764699926,1
0,116,constructive,group_3,0,[],0.0,0.11541640571151077,1
0,117,constructive,group_3,0,[],0.0,0.1043605234168032,1
0,118,constructive,group_3,0,[],0.0,0.08951813446941391,1
0,119,constructive,group_3,0,[],0.0,0.10324374109012038,1
0,120,constructive,group_3,0,[],0.0,0.08245167659686167,1
0,121,constructive,group_3,0,[],0.0,0.100689990900626,1
0,122,constructive,group_3,0,[],0.0,0.09693606111240927,1
0,123,constructive,group_3,0,[],0.0,0.10893384910693801,1
0,124,constructive,group_3,0,[],0.0,0.09749908723084062,1
0,125,constructive,group_3,0,[],0.0,0.11133520865866167,1
0,126,constructive,group_3,0,[],0.0,0.10035534997214861,1
0,127,constructive,group_3,0,[],0.0,0.1056040057812299,1
0,128,constructive,group_3,0,[],0.0,0.09425316550115173,1
0,129,constructive,group_3,0,[],0.0,0.09390619912387642,1
0,130,constructive,group_3,0,[],0.0,0.09485641574749679,1
0,131,constructive,group_3,0,[],0.0,0.10817170296157497,1
0,132,constructive,group_3,0,[],0.0,0.09214615815531245,1
0,133,constructive,group_3,0,[],0.0,0.11217648724774751,1
0,134,constructive,group_3,0,[],0.0,0.10668027793690518,1
0,135,constructive,group_3,0,[],0.0,0.0998073686938736,1
0,136,constructive,group_3,0,[],0.0,0.10142821091503337,1
0,137,constructive,group_3,0,[],0.0,0.09150218540425283,1
0,138,constructive,group_3,0,[],0.0,0.1034089936727576,1
0,139,constructive,group_3,0,[],0.0,0.10286940243294489,1
0,140,constructive,group_3,0,[],0.0,0.09985036186956807,1
0,141,constructive,group_3,0,[],0.0,0.11397605578488648,1
0,142,constructive,group_3,0,[],0.0,0.1208801360512182,1
0,143,constructive,group_3,0,[],0.0,0.09445920513894655,1
0,144,constructive,group_3,0,[],0.0,0.10777262551272523,1
0,145,constructive,group_3,0,[],0.0,0.10344902373885571,1
0,146,constructive,group_3,0,[],0.0,0.106254616869859,1
0,147,constructive,group_3,0,[],0.0,0.09802302914933216,1
0,148,constructive,group_3,0,[],0.0,0.10282010398760488,1
0,149,constructive,group_3,0,[],0.0,0.09749576288390402,1
1,0,active,group_1,0,[],1.0,0.09843652638328698,1
1,1,active,group_1,0,[],1.0,0.11765778166351788,1
1,2,active,group_1,0,[],1.0,0.09879820326070626,1
1,3,active,group_1,0,[],1.0,0.09464645854399396,1
1,4,active,group_1,0,[],1.0,0.102892814577636,1
1,5,active,group_1,0,[],1.0,0.10072182197672983,1
1,6,active,group_1,0,[],1.0,0.09272365843569043,1
1,7,active,group_1,0,[],1.0,0.10788752876132308,1
1,8,active,group_1,0,[],1.0,0.10430370914603956,1
1,9,active,group_1,0,[],1.0,0.10995485863465286,1
1,10,active,group_1,0,[],1.0,0.11550920451858016,1
1,11,active,group_1,0,[],1.0,0.0984661889416243,1
1,12,active,group_1,0,[],1.0,0.11700385771549075,1
1,13,active,group_1,0,[],1.0,0.11351163002259593,1
1,14,active,group_1,0,[],1.0,0.12196086760129007,1
1,15,active,group_1,0,[],1.0,0.11529116288315173,1
1,16,active,group_1,0,[],1.0,0.11077690790375953,1
1,17,active,group_1,0,[],1.0,0.0881624698837195,1
1,18,active,group_1,0,[],1.0,0.11126470867665009,1
1,19,active,group_1,0,[],1.0,0.11962403050068668,1
1,20,active,group_1,0,[],1.0,0.12552934540598035,1
1,21,active,group_1,0,[],1.0,0.1013068605611582,1
1,22,active,group_1,0,[],1.0,0.10521794500050405,1
1,23,active,group_1,0,[],1.0,0.09050802483596435,1
1,24,active,group_1,0,[],1.0,0.11232139275805694,1
1,25,active,group_1,0,[],1.0,0.11542035422139793,1
1,26,active,group_1,0,[],1.0,0.1078949582626895,1
1,27,active,group_1,0,[],1.0,0.11537181688789284,1
1,28,active,group_1,0,[],1.0,0.10844318233514907,1
1,29,active,group_1,0,[],1.0,0.11220359404540178,1
1,30,active,group_1,0,[],1.0,0.09614711890376518,1
1,31,active,group_1,0,[],1.0,0.11324491816194411,1
1,32,active,group_1,0,[],1.0,0.10704230712928706,1
1,33,active,group_1,0,[],1.0,0.12280048791764837,1
1,34,active,group_1,0,[],1.0,0.10702889356483095,1
1,35,active,group_1,0,[],1.0,0.09653234506309803,1
1,36,active,group_1,0,[],1.0,0.09231711171902583,1
1,37,active,group_1,0,[],1.0,0.1081244565390073,1
1,38,active,group_1,0,[],1.0,0.1109126750599857,1
1,39,active,group_1,0,[],1.0,0.08471928518225606,1
1,40,active,group_1,0,[],1.0,0.10785059222661178,1
1,41,active,group_1,0,[],1.0,0.09864449510733786,1
1,42,active,group_1,0,[],1.0,0.1117445322777135,1
1,43,active,group_1,0,[],1.0,0.0952268821588876,1
1,44,active,group_1,0,[],1.0,0.1163425769221528,1
1,45,active,group_1,0,[],1.0,0.10136469947945503,1
1,46,active,group_1,0,[],1.0,0.11658646779972326,1
1,47,active,group_1,0,[],1.0,0.10079645159864822,1
1,48,active,group_1,0,[],1.0,0.11401237307403225,1
1,49,active,group_1,0,[],1.0,0.10593116730808447,1
1,50,constructive,group_2,0,[],1.0,0.10278335718275226,1
1,51,constructive,group_2,0,[],1.0,0.10444832605105621,1
1,52,constructive,group_2,0,[],1.0,0.11309627654261933,1
1,53,constructive,group_2,0,[],1.0,0.09817859816693428,1
1,54,constructive,group_2,0,[],1.0,0.10884929535746313,1
1,55,constructive,group_2,0,[],1.0,0.11045518959605087,1
1,56,constructive,group_2,0,[],1.0,0.1121255226286553,1
1,57,constructive,group_2,0,[],1.0,0.10545289382054443,1
1,58,constructive,group_2,0,[],1.0,0.11663025237145774,1
1,59,constructive,group_2,0,[],1.0,0.11191314936647738,1
1,60,constructive,group_2,0,[],1.0,0.11826428764632631,1
1,61,constructive,group_2,0,[],1.0,0.10512339479017038,1
1,62,constructive,group_2,0,[],1.0,0.10144452007367663,1
1,63,constructive,group_2,0,[],1.0,0.11080176856363173,1
1,64,constructive,group_2,0,[],1.0,0.0865150336329453,1
1,65,constructive,group_2,0,[],1.0,0.11799200418660745,1
1,66,constructive,group_2,0,[],1.0,0.10241614833659077,1
1,67,constructive,group_2,0,[],1.0,0.11266939476896631,1
1,68,constructive,group_2,0,[],1.0,0.10494999618602932,1
1,69,constructive,group_2,0,[],1.0,0.11124972897552883,1
1,70,constructive,group_2,0,[],1.0,0.12076447407875704,1
1,71,constructive,group_2,0,[],1.0,0.10026690431438245,1
1,72,constructive,group_2,0,[],1.0,0.10303248151768338,1
1,73,constructive,group_2,0,[],1.0,0.09129859957147014,1
1,74,constructive,group_2,0,[],1.0,0.10380976014401799,1
1,75,constructive,group_2,0,[],1.0,0.12213386450254812,1
1,76,constructive,group_2,0,[],1.0,0.11293855404449042,1
1,77,constructive,group_2,0,[],1.0,0.1032991119856291,1
1,78,constructive,group_2,0,[],1.0,0.09097535566196177,1
1,79,constructive,group_2,0,[],1.0,0.10564588907027217,1
1,80,constructive,group_2,0,[],1.0,0.11132118942643954,1
1,81,constructive,group_2,0,[],1.0,0.10539150167831737,1
1,82,constructive,group_2,0,[],1.0,0.10183338561855067,1
1,83,constructive,group_2,0,[],1.0,0.1042615343701619,1
1,84,constructive,group_2,0,[],1.0,0.10932550933158222,1
1,85,constructive,group_2,0,[],1.0,0.11826044650506476,1
1,86,constructive,group_2,0,[],1.0,0.10586597503576989,1
1,87,constructive,group_2,0,[],1.0,0.09433688984640509,1
1,88,constructive,group_2,0,[],1.0,0.10012682394113022,1
1,89,constructive,group_2,0,[],1.0,0.10815019393102512,1
1,90,constructive,group_2,0,[],1.0,0.09974016987478321,1
1,91,constructive,group_2,0,[],1.0,0.10487106326415022,1
1,92,constructive,group_2,0,[],1.0,0.09458481754780976,1
1,93,constructive,group_2,0,[],1.0,0.10701616788946375,1
1,94,constructive,group_2,0,[],1.0,0.09987000980082024,1
1,95,constructive,group_2,0,[],1.0,0.10827127675095072,1
1,96,constructive,group_2,0,[],1.0,0.10698394934277086,1
1,97,constructive,group_2,0,[],1.0,0.09688373657823754,1
1,98,constructive,group_2,0,[],1.0,0.09043735657222676,1
1,99,constructive,group_2,0,[],1.0,0.10851409700890605,1
1,100,constructive,group_3,0,[],1.0,0.104381313358064,1
1,101,constructive,group_3,0,[],1.0,0.08672228393415726,1
1,102,constructive,group_3,0,[],1.0,0.10114864327841025,1
1,103,constructive,group_3,0,[],1.0,0.09351705286328041,1
1,104,constructive,group_3,0,[],1.0,0.0973959051436734,1
1,105,constructive,group_3,0,[],1.0,0.11050892355969408,1
1,106,constructive,group_3,0,[],1.0,0.09200215788898189,1
1,107,constructive,group_3,0,[],1.0,0.0983266596656361,1
1,108,constructive,group_3,0,[],1.0,0.09756517748580587,1
1,109,constructive,group_3,0,[],1.0,0.09668410478887464,1
1,110,constructive,group_3,0,[],1.0,0.09778834908459526,1
1,111,constructive,group_3,0,[],1.0,0.10737853174871285,1
1,112,constructive,group_3,0,[],1.0,0.1071497716612038,1
1,113,constructive,group_3,0,[],1.0,0.09471955021874735,1
1,114,constructive,group_3,0,[],1.0,0.11021640976892796,1
1,115,constructive,group_3,0,[],1.0,0.11690664012050997,1
1,116,constructive,group_3,0,[],1.0,0.12159595809637155,1
1,117,constructive,group_3,0,[],1.0,0.10983894592709542,1
1,118,constructive,group_3,0,[],1.0,0.09530992580398125,1
1,119,constructive,group_3,0,[],1.0,0.1092998066788055,1
1,120,constructive,group_3,0,[],1.0,0.08813717374032025,1
1,121,constructive,group_3,0,[],1.0,0.1069754438099874,1
1,122,constructive,group_3,0,[],1.0,0.10307342453542774,1
1,123,constructive,group_3,0,[],1.0,0.11478447797334819,1
1,124,constructive,group_3,0,[],1.0,0.10396125044839435,1
1,125,constructive,group_3,0,[],1.0,0.11671505044966038,1
1,126,constructive,group_3,0,[],1.0,0.1056668940225528,1
1,127,constructive,group_3,0,[],1.0,0.11148693022158591,1
1,128,constructive,group_3,0,[],1.0,0.1005775852920553,1
1,129,constructive,group_3,0,[],1.0,0.09961624154521344,1
1,130,constructive,group_3,0,[],1.0,0.10110174786911871,1
1,131,constructive,group_3,0,[],1.0,0.11428867447211308,1
1,132,constructive,group_3,0,[],1.0,0.0988050812195962,1
1,133,constructive,group_3,0,[],1.0,0.11796446294945347,1
1,134,constructive,group_3,0,[],1.0,0.11210438737409527,1
1,135,constructive,group_3,0,[],1.0,0.10586210068307897,1
1,136,constructive,group_3,0,[],1.0,0.10706337203125942,1
1,137,constructive,group_3,0,[],1.0,0.09687595616027411,1
1,138,constructive,group_3,0,[],1.0,0.11001142831895716,1
1,139,constructive,group_3,0,[],1.0,0.1083993641500088,1
1,140,constructive,group_3,0,[],1.0,0.10590583232779886,1
1,141,constructive,group_3,0,[],1.0,0.11974309841538937,1
1,142,constructive,group_3,0,[],1.0,0.12639256257031947,1
1,143,constructive,group_3,0,[],1.0,0.1002424054957283,1
1,144,constructive,group_3,0,[],1.0,0.11404853084176222,1
1,145,constructive,group_3,0,[],1.0,0.1090190613702207,1
1,146,constructive,group_3,0,[],1.0,0.1120641198017496,1
1,147,constructive,group_3,0,[],1.0,0.10373995074547604,1
1,148,constructive,group_3,0,[],1.0,0.1087563317318353,1
1,149,constructive,group_3,0,[],1.0,0.10359692603881605,1
2,0,active,group_1,0,[],2.0,0.10412818547505238,1
2,1,active,group_1,0,[],2.0,0.12290662774028027,1
2,2,active,group_1,0,[],2.0,0.10434400817186225,1
2,3,active,group_1,0,[],2.0,0.09971189418518586,1
2,4,active,group_1,0,[],2.0,0.10808484391243005,1
2,5,active,group_1,0,[],2.0,0.10563982416236391,1
2,6,active,group_1,0,[],2.0,0.09789537382016691,1
2,7,active,group_1,0,[],2.0,0.11294529482417834,1
2,8,active,group_1,0,[],2.0,0.10919955536012038,1
2,9,active,group_1,0,[],2.0,0.11515790538603954,1
2,10,active,group_1,0,[],2.0,0.12124938329289041,1
2,11,active,group_1,0,[],2.0,0.10381554271428925,1
2,12,active,group_1,0,[],2.0,0.12167611539769589,1
2,13,active,group_1,0,[],2.0,0.11872997269549368,1
2,14,active,group_1,0,[],2.0,0.1272515857381266,1
2,15,active,group_1,0,[],2.0,0.12041701291597248,1
2,16,active,group_1,0,[],2.0,0.11626663559499248,1
2,17,active,group_1,0,[],2.0,0.09364187781254278,1
2,18,active,group_1,0,[],2.0,0.11675031961099347,1
2,19,active,group_1,0,[],2.0,0.12506608525934437,1
2,20,active,group_1,0,[],2.0,0.13047348251969934,1
2,21,active,group_1,0,[],2.0,0.10693844856523065,1
2,22,active,group_1,0,[],2.0,0.11092234319101209,1
2,23,active,group_1,0,[],2.0,0.09599697849054281,1
2,24,active,group_1,0,[],2.0,0.11801896192119901,1
2,25,active,group_1,0,[],2.0,0.12045342718311029,1
2,26,active,group_1,0,[],2.0,0.11271753527015604,1
2,27,active,group_1,0,[],2.0,0.1204013925915681,1
2,28,active,group_1,0,[],2.0,0.11344453381494427,1
2,29,active,group_1,0,[],2.0,0.11791351659915912,1
2,30,active,group_1,0,[],2.0,0.10130708477951364,1
2,31,active,group_1,0,[],2.0,0.11865781344136646,1
2,32,active,group_1,0,[],2.0,0.11173062292553619,1
2,33,active,group_1,0,[],2.0,0.12802263108427575,1
2,34,active,group_1,0,[],2.0,0.11190389708310436,1
2,35,active,group_1,0,[],2.0,0.1014950305843223,1
2,36,active,group_1,0,[],2.0,0.09707256503851455,1
2,37,active,group_1,0,[],2.0,0.11321060918631491,1
2,38,active,group_1,0,[],2.0,0.11624394511230147,1
2,39,active,group_1,0,[],2.0,0.08961154891485786,1
2,40,active,group_1,0,[],2.0,0.11289579862166707,1
2,41,active,group_1,0,[],2.0,0.103652429617678,1
2,42,active,group_1,0,[],2.0,0.11683523895047565,1
2,43,active,group_1,0,[],2.0,0.10075024175579635,1
2,44,active,group_1,0,[],2.0,0.12169328320066815,1
2,45,active,group_1,0,[],2.0,0.10669171885338073,1
2,46,active,group_1,0,[],2.0,0.12181399517223199,1
2,47,active,group_1,0,[],2.0,0.106153242502032,1
2,48,active,group_1,0,[],2.0,0.11910356120120495,1
2,49,active,group_1,0,[],2.0,0.11108399846372223,1
2,50,constructive,group_2,0,[],2.0,0.10827260659764615,1
2,51,constructive,group_2,0,[],2.0,0.11002423304234728,1
2,52,constructive,group_2,0,[],2.0,0.11827592183899849,1
2,53,constructive,group_2,0,[],2.0,0.10367262901828958,1
2,54,constructive,group_2,0,[],2.0,0.114547590821375,1
2,55,constructive,group_2,0,[],2.0,0.11560610069419028,1
2,56,constructive,group_2,0,[],2.0,0.11755210670191499,1
2,57,constructive,group_2,0,[],2.0,0.1107393147682261,1
2,58,constructive,group_2,0,[],2.0,0.12182482368866152,1
2,59,constructive,group_2,0,[],2.0,0.11711830776844889,1
2,60,constructive,group_2,0,[],2.0,0.12397738232852029,1
2,61,constructive,group_2,0,[],2.0,0.11011249937318404,1
2,62,constructive,group_2,0,[],2.0,0.10706659549751103,1
2,63,constructive,group_2,0,[],2.0,0.11587961573043366,1
2,64,constructive,group_2,0,[],2.0,0.09128172322207147,1
2,65,constructive,group_2,0,[],2.0,0.12275605606552457,1
2,66,constructive,group_2,0,[],2.0,0.10806622850630236,1
2,67,constructive,group_2,0,[],2.0,0.11820278083833795,1
2,68,constructive,group_2,0,[],2.0,0.11043950131423497,1
2,69,constructive,group_2,0,[],2.0,0.11675208799763007,1
2,70,constructive,group_2,0,[],2.0,0.1266917596454371,1
2,71,constructive,group_2,0,[],2.0,0.10611110985645197,1
2,72,constructive,group_2,0,[],2.0,0.10831603292493033,1
2,73,constructive,group_2,0,[],2.0,0.09713281170913082,1
2,74,constructive,group_2,0,[],2.0,0.10975525640095003,1
2,75,constructive,group_2,0,[],2.0,0.12713962130194573,1
2,76,constructive,group_2,0,[],2.0,0.11822450241868114,1
2,77,constructive,group_2,0,[],2.0,0.10785607942333457,1
2,78,constructive,group_2,0,[],2.0,0.09619304838264761,1
2,79,constructive,group_2,0,[],2.0,0.11041149509353823,1
2,80,constructive,group_2,0,[],2.0,0.11654054571294722,1
2,81,constructive,group_2,0,[],2.0,0.10976750335954526,1
2,82,constructive,group_2,0,[],2.0,0.10686531055173672,1
2,83,constructive,group_2,0,[],2.0,0.10996441157453349,1
2,84,constructive,group_2,0,[],2.0,0.11450515194713265,1
2,85,constructive,group_2,0,[],2.0,0.12319061639202362,1
2,86,constructive,group_2,0,[],2.0,0.11119373855492456,1
2,87,constructive,group_2,0,[],2.0,0.09905023895623237,1
2,88,constructive,group_2,0,[],2.0,0.10483356589570567,1
2,89,constructive,group_2,0,[],2.0,0.11264674374147762,1
2,90,constructive,group_2,0,[],2.0,0.10590616693796454,1
2,91,constructive,group_2,0,[],2.0,0.1109930884249705,1
2,92,constructive,group_2,0,[],2.0,0.09925549887550773,1
2,93,constructive,group_2,0,[],2.0,0.11157394726325051,1
2,94,constructive,group_2,0,[],2.0,0.10508624881834212,1
2,95,constructive,group_2,0,[],2.0,0.11304095217228242,1
2,96,constructive,group_2,0,[],2.0,0.11275460575852918,1
2,97,constructive,group_2,0,[],2.0,0.102061753455984,1
2,98,constructive,group_2,0,[],2.0,0.09591778032315512,1
2,99,constructive,group_2,0,[],2.0,0.11392795908897761,1
2,100,constructive,group_3,0,[],2.0,0.10907145648705874,1
2,101,constructive,group_3,0,[],2.0,0.09136048178340231,1
2,102,constructive,group_3,0,[],2.0,0.10683984640997582,1
2,103,constructive,group_3,0,[],2.0,0.09879623929291369,1
2,104,constructive,group_3,0,[],2.0,0.1031957248712323,1
2,105,constructive,group_3,0,[],2.0,0.11640396513987876,1
2,106,constructive,group_3,0,[],2.0,0.09744180534515794,1
2,107,constructive,group_3,0,[],2.0,0.10351964963313758,1
2,108,constructive,group_3,0,[],2.0,0.10331344696473692,1
2,109,constructive,group_3,0,[],2.0,0.1015446707604885,1
2,110,constructive,group_3,0,[],2.0,0.10251249938004252,1
2,111,constructive,group_3,0,[],2.0,0.11313074546275828,1
2,112,constructive,group_3,0,[],2.0,0.11295084167217642,1
2,113,constructive,group_3,0,[],2.0,0.10000328851757148,1
2,114,constructive,group_3,0,[],2.0,0.11512821943250998,1
2,115,constructive,group_3,0,[],2.0,0.12238493047162176,1
2,116,constructive,group_3,0,[],2.0,0.12736770895368868,1
2,117,constructive,group_3,0,[],2.0,0.11489126873703745,1
2,118,constructive,group_3,0,[],2.0,0.10045730251486706,1
2,119,constructive,group_3,0,[],2.0,0.11429123792853299,1
2,120,constructive,group_3,0,[],2.0,0.09301442375329577,1
2,121,constructive,group_3,0,[],2.0,0.11205767359105714,1
2,122,constructive,group_3,0,[],2.0,0.10792786039150445,1
2,123,constructive,group_3,0,[],2.0,0.12008993909921462,1
2,124,constructive,group_3,0,[],2.0,0.1093845554096039,1
2,125,constructive,group_3,0,[],2.0,0.12145759126074263,1
2,126,constructive,group_3,0,[],2.0,0.11020182714865552,1
2,127,constructive,group_3,0,[],2.0,0.11643988501535499,1
2,128,constructive,group_3,0,[],2.0,0.10606617726074449,1
2,129,constructive,group_3,0,[],2.0,0.10483923802061572,1
2,130,constructive,group_3,0,[],2.0,0.10702155086675243,1
2,131,constructive,group_3,0,[],2.0,0.12009259346128302,1
2,132,constructive,group_3,0,[],2.0,0.10473691882609779,1
2,133,constructive,group_3,0,[],2.0,0.12343879073972877,1
2,134,constructive,group_3,0,[],2.0,0.11682817930187113,1
2,135,constructive,group_3,0,[],2.0,0.11068106023046478,1
2,136,constructive,group_3,0,[],2.0,0.11213838621162138,1
2,137,constructive,group_3,0,[],2.0,0.10176797439380367,1
2,138,constructive,group_3,0,[],2.0,0.11592224455211217,1
2,139,constructive,group_3,0,[],2.0,0.1134677735825749,1
2,140,constructive,group_3,0,[],2.0,0.11142313911989592,1
2,141,constructive,group_3,0,[],2.0,0.1248864530132687,1
2,142,constructive,group_3,0,[],2.0,0.1312862969939142,1
2,143,constructive,group_3,0,[],2.0,0.10546794293741298,1
2,144,constructive,group_3,0,[],2.0,0.11945541027478823,1
2,145,constructive,group_3,0,[],2.0,0.11370086432454643,1
2,146,constructive,group_3,0,[],2.0,0.1174405993437904,1
2,147,constructive,group_3,0,[],2.0,0.10898557968414395,1
2,148,constructive,group_3,0,[],2.0,0.11375612906356973,1
2,149,constructive,group_3,0,[],2.0,0.10844950220972623,1
3,0,active,group_1,0,[],3.0,0.10866570362845851,1
3,1,active,group_1,0,[],3.0,0.12715937053546073,1
3,2,active,group_1,0,[],3.0,0.10897465716631523,1
3,3,active,group_1,0,[],3.0,0.10395955074177328,1
3,4,active,group_1,0,[],3.0,0.11244872315921675,1
3,5,active,group_1,0,[],3.0,0.10969331176479595,1
3,6,active,group_1,0,[],3.0,0.10213124234816515,1
3,7,active,group_1,0,[],3.0,0.11671285286402215,1
3,8,active,group_1,0,[],3.0,0.1129601421897966,1
3,9,active,group_1,0,[],3.0,0.1193337493770599,1
3,10,active,group_1,0,[],3.0,0.12591297157162443,1
3,11,active,group_1,0,[],3.0,0.10820363876926711,1
3,12,active,group_1,0,[],3.0,0.12529600481205724,1
3,13,active,group_1,0,[],3.0,0.1223277066082787,1
3,14,active,group_1,0,[],3.0,0.13162572612623896,1
3,15,active,group_1,0,[],3.0,0.12437101802684676,1
3,16,active,group_1,0,[],3.0,0.12030659647057615,1
3,17,active,group_1,0,[],3.0,0.09794099352633516,1
3,18,active,group_1,0,[],3.0,0.12079897380898556,1
3,19,active,group_1,0,[],3.0,0.12964145846563133,1
3,20,active,group_1,0,[],3.0,0.1341069513244318,1
3,21,active,group_1,0,[],3.0,0.11155104280868715,1
3,22,active,group_1,0,[],3.0,0.11562388676659974,1
3,23,active,group_1,0,[],3.0,0.10058222812280879,1
3,24,active,group_1,0,[],3.0,0.12256574075414264,1
3,25,active,group_1,0,[],3.0,0.12467190622860769,1
3,26,active,group_1,0,[],3.0,0.1165716670228653,1
3,27,active,group_1,0,[],3.0,0.1240461550653266,1
3,28,active,group_1,0,[],3.0,0.11760096426971697,1
3,29,active,group_1,0,[],3.0,0.12245646215885861,1
3,30,active,group_1,0,[],3.0,0.10548813500803826,1
3,31,active,group_1,0,[],3.0,0.12302868683739601,1
3,32,active,group_1,0,[],3.0,0.115294728809607,1
3,33,active,group_1,0,[],3.0,0.132383355704849,1
3,34,active,group_1,0,[],3.0,0.11588642145329683,1
3,35,active,group_1,0,[],3.0,0.10560569397604833,1
3,36,active,group_1,0,[],3.0,0.10082182222086022,1
3,37,active,group_1,0,[],3.0,0.1172354373002108,1
3,38,active,group_1,0,[],3.0,0.12032009503325039,1
3,39,active,group_1,0,[],3.0,0.09360989250488227,1
3,40,active,group_1,0,[],3.0,0.11695164207538537,1
3,41,active,group_1,0,[],3.0,0.10772742870424727,1
3,42,active,group_1,0,[],3.0,0.12106042641871158,1
3,43,active,group_1,0,[],3.0,0.10532001081182887,1
3,44,active,group_1,0,[],3.0,0.12603803211928352,1
3,45,active,group_1,0,[],3.0,0.11081615559645548,1
3,46,active,group_1,0,[],3.0,0.1261712256517217,1
3,47,active,group_1,0,[],3.0,0.11038068848380163,1
3,48,active,group_1,0,[],3.0,0.12287663282588032,1
3,49,active,group_1,0,[],3.0,0.11524892988117537,1
3,50,constructive,group_2,0,[],3.0,0.11265164149693056,1
3,51,constructive,group_2,0,[],3.0,0.11483503172176593,1
3,52,constructive,group_2,0,[],3.0,0.12249899301567854,1
3,53,constructive,group_2,0,[],3.0,0.10830242280305624,1
3,54,constructive,group_2,0,[],3.0,0.11939704741953579,1
3,55,constructive,group_2,0,[],3.0,0.12012022029403165,1
3,56,constructive,group_2,0,[],3.0,0.12178393216417512,1
3,57,constructive,group_2,0,[],3.0,0.11533397030966266,1
3,58,constructive,group_2,0,[],3.0,0.1260366747258788,1
3,59,constructive,group_2,0,[],3.0,0.12136099758517857,1
3,60,constructive,group_2,0,[],3.0,0.12875366288988171,1
3,61,constructive,group_2,0,[],3.0,0.11407210931836698,1
3,62,constructive,group_2,1,[],3.0,0.11128068720586334,1
3,63,constructive,group_2,0,[],3.0,0.12023059410610167,1
3,64,constructive,group_2,0,[],3.0,0.09535878405963023,1
3,65,constructive,group_2,0,[],3.0,0.12661939222147187,1
3,66,constructive,group_2,0,[],3.0,0.11287774033509197,1
3,67,constructive,group_2,0,[],3.0,0.12306748629110113,1
3,68,constructive,group_2,0,[],3.0,0.1153093680369118,1
3,69,constructive,group_2,0,[],3.0,0.12153285007182349,1
3,70,constructive,group_2,0,[],3.0,0.13194459152622362,1
3,71,constructive,group_2,0,[],3.0,0.11103569055905546,1
3,72,constructive,group_2,0,[],3.0,0.11269845168003703,1
3,73,constructive,group_2,0,[],3.0,0.10230000977002647,1
3,74,constructive,group_2,0,[],3.0,0.1148117790952051,1
3,75,constructive,group_2,0,[],3.0,0.1312719413374112,1
3,76,constructive,group_2,0,[],3.0,0.12229600350152874,1
3,77,constructive,group_2,0,[],3.0,0.11158258423569134,1
3,78,constructive,group_2,0,[],3.0,0.1003930822544721,1
3,79,constructive,group_2,0,[],3.0,0.11449175714968245,1
3,80,constructive,group_2,0,[],3.0,0.12073525029422476,1
3,81,constructive,group_2,0,[],3.0,0.11325595693683592,1
3,82,constructive,group_2,0,[],3.0,0.11118868700316095,1
3,83,constructive,group_2,0,[],3.0,0.11486233109441965,1
3,84,constructive,group_2,0,[],3.0,0.11886742398215681,1
3,85,constructive,group_2,0,[],3.0,0.12718968478027054,1
3,86,constructive,group_2,0,[],3.0,0.11585785268749724,1
3,87,constructive,group_2,0,[],3.0,0.10301652907417587,1
3,88,constructive,group_2,0,[],3.0,0.10877474886379893,1
3,89,constructive,group_2,0,[],3.0,0.11626733375509231,1
3,90,constructive,group_2,0,[],3.0,0.11126351466402148,1
3,91,constructive,group_2,0,[],3.0,0.11643219243249643,1
3,92,constructive,group_2,0,[],3.0,0.10317658366175986,1
3,93,constructive,group_2,0,[],3.0,0.11531089794421182,1
3,94,constructive,group_2,0,[],3.0,0.10966554135103461,1
3,95,constructive,group_2,0,[],3.0,0.1170459694130042,1
3,96,constructive,group_2,0,[],3.0,0.1176170954106183,1
3,97,constructive,group_2,0,[],3.0,0.10637821712216544,1
3,98,constructive,group_2,0,[],3.0,0.1002605474403081,1
3,99,constructive,group_2,0,[],3.0,0.11828748949117449,1
3,100,constructive,group_3,0,[],3.0,0.11283393832492834,1
3,101,constructive,group_3,0,[],3.0,0.09521536186846562,1
3,102,constructive,group_3,0,[],3.0,0.11169952978426079,1
3,103,constructive,group_3,0,[],3.0,0.10305577620770685,1
3,104,constructive,group_3,0,[],3.0,0.10785530123839573,1
3,105,constructive,group_3,0,[],3.0,0.12143376399881348,1
3,106,constructive,group_3,0,[],3.0,0.10196378211323724,1
3,107,constructive,group_3,0,[],3.0,0.10756537730417048,1
3,108,constructive,group_3,1,[],3.0,0.10779933478653861,1
3,109,constructive,group_3,0,[],3.0,0.10575031146062382,1
3,110,constructive,group_3,0,[],3.0,0.10653655008351245,1
3,111,constructive,group_3,0,[],3.0,0.11767928872691531,1
3,112,constructive,group_3,0,[],3.0,0.11772993926510544,1
3,113,constructive,group_3,0,[],3.0,0.10409542380388444,1
3,114,constructive,group_3,0,[],3.0,0.11936114966937776,1
3,115,constructive,group_3,1,[],3.0,0.12662268854459618,1
3,116,constructive,group_3,0,[],3.0,0.1322402794940515,1
3,117,constructive,group_3,0,[],3.0,0.1188836540273555,1
3,118,constructive,group_3,0,[],3.0,0.1048435193052675,1
3,119,constructive,group_3,0,[],3.0,0.11863858055587587,1
3,120,constructive,group_3,0,[],3.0,0.0971755384642424,1
3,121,constructive,group_3,0,[],3.0,0.11652126405568508,1
3,122,constructive,group_3,0,[],3.0,0.11212638557311774,1
3,123,constructive,group_3,0,[],3.0,0.12457975850243827,1
3,124,constructive,group_3,0,[],3.0,0.11421417346147131,1
3,125,constructive,group_3,0,[],3.0,0.12536549419968626,1
3,126,constructive,group_3,0,[],3.0,0.11395325078454462,1
3,127,constructive,group_3,0,[],3.0,0.12072137190797991,1
3,128,constructive,group_3,0,[],3.0,0.11091491592251472,1
3,129,constructive,group_3,0,[],3.0,0.10917212802574187,1
3,130,constructive,group_3,0,[],3.0,0.11195374701224536,1
3,131,constructive,group_3,0,[],3.0,0.12487227015602478,1
3,132,constructive,group_3,0,[],3.0,0.11000481944978062,1
3,133,constructive,group_3,0,[],3.0,0.12777994649158425,1
3,134,constructive,group_3,0,[],3.0,0.1207606041322592,1
3,135,constructive,group_3,0,[],3.0,0.11483767487277619,1
3,136,constructive,group_3,0,[],3.0,0.11637448111201058,1
3,137,constructive,group_3,0,[],3.0,0.10565211531078356,1
3,138,constructive,group_3,0,[],3.0,0.12115165679822984,1
3,139,constructive,group_3,0,[],3.0,0.11756486326436939,1
3,140,constructive,group_3,0,[],3.0,0.11614334571800569,1
3,141,constructive,group_3,0,[],3.0,0.1292541547656647,1
3,142,constructive,group_3,0,[],3.0,0.13536014413639555,1
3,143,constructive,group_3,0,[],3.0,0.10987743315026363,1
3,144,constructive,group_3,0,[],3.0,0.12422641806418869,1
3,145,constructive,group_3,0,[],3.0,0.1176619204809684,1
3,146,constructive,group_3,0,[],3.0,0.12188870281377198,1
3,147,constructive,group_3,0,[],3.0,0.11332592108088521,1
3,148,constructive,group_3,0,[],3.0,0.11809216812973806,1
3,149,constructive,group_3,0,[],3.0,0.11264589748856604,1
4,0,active,group_1,1,[],4.0,0.11134320819216612,1
4,1,active,group_1,1,[],4.0,0.1298194864368167,1
4,2,active,group_1,1,[],4.0,0.11201790002358776,1
4,3,active,group_1,0,[],4.0,0.10685212409954123,1
4,4,active,group_1,0,[],4.0,0.11541901439215393,1
4,5,active,group_1,0,[],4.0,0.11236852650817516,1
4,6,active,group_1,1,[],4.0,0.10485130142965489,1
4,7,active,group_1,1,[],4.0,0.11878715888673257,1
4,8,active,group_1,1,[],4.0,0.1151533398742429,1
4,9,active,group_1,1,[],4.0,0.12190611710490085,1
4,10,active,group_1,1,[],4.0,0.1287610627170504,1
4,11,active,group_1,1,[],4.0,0.11100186810359533,1
4,12,active,group_1,1,[],4.0,0.12746744502943785,1
4,13,active,group_1,1,[],4.0,0.1240860676884731,1
4,14,active,group_1,1,[],4.0,0.13447251901841364,1
4,15,active,group_1,1,[],4.0,0.12665745994702063,1
4,16,active,group_1,1,[],4.0,0.1224257839744066,1
4,17,active,group_1,1,[],4.0,0.10043963103232512,1
4,18,active,group_1,1,[],4.0,0.12293247422353296,1
4,19,active,group_1,0,[],4.0,0.1327194888000711,1
4,20,active,group_1,1,[],4.0,0.13608418975691763,1
4,21,active,group_1,1,[],4.0,0.11443539707577696,1
4,22,active,group_1,1,[],4.0,0.11859266886723903,1
4,23,active,group_1,1,[],4.0,0.10360811348270711,1
4,24,active,group_1,1,[],4.0,0.12525277297357743,1
4,25,active,group_1,0,[],4.0,0.12754588385532944,1
4,26,active,group_1,1,[],4.0,0.1189831853691741,1
4,27,active,group_1,1,[],4.0,0.12597878550457947,1
4,28,active,group_1,0,[],4.0,0.12038120588955507,1
4,29,active,group_1,1,[],4.0,0.12512399587120973,1
4,30,active,group_1,1,[],4.0,0.10811769658239975,1
4,31,active,group_1,1,[],4.0,0.12571801758041118,1
4,32,active,group_1,1,[],4.0,0.1173689801044389,1
4,33,active,group_1,0,[],4.0,0.1352988448875962,1
4,34,active,group_1,1,[],4.0,0.1184741063957346,1
4,35,active,group_1,0,[],4.0,0.10834087477121083,1
4,36,active,group_1,1,[],4.0,0.10312324668138598,1
4,37,active,group_1,1,[],4.0,0.11967039711929173,1
4,38,active,group_1,1,[],4.0,0.1226121358607862,1
4,39,active,group_1,1,[],4.0,0.09620749689545305,1
4,40,active,group_1,1,[],4.0,0.11948196160863969,1
4,41,active,group_1,1,[],4.0,0.11033466029829231,1
4,42,active,group_1,0,[],4.0,0.12386489907302453,1
4,43,active,group_1,1,[],4.0,0.10826084089940327,1
4,44,active,group_1,1,[],4.0,0.12875091967354726,1
4,45,active,group_1,1,[],4.0,0.11318371393098334,1
4,46,active,group_1,0,[],4.0,0.1290707342159526,1
4,47,active,group_1,1,[],4.0,0.11288257377051478,1
4,48,active,group_1,1,[],4.0,0.12493358829143886,1
4,49,active,group_1,1,[],4.0,0.11785698806955494,1
4,50,constructive,group_2,1,[],4.0,0.11501568156856098,1
4,51,constructive,group_2,1,[],4.0,0.1178084127408783,1
4,52,constructive,group_2,1,[],4.0,0.12497835933014992,1
4,53,constructive,group_2,1,[],4.0,0.11105945041387275,1
4,54,constructive,group_2,1,[],4.0,0.12224857107409792,1
4,55,constructive,group_2,0,[],4.0,0.1233069751836077,1
4,56,constructive,group_2,1,[],4.0,0.12400734837830071,1
4,57,constructive,group_2,1,[],4.0,0.1183855637067884,1
4,58,constructive,group_2,1,[],4.0,0.1284790812173389,1
4,59,constructive,group_2,1,[],4.0,0.12384085494435881,1
4,60,constructive,group_2,1,[],4.0,0.13145979504831085,1
4,61,constructive,group_2,1,[],4.0,0.11635283108478678,1
4,62,constructive,group_2,2,[],4.0,0.12684708168414055,1
4,63,constructive,group_2,1,[],4.0,0.12312701632547038,1
4,64,constructive,group_2,0,[],4.0,0.09828048274803836,1
4,65,constructive,group_2,1,[],4.0,0.1290168558637522,1
4,66,constructive,group_2,1,[],4.0,0.11573269863124935,1
4,67,constructive,group_2,1,[],4.0,0.12624607142237396,1
4,68,constructive,group_2,1,[],4.0,0.11861373426649395,1
4,69,constructive,group_2,1,[],4.0,0.1245770794318927,1
4,70,constructive,group_2,1,[],4.0,0.1352059614361505,1
4,71,constructive,group_2,1,[],4.0,0.11381111512737482,1
4,72,constructive,group_2,1,[],4.0,0.11531364736013852,1
4,73,constructive,group_2,1,[],4.0,0.1055568232333789,1
4,74,constructive,group_2,1,[],4.0,0.11766780575439303,1
4,75,constructive,group_2,1,[],4.0,0.1338266744760907,1
4,76,constructive,group_2,1,[],4.0,0.12443715809879019,1
4,77,constructive,group_2,1,[],4.0,0.11402439743367657,1
4,78,constructive,group_2,1,[],4.0,0.10278922333666138,1
4,79,constructive,group_2,0,[],4.0,0.11743354378009538,1
4,80,constructive,group_2,1,[],4.0,0.12312116165793836,1
4,81,constructive,group_2,1,[],4.0,0.11548776907241791,1
4,82,constructive,group_2,1,[],4.0,0.11411781903942594,1
4,83,constructive,group_2,1,[],4.0,0.11779601384649278,1
4,84,constructive,group_2,1,[],4.0,0.12160004057792287,1
4,85,constructive,group_2,1,[],4.0,0.12960723884388164,1
4,86,constructive,group_2,1,[],4.0,0.11899635688051162,1
4,87,constructive,group_2,0,[],4.0,0.10572991719230633,1
4,88,constructive,group_2,0,[],4.0,0.11143615201765322,1
4,89,constructive,group_2,1,[],4.0,0.11858401454252805,1
4,90,constructive,group_2,1,[],4.0,0.11431640306889557,1
4,91,constructive,group_2,1,[],4.0,0.1197181872397652,1
4,92,constructive,group_2,0,[],4.0,0.10586705053667049,1
4,93,constructive,group_2,0,[],4.0,0.11777464932402668,1
4,94,constructive,group_2,1,[],4.0,0.11286180931890022,1
4,95,constructive,group_2,1,[],4.0,0.1197346433012211,1
4,96,constructive,group_2,1,[],4.0,0.12038876368113223,1
4,97,constructive,group_2,1,[],4.0,0.10902466128324759,1
4,98,constructive,group_2,1,[],4.0,0.10258261128549946,1
4,99,constructive,group_2,1,[],4.0,0.12070462395776131,1
4,100,constructive,group_3,1,[],4.0,0.11514731093310786,1
4,101,constructive,group_3,0,[],4.0,0.09780371851233154,1
4,102,constructive,group_3,1,[],4.0,0.11458022033248741,1
4,103,constructive,group_3,1,[],4.0,0.10547349001840085,1
4,104,constructive,group_3,1,[],4.0,0.11028733202867476,1
4,105,constructive,group_3,1,[],4.0,0.12431553257788994,1
4,106,constructive,group_3,1,[],4.0,0.10460817756551907,1
4,107,constructive,group_3,1,[],4.0,0.1097596638905229,1
4,108,constructive,group_3,2,[],4.0,0.12316986058902879,1
4,109,constructive,group_3,0,[],4.0,0.10891252663007298,1
4,110,constructive,group_3,0,[],4.0,0.10940774778728882,1
4,111,constructive,group_3,1,[],4.0,0.12001014485651025,1
4,112,constructive,group_3,1,[],4.0,0.12033164221980588,1
4,113,constructive,group_3,1,[],4.0,0.10626624990171658,1
4,114,constructive,group_3,0,[],4.0,0.12234915186283823,1
4,115,constructive,group_3,1,[],4.0,0.14251915369218757,1
4,116,constructive,group_3,1,[],4.0,0.13502733618536497,1
4,117,constructive,group_3,1,[],4.0,0.12114514152938152,1
4,118,constructive,group_3,1,[],4.0,0.10768314264854509,1
4,119,constructive,group_3,0,[],4.0,0.12178461789022117,1
4,120,constructive,group_3,0,[],4.0,0.10003360852517788,1
4,121,constructive,group_3,0,[],4.0,0.11980852657317545,1
4,122,constructive,group_3,0,[],4.0,0.11527806580349682,1
4,123,constructive,group_3,1,[],4.0,0.12736199341819793,1
4,124,constructive,group_3,1,[],4.0,0.11759821673997521,1
4,125,constructive,group_3,1,[],4.0,0.12788327437562208,1
4,126,constructive,group_3,0,[],4.0,0.1164972857143495,1
4,127,constructive,group_3,0,[],4.0,0.12374480536395549,1
4,128,constructive,group_3,1,[],4.0,0.11415942178881693,1
4,129,constructive,group_3,1,[],4.0,0.11178366624452314,1
4,130,constructive,group_3,1,[],4.0,0.11464467103851925,1
4,131,constructive,group_3,1,[],4.0,0.12747149508956118,1
4,132,constructive,group_3,1,[],4.0,0.11329103935761402,1
4,133,constructive,group_3,1,[],4.0,0.13010597369539917,1
4,134,constructive,group_3,1,[],4.0,0.12336581756377714,1
4,135,constructive,group_3,0,[],4.0,0.1179414808414964,1
4,136,constructive,group_3,1,[],4.0,0.11902383713188577,1
4,137,constructive,group_3,1,[],4.0,0.10792360811450467,1
4,138,constructive,group_3,1,[],4.0,0.12439370352491175,1
4,139,constructive,group_3,1,[],4.0,0.11997363310073543,1
4,140,constructive,group_3,1,[],4.0,0.11903421101438383,1
4,141,constructive,group_3,1,[],4.0,0.13206030359095794,1
4,142,constructive,group_3,1,[],4.0,0.13797410222154313,1
4,143,constructive,group_3,1,[],4.0,0.11262980200001105,1
4,144,constructive,group_3,1,[],4.0,0.1274643535263981,1
4,145,constructive,group_3,0,[],4.0,0.12044569094568498,1
4,146,constructive,group_3,1,[],4.0,0.12449182288926501,1
4,147,constructive,group_3,1,[],4.0,0.11591925178447324,1
4,148,constructive,group_3,0,[],4.0,0.12115291013955418,1
4,149,constructive,group_3,0,[],4.0,0.11578243859140806,1
5,0,active,group_1,1,[],5.0,0.12052740748836674,1
5,1,active,group_1,1,[],5.0,0.13937602073111915,1
5,2,active,group_1,1,[],5.0,0.12159036556931013,1
5,3,active,group_1,1,[],5.0,0.10834709988041995,1
5,4,active,group_1,1,[],5.0,0.11694026282053245,1
5,5,active,group_1,1,[],5.0,0.11371790819277403,1
5,6,active,group_1,1,[],5.0,0.11468598509198687,1
5,7,active,group_1,1,[],5.0,0.12834361640359654,1
5,8,active,group_1,1,[],5.0,0.1247769353880864,1
5,9,active,group_1,1,[],5.0,0.13166845570360267,1
5,10,active,group_1,1,[],5.0,0.13837309742624157,1
5,11,active,group_1,1,[],5.0,0.12039590220317102,1
5,12,active,group_1,1,[],5.0,0.13773853243852668,1
5,13,active,group_1,1,[],5.0,0.1333957151504343,1
5,14,active,group_1,1,[],5.0,0.14409769490877178,1
5,15,active,group_1,1,[],5.0,0.13617019324617677,1
5,16,active,group_1,1,[],5.0,0.13164666368631167,1
5,17,active,group_1,1,[],5.0,0.10954959503091691,1
5,18,active,group_1,1,[],5.0,0.13228158963133632,1
5,19,active,group_1,1,[],5.0,0.1342488597984219,1
5,20,active,group_1,1,[],5.0,0.14580895506148608,1
5,21,active,group_1,1,[],5.0,0.12348257614114548,1
5,22,active,group_1,1,[],5.0,0.12759582477492612,1
5,23,active,group_1,1,[],5.0,0.11266036050664259,1
5,24,active,group_1,1,[],5.0,0.13462616285606532,1
5,25,active,group_1,1,[],5.0,0.12903523417157486,1
5,26,active,group_1,1,[],5.0,0.12862972714489998,1
5,27,active,group_1,1,[],5.0,0.13593171605658866,1
5,28,active,group_1,1,[],5.0,0.12179596982197587,1
5,29,active,group_1,1,[],5.0,0.13437087863492927,1
5,30,active,group_1,1,[],5.0,0.11764118487154931,1
5,31,active,group_1,1,[],5.0,0.13549682110189853,1
5,32,active,group_1,1,[],5.0,0.12718132250630348,1
5,33,active,group_1,1,[],5.0,0.13675938435662924,1
5,34,active,group_1,1,[],5.0,0.12843077846056272,1
5,35,active,group_1,1,[],5.0,0.1097284122648365,1
5,36,active,group_1,1,[],5.0,0.1128252017066564,1
5,37,active,group_1,1,[],5.0,0.12938854389399224,1
5,38,active,group_1,1,[],5.0,0.13232378220802354,1
5,39,active,group_1,1,[],5.0,0.10577887908796968,1
5,40,active,group_1,1,[],5.0,0.12927491643392194,1
5,41,active,group_1,1,[],5.0,0.12006833184424123,1
5,42,active,group_1,1,[],5.0,0.1252713855534788,1
5,43,active,group_1,1,[],5.0,0.11738985733182487,1
5,44,active,group_1,1,[],5.0,0.13864062881963085,1
5,45,active,group_1,1,[],5.0,0.12242400868069256,1
5,46,active,group_1,1,[],5.0,0.13051524604611006,1
5,47,active,group_1,1,[],5.0,0.12221826343152382,1
5,48,active,group_1,1,[],5.0,0.13486986822587105,1
5,49,active,group_1,1,[],5.0,0.12766050581664265,1
5,50,constructive,group_2,2,[],5.0,0.1332419632657506,1
5,51,constructive,group_2,2,[],5.0,0.13593988701798643,1
5,52,constructive,group_2,2,[],5.0,0.14355437300185586,1
5,53,constructive,group_2,2,[],5.0,0.12941990071520834,1
5,54,constructive,group_2,2,[],5.0,0.14027079948643326,1
5,55,constructive,group_2,1,[],5.0,0.12496662733214489,1
5,56,constructive,group_2,2,[],5.0,0.14203966149952657,1
5,57,constructive,group_2,2,[],5.0,0.13704394227440037,1
5,58,constructive,group_2,2,[],5.0,0.14708679316528964,1
5,59,constructive,group_2,2,[],5.0,0.1425145589949386,1
5,60,constructive,group_2,2,[],5.0,0.14937592824571405,1
5,61,constructive,group_2,2,[],5.0,0.13515179736621788,1
5,62,constructive,group_2,2,[],5.0,0.1360837970437419,1
5,63,constructive,group_2,2,[],5.0,0.14190867543222027,1
5,64,constructive,group_2,1,[],5.0,0.09990638618252215,1
5,65,constructive,group_2,2,[],5.0,0.14784044534806356,1
5,66,constructive,group_2,2,[],5.0,0.13369482970758975,1
5,67,constructive,group_2,2,[],5.0,0.1447102333758538,1
5,68,constructive,group_2,2,[],5.0,0.13703632067587349,1
5,69,constructive,group_2,2,[],5.0,0.14304045718445063,1
5,70,constructive,group_2,2,[],5.0,0.1530737523254151,1
5,71,constructive,group_2,2,[],5.0,0.13149315030321385,1
5,72,constructive,group_2,2,[],5.0,0.13365836831474676,1
5,73,constructive,group_2,2,[],5.0,0.12358120085327103,1
5,74,constructive,group_2,2,[],5.0,0.13522493555146858,1
5,75,constructive,group_2,2,[],5.0,0.15268957853202866,1
5,76,constructive,group_2,2,[],5.0,0.14275679653725432,1
5,77,constructive,group_2,1,[],5.0,0.13300180982657317,1
5,78,constructive,group_2,2,[],5.0,0.12127718630705484,1
5,79,constructive,group_2,1,[],5.0,0.11908433009555694,1
5,80,constructive,group_2,2,[],5.0,0.14161621646715652,1
5,81,constructive,group_2,1,[],5.0,0.13472038749084775,1
5,82,constructive,group_2,1,[],5.0,0.13274550458671647,1
5,83,constructive,group_2,2,[],5.0,0.13584819956354946,1
5,84,constructive,group_2,2,[],5.0,0.14030666025177468,1
5,85,constructive,group_2,2,[],5.0,0.148667004647209,1
5,86,constructive,group_2,2,[],5.0,0.13762798013003935,1
5,87,constructive,group_2,1,[],5.0,0.10716335186833062,1
5,88,constructive,group_2,1,[],5.0,0.11282214877825994,1
5,89,constructive,group_2,1,[],5.0,0.13741997572415987,1
5,90,constructive,group_2,2,[],5.0,0.1317047484751822,1
5,91,constructive,group_2,2,[],5.0,0.1373669759692399,1
5,92,constructive,group_2,1,[],5.0,0.10730006693989422,1
5,93,constructive,group_2,1,[],5.0,0.11904312552879377,1
5,94,constructive,group_2,2,[],5.0,0.13142497334566489,1
5,95,constructive,group_2,1,[],5.0,0.1388040648287725,1
5,96,constructive,group_2,2,[],5.0,0.13831843073297434,1
5,97,constructive,group_2,2,[],5.0,0.1275859971537948,1
5,98,constructive,group_2,2,[],5.0,0.12058839884356039,1
5,99,constructive,group_2,2,[],5.0,0.13902065480337164,1
5,100,constructive,group_3,2,[],5.0,0.13433073318673278,1
5,101,constructive,group_3,1,[],5.0,0.09915275115945843,1
5,102,constructive,group_3,2,[],5.0,0.13257834404050747,1
5,103,constructive,group_3,2,[],5.0,0.12377695569998601,1
5,104,constructive,group_3,2,[],5.0,0.12785770187684073,1
5,105,constructive,group_3,2,[],5.0,0.14198366081629865,1
5,106,constructive,group_3,2,[],5.0,0.12282558146181392,1
5,107,constructive,group_3,2,[],5.0,0.1281560307467064,1
5,108,constructive,group_3,2,[],5.0,0.1318286927679154,1
5,109,constructive,group_3,1,[],5.0,0.11077762516475728,1
5,110,constructive,group_3,1,[],5.0,0.11100434296412251,1
5,111,constructive,group_3,2,[],5.0,0.13757730161022794,1
5,112,constructive,group_3,2,[],5.0,0.13796253759984706,1
5,113,constructive,group_3,2,[],5.0,0.12453495095807458,1
5,114,constructive,group_3,1,[],5.0,0.12395167850801674,1
5,115,constructive,group_3,2,[],5.0,0.1471039879719627,1
5,116,constructive,group_3,2,[],5.0,0.15294691526932544,1
5,117,constructive,group_3,2,[],5.0,0.13986098279208298,1
5,118,constructive,group_3,2,[],5.0,0.1262729655310872,1
5,119,constructive,group_3,1,[],5.0,0.12351024110587414,1
5,120,constructive,group_3,1,[],5.0,0.10152270238815171,1
5,121,constructive,group_3,1,[],5.0,0.12163447516136669,1
5,122,constructive,group_3,1,[],5.0,0.1171335993478037,1
5,123,constructive,group_3,2,[],5.0,0.14589311929114518,1
5,124,constructive,group_3,2,[],5.0,0.13595319744189355,1
5,125,constructive,group_3,1,[],5.0,0.14675798267489404,1
5,126,constructive,group_3,1,[],5.0,0.11785276859183366,1
5,127,constructive,group_3,1,[],5.0,0.12535905037895673,1
5,128,constructive,group_3,2,[],5.0,0.13262197929531508,1
5,129,constructive,group_3,2,[],5.0,0.1302173241212175,1
5,130,constructive,group_3,2,[],5.0,0.13224255035496743,1
5,131,constructive,group_3,2,[],5.0,0.1451111769087519,1
5,132,constructive,group_3,2,[],5.0,0.13112191018481925,1
5,133,constructive,group_3,2,[],5.0,0.14831948155608193,1
5,134,constructive,group_3,1,[],5.0,0.14234529321826409,1
5,135,constructive,group_3,1,[],5.0,0.11976219625736509,1
5,136,constructive,group_3,2,[],5.0,0.13785619324356682,1
5,137,constructive,group_3,2,[],5.0,0.1267326325574471,1
5,138,constructive,group_3,2,[],5.0,0.14224458022033987,1
5,139,constructive,group_3,2,[],5.0,0.13871910956473094,1
5,140,constructive,group_3,2,[],5.0,0.13734422913071742,1
5,141,constructive,group_3,2,[],5.0,0.15062123644717734,1
5,142,constructive,group_3,2,[],5.0,0.1567617112351182,1
5,143,constructive,group_3,2,[],5.0,0.13127467736423848,1
5,144,constructive,group_3,2,[],5.0,0.1461059805099004,1
5,145,constructive,group_3,1,[],5.0,0.12197091960198954,1
5,146,constructive,group_3,2,[],5.0,0.1430174113612404,1
5,147,constructive,group_3,2,[],5.0,0.13433605191210873,1
5,148,constructive,group_3,1,[],5.0,0.12277695242042852,1
5,149,constructive,group_3,1,[],5.0,0.11761706090314117,1
6,0,active,group_1,2,[],6.0,0.12718718984351166,1
6,1,active,group_1,1,[],6.0,0.14695716271260195,1
6,2,active,group_1,1,[],6.0,0.12893697203616594,1
6,3,active,group_1,1,[],6.0,0.11855202158946394,1
6,4,active,group_1,1,[],6.0,0.12642255151841106,1
6,5,active,group_1,1,[],6.0,0.12396821181070476,1
6,6,active,group_1,1,[],6.0,0.12252975614398431,1
6,7,active,group_1,1,[],6.0,0.1357534406126197,1
6,8,active,group_1,1,[],6.0,0.13257580634962213,1
6,9,active,group_1,1,[],6.0,0.13932704492888412,1
6,10,active,group_1,2,[],6.0,0.14512805905794185,1
6,11,active,group_1,1,[],6.0,0.12785510019291568,1
6,12,active,group_1,1,[],6.0,0.14609756025594894,1
6,13,active,group_1,2,[],6.0,0.1399935972418305,1
6,14,active,group_1,1,[],6.0,0.15176497422139784,1
6,15,active,group_1,1,[],6.0,0.14365061433348741,1
6,16,active,group_1,2,[],6.0,0.1381578130917267,1
6,17,active,group_1,1,[],6.0,0.11646705764241305,1
6,18,active,group_1,2,[],6.0,0.13883160762346633,1
6,19,active,group_1,1,[],6.0,0.1442327662359984,1
6,20,active,group_1,1,[],6.0,0.15336485782506176,1
6,21,active,group_1,1,[],6.0,0.13040962283185115,1
6,22,active,group_1,1,[],6.0,0.134439915814194,1
6,23,active,group_1,1,[],6.0,0.11992584217415936,1
6,24,active,group_1,2,[],6.0,0.14130451328317675,1
6,25,active,group_1,1,[],6.0,0.13899832107978638,1
6,26,active,group_1,1,[],6.0,0.13664830836350367,1
6,27,active,group_1,2,[],6.0,0.14330632603131954,1
6,28,active,group_1,1,[],6.0,0.13149766778464583,1
6,29,active,group_1,2,[],6.0,0.14098908639179547,1
6,30,active,group_1,1,[],6.0,0.1253250221426254,1
6,31,active,group_1,2,[],6.0,0.14285640147362094,1
6,32,active,group_1,1,[],6.0,0.13524300208461726,1
6,33,active,group_1,1,[],6.0,0.14649829833602487,1
6,34,active,group_1,1,[],6.0,0.13664457849542075,1
6,35,active,group_1,1,[],6.0,0.119612470304546,1
6,36,active,group_1,1,[],6.0,0.12088593604512683,1
6,37,active,group_1,1,[],6.0,0.13712226301698757,1
6,38,active,group_1,2,[],6.0,0.13945407326806306,1
6,39,active,group_1,1,[],6.0,0.11376861500633043,1
6,40,active,group_1,1,[],6.0,0.1371667446079789,1
6,41,active,group_1,1,[],6.0,0.1280318230958165,1
6,42,active,group_1,1,[],6.0,0.13508181375016579,1
6,43,active,group_1,1,[],6.0,0.12457292126823889,1
6,44,active,group_1,1,[],6.0,0.14617022378800504,1
6,45,active,group_1,1,[],6.0,0.12954275478310523,1
6,46,active,group_1,1,[],6.0,0.14058935409805576,1
6,47,active,group_1,1,[],6.0,0.12942392401652786,1
6,48,active,group_1,2,[],6.0,0.14227539994074817,1
6,49,active,group_1,1,[],6.0,0.13544423001925543,1
6,50,constructive,group_2,2,[],6.0,0.1426007113838148,1
6,51,constructive,group_2,2,[],6.0,0.1452583334556113,1
6,52,constructive,group_2,2,[],6.0,0.1531971765077314,1
6,53,constructive,group_2,2,[],6.0,0.1385724519197613,1
6,54,constructive,group_2,2,[],6.0,0.14962299048025948,1
6,55,constructive,group_2,2,[],6.0,0.145732085983404,1
6,56,constructive,group_2,2,[],6.0,0.15122767811280685,1
6,57,constructive,group_2,2,[],6.0,0.14602262163786203,1
6,58,constructive,group_2,2,[],6.0,0.1559382913147665,1
6,59,constructive,group_2,2,[],6.0,0.1515007081773093,1
6,60,constructive,group_2,2,[],6.0,0.15913995315414178,1
6,61,constructive,group_2,2,[],6.0,0.14395378238801562,1
6,62,constructive,group_2,3,[],6.0,0.14550407234131368,1
6,63,constructive,group_2,2,[],6.0,0.1505811780569214,1
6,64,constructive,group_2,2,[],6.0,0.12092181502523189,1
6,65,constructive,group_2,2,[],6.0,0.1567953767920091,1
6,66,constructive,group_2,2,[],6.0,0.14308357310551717,1
6,67,constructive,group_2,2,[],6.0,0.1540616301899369,1
6,68,constructive,group_2,2,[],6.0,0.14616357201245972,1
6,69,constructive,group_2,2,[],6.0,0.15235370523272007,1
6,70,constructive,group_2,2,[],6.0,0.16220836067637798,1
6,71,constructive,group_2,2,[],6.0,0.14119711328618173,1
6,72,constructive,group_2,2,[],6.0,0.1427366710483823,1
6,73,constructive,group_2,2,[],6.0,0.13241597468749366,1
6,74,constructive,group_2,2,[],6.0,0.14477035277948777,1
6,75,constructive,group_2,2,[],6.0,0.1616528079195511,1
6,76,constructive,group_2,2,[],6.0,0.1517527064122541,1
6,77,constructive,group_2,2,[],6.0,0.1383621922095813,1
6,78,constructive,group_2,2,[],6.0,0.13062193018030235,1
6,79,constructive,group_2,2,[],6.0,0.14025931978016698,1
6,80,constructive,group_2,2,[],6.0,0.151263791309104,1
6,81,constructive,group_2,2,[],6.0,0.14016247125157058,1
6,82,constructive,group_2,2,[],6.0,0.1374954342690094,1
6,83,constructive,group_2,2,[],6.0,0.14496314194850238,1
6,84,constructive,group_2,2,[],6.0,0.14938644163075376,1
6,85,constructive,group_2,2,[],6.0,0.15744819236472837,1
6,86,constructive,group_2,2,[],6.0,0.1463466935540923,1
6,87,constructive,group_2,2,[],6.0,0.1283034682783877,1
6,88,constructive,group_2,2,[],6.0,0.13376765530197593,1
6,89,constructive,group_2,2,[],6.0,0.1428995607841171,1
6,90,constructive,group_2,2,[],6.0,0.1409931147484858,1
6,91,constructive,group_2,2,[],6.0,0.14676161972756124,1
6,92,constructive,group_2,2,[],6.0,0.1283289468608893,1
6,93,constructive,group_2,2,[],6.0,0.14035159139912926,1
6,94,constructive,group_2,2,[],6.0,0.14034531984135495,1
6,95,constructive,group_2,2,[],6.0,0.14373089182705737,1
6,96,constructive,group_2,2,[],6.0,0.1475313178196636,1
6,97,constructive,group_2,2,[],6.0,0.13654822146257076,1
6,98,constructive,group_2,2,[],6.0,0.13040912372260427,1
6,99,constructive,group_2,2,[],6.0,0.14796775440542295,1
6,100,constructive,group_3,2,[],6.0,0.14290329879754538,1
6,101,constructive,group_3,2,[],6.0,0.12033502679076528,1
6,102,constructive,group_3,2,[],6.0,0.14173766444508135,1
6,103,constructive,group_3,2,[],6.0,0.1325675976221517,1
6,104,constructive,group_3,2,[],6.0,0.13752961145707568,1
6,105,constructive,group_3,2,[],6.0,0.15108320427786415,1
6,106,constructive,group_3,2,[],6.0,0.13266392018394962,1
6,107,constructive,group_3,2,[],6.0,0.1373918127806058,1
6,108,constructive,group_3,3,[],6.0,0.14051990234917716,1
6,109,constructive,group_3,2,[],6.0,0.13162164354702466,1
6,110,constructive,group_3,2,[],6.0,0.13219103832099102,1
6,111,constructive,group_3,2,[],6.0,0.14711431733024122,1
6,112,constructive,group_3,2,[],6.0,0.14765936982216538,1
6,113,constructive,group_3,2,[],6.0,0.13412631488181248,1
6,114,constructive,group_3,2,[],6.0,0.14495903655204612,1
6,115,constructive,group_3,2,[],6.0,0.15909171467164193,1
6,116,constructive,group_3,2,[],6.0,0.16231291732119196,1
6,117,constructive,group_3,2,[],6.0,0.14912475915572881,1
6,118,constructive,group_3,2,[],6.0,0.13505563336670548,1
6,119,constructive,group_3,2,[],6.0,0.14432947322099368,1
6,120,constructive,group_3,2,[],6.0,0.12245763043134719,1
6,121,constructive,group_3,2,[],6.0,0.14243786029801947,1
6,122,constructive,group_3,2,[],6.0,0.13803267479274783,1
6,123,constructive,group_3,2,[],6.0,0.15475812238996467,1
6,124,constructive,group_3,2,[],6.0,0.14491974043449213,1
6,125,constructive,group_3,2,[],6.0,0.15166881720343028,1
6,126,constructive,group_3,2,[],6.0,0.1391686525288033,1
6,127,constructive,group_3,2,[],6.0,0.1462339235859474,1
6,128,constructive,group_3,2,[],6.0,0.1413634898526806,1
6,129,constructive,group_3,2,[],6.0,0.1394383874962533,1
6,130,constructive,group_3,2,[],6.0,0.1416013284958509,1
6,131,constructive,group_3,2,[],6.0,0.15482633714402833,1
6,132,constructive,group_3,2,[],6.0,0.14047689375062247,1
6,133,constructive,group_3,2,[],6.0,0.1574497569845388,1
6,134,constructive,group_3,2,[],6.0,0.14737149354435702,1
6,135,constructive,group_3,2,[],6.0,0.14076825101987475,1
6,136,constructive,group_3,2,[],6.0,0.14724557028324453,1
6,137,constructive,group_3,2,[],6.0,0.1356237918810374,1
6,138,constructive,group_3,2,[],6.0,0.15196428421690913,1
6,139,constructive,group_3,2,[],6.0,0.1479418216621336,1
6,140,constructive,group_3,2,[],6.0,0.1465184111325157,1
6,141,constructive,group_3,2,[],6.0,0.16007857748852256,1
6,142,constructive,group_3,2,[],6.0,0.16586135472801655,1
6,143,constructive,group_3,2,[],6.0,0.1402751006997482,1
6,144,constructive,group_3,2,[],6.0,0.15519545264027773,1
6,145,constructive,group_3,2,[],6.0,0.14321923390053498,1
6,146,constructive,group_3,2,[],6.0,0.15199762611918108,1
6,147,constructive,group_3,2,[],6.0,0.1436400055236417,1
6,148,constructive,group_3,2,[],6.0,0.14350132819881412,1
6,149,constructive,group_3,2,[],6.0,0.13847061927295792,1
7,0,active,group_1,2,[],7.0,0.13501183073189085,1
7,1,active,group_1,2,[],7.0,0.15039439747375616,1
7,2,active,group_1,2,[],7.0,0.13201870494820805,1
7,3,active,group_1,1,[],7.0,0.12681275553731175,1
7,4,active,group_1,1,[],7.0,0.13423681501687906,1
7,5,active,group_1,1,[],7.0,0.13231738529178722,1
7,6,active,group_1,2,[],7.0,0.12607343341962982,1
7,7,active,group_1,2,[],7.0,0.13893520643809953,1
7,8,active,group_1,2,[],7.0,0.13631469562039875,1
7,9,active,group_1,2,[],7.0,0.142658863128366,1
7,10,active,group_1,2,[],7.0,0.1524718636859699,1
7,11,active,group_1,2,[],7.0,0.13128106958708247,1
7,12,active,group_1,2,[],7.0,0.1500196473974821,1
7,13,active,group_1,2,[],7.0,0.14718917469716156,1
7,14,active,group_1,2,[],7.0,0.155263532260999,1
7,15,active,group_1,2,[],7.0,0.14697877522514513,1
7,16,active,group_1,2,[],7.0,0.1455145425683535,1
7,17,active,group_1,2,[],7.0,0.1194027187270752,1
7,18,active,group_1,2,[],7.0,0.14593731131963897,1
7,19,active,group_1,1,[],7.0,0.15191129566127068,1
7,20,active,group_1,2,[],7.0,0.15658662704613716,1
7,21,active,group_1,2,[],7.0,0.13341202706397606,1
7,22,active,group_1,2,[],7.0,0.137373649821326,1
7,23,active,group_1,2,[],7.0,0.1234329757418974,1
7,24,active,group_1,2,[],7.0,0.14930916050328083,1
7,25,active,group_1,1,[],7.0,0.14718264185416643,1
7,26,active,group_1,2,[],7.0,0.14088099172952445,1
7,27,active,group_1,2,[],7.0,0.15086960807477728,1
7,28,active,group_1,1,[],7.0,0.13953754725302836,1
7,29,active,group_1,2,[],7.0,0.14877021453605638,1
7,30,active,group_1,2,[],7.0,0.12898142519399122,1
7,31,active,group_1,2,[],7.0,0.14991181511098692,1
7,32,active,group_1,2,[],7.0,0.13925579541273778,1
7,33,active,group_1,1,[],7.0,0.1543584984982676,1
7,34,active,group_1,2,[],7.0,0.14077533018975324,1
7,35,active,group_1,1,[],7.0,0.12776688581887918,1
7,36,active,group_1,2,[],7.0,0.12512156131076063,1
7,37,active,group_1,2,[],7.0,0.14062111663022653,1
7,38,active,group_1,2,[],7.0,0.14670458877986794,1
7,39,active,group_1,2,[],7.0,0.11809371724576563,1
7,40,active,group_1,2,[],7.0,0.14084911204320574,1
7,41,active,group_1,2,[],7.0,0.13194922294148645,1
7,42,active,group_1,1,[],7.0,0.1430862716655332,1
7,43,active,group_1,2,[],7.0,0.12785699631747202,1
7,44,active,group_1,2,[],7.0,0.1492059971364671,1
7,45,active,group_1,2,[],7.0,0.13262503070220033,1
7,46,active,group_1,1,[],7.0,0.14854960655687868,1
7,47,active,group_1,2,[],7.0,0.13253513473552553,1
7,48,active,group_1,2,[],7.0,0.14964038131709875,1
7,49,active,group_1,2,[],7.0,0.13892522305788232,1
7,50,constructive,group_2,3,[],7.0,0.15080515234250363,1
7,51,constructive,group_2,3,[],7.0,0.1542570069188686,1
7,52,constructive,group_2,3,[],7.0,0.16336069099327893,1
7,53,constructive,group_2,3,[],7.0,0.1482378047741912,1
7,54,constructive,group_2,3,[],7.0,0.15949273406800085,1
7,55,constructive,group_2,2,[],7.0,0.15467155720644415,1
7,56,constructive,group_2,3,[],7.0,0.15939015842627885,1
7,57,constructive,group_2,3,[],7.0,0.1549519368019495,1
7,58,constructive,group_2,3,[],7.0,0.16435936120463565,1
7,59,constructive,group_2,3,[],7.0,0.16088197936960918,1
7,60,constructive,group_2,3,[],7.0,0.16951214651298027,1
7,61,constructive,group_2,3,[],7.0,0.15301218977499625,1
7,62,constructive,group_2,3,[],7.0,0.1514512370792364,1
7,63,constructive,group_2,3,[],7.0,0.15905092870112186,1
7,64,constructive,group_2,2,[],7.0,0.12961234728770737,1
7,65,constructive,group_2,3,[],7.0,0.16584455428557626,1
7,66,constructive,group_2,3,[],7.0,0.15220753003014675,1
7,67,constructive,group_2,3,[],7.0,0.16261920501774832,1
7,68,constructive,group_2,3,[],7.0,0.1552701255983308,1
7,69,constructive,group_2,3,[],7.0,0.16076781663532358,1
7,70,constructive,group_2,3,[],7.0,0.1704871963860528,1
7,71,constructive,group_2,3,[],7.0,0.15106656971640037,1
7,72,constructive,group_2,2,[],7.0,0.1524815471013888,1
7,73,constructive,group_2,3,[],7.0,0.14048041013470933,1
7,74,constructive,group_2,3,[],7.0,0.1541969833333526,1
7,75,constructive,group_2,3,[],7.0,0.17083486302454962,1
7,76,constructive,group_2,3,[],7.0,0.16034253778373025,1
7,77,constructive,group_2,2,[],7.0,0.15029325470044497,1
7,78,constructive,group_2,3,[],7.0,0.1392008568152751,1
7,79,constructive,group_2,2,[],7.0,0.1494712684703965,1
7,80,constructive,group_2,3,[],7.0,0.1613215610891521,1
7,81,constructive,group_2,2,[],7.0,0.15160490537588273,1
7,82,constructive,group_2,2,[],7.0,0.14954229524829912,1
7,83,constructive,group_2,3,[],7.0,0.15448487192578259,1
7,84,constructive,group_2,2,[],7.0,0.15899151987473664,1
7,85,constructive,group_2,3,[],7.0,0.166108332012644,1
7,86,constructive,group_2,3,[],7.0,0.15538561783380342,1
7,87,constructive,group_2,2,[],7.0,0.13750204986071368,1
7,88,constructive,group_2,2,[],7.0,0.1430674283762237,1
7,89,constructive,group_2,2,[],7.0,0.15502304729520086,1
7,90,constructive,group_2,3,[],7.0,0.15023530307238817,1
7,91,constructive,group_2,3,[],7.0,0.15601343692061817,1
7,92,constructive,group_2,2,[],7.0,0.13721581096622387,1
7,93,constructive,group_2,2,[],7.0,0.14953338606329214,1
7,94,constructive,group_2,2,[],7.0,0.14974275987831537,1
7,95,constructive,group_2,2,[],7.0,0.15531923079483392,1
7,96,constructive,group_2,3,[],7.0,0.1569701692883844,1
7,97,constructive,group_2,3,[],7.0,0.14546989661095666,1
7,98,constructive,group_2,3,[],7.0,0.14071112091494598,1
7,99,constructive,group_2,3,[],7.0,0.15727918821503592,1
7,100,constructive,group_3,3,[],7.0,0.1513939581202922,1
7,101,constructive,group_3,2,[],7.0,0.12922355487192755,1
7,102,constructive,group_3,2,[],7.0,0.15148802223967806,1
7,103,constructive,group_3,3,[],7.0,0.1413668275801192,1
7,104,constructive,group_3,3,[],7.0,0.14765034655606393,1
7,105,constructive,group_3,3,[],7.0,0.16055806258193298,1
7,106,constructive,group_3,3,[],7.0,0.1429907144169666,1
7,107,constructive,group_3,3,[],7.0,0.14684491914036274,1
7,108,constructive,group_3,3,[],7.0,0.14714651608301615,1
7,109,constructive,group_3,2,[],7.0,0.14121346106917593,1
7,110,constructive,group_3,2,[],7.0,0.1414937510932605,1
7,111,constructive,group_3,3,[],7.0,0.1572669874662626,1
7,112,constructive,group_3,3,[],7.0,0.15731421512041938,1
7,113,constructive,group_3,3,[],7.0,0.1435826664754774,1
7,114,constructive,group_3,2,[],7.0,0.15441023651444585,1
7,115,constructive,group_3,3,[],7.0,0.1679514869415139,1
7,116,constructive,group_3,3,[],7.0,0.17042376686978508,1
7,117,constructive,group_3,3,[],7.0,0.15782943883517472,1
7,118,constructive,group_3,2,[],7.0,0.1443047188406193,1
7,119,constructive,group_3,2,[],7.0,0.1534356429759705,1
7,120,constructive,group_3,2,[],7.0,0.13147164081399584,1
7,121,constructive,group_3,2,[],7.0,0.1515807129228585,1
7,122,constructive,group_3,2,[],7.0,0.1474630547842942,1
7,123,constructive,group_3,3,[],7.0,0.16366148860402843,1
7,124,constructive,group_3,2,[],7.0,0.1544942583151894,1
7,125,constructive,group_3,2,[],7.0,0.16393840005089497,1
7,126,constructive,group_3,2,[],7.0,0.1488852740533762,1
7,127,constructive,group_3,2,[],7.0,0.1559804998401238,1
7,128,constructive,group_3,3,[],7.0,0.1497463504267626,1
7,129,constructive,group_3,3,[],7.0,0.14906637661727878,1
7,130,constructive,group_3,2,[],7.0,0.15171843847830646,1
7,131,constructive,group_3,3,[],7.0,0.1642800225479341,1
7,132,constructive,group_3,3,[],7.0,0.14900892588798784,1
7,133,constructive,group_3,3,[],7.0,0.16631805259327845,1
7,134,constructive,group_3,2,[],7.0,0.15979421958961826,1
7,135,constructive,group_3,2,[],7.0,0.14948102433710606,1
7,136,constructive,group_3,3,[],7.0,0.15706545517769133,1
7,137,constructive,group_3,2,[],7.0,0.1450386437561761,1
7,138,constructive,group_3,3,[],7.0,0.16155008432568502,1
7,139,constructive,group_3,3,[],7.0,0.15759194960972803,1
7,140,constructive,group_3,3,[],7.0,0.1557007018513161,1
7,141,constructive,group_3,3,[],7.0,0.1697533957485058,1
7,142,constructive,group_3,3,[],7.0,0.17506537806089742,1
7,143,constructive,group_3,2,[],7.0,0.14978593608023985,1
7,144,constructive,group_3,3,[],7.0,0.16360484376595932,1
7,145,constructive,group_3,2,[],7.0,0.15253847698153739,1
7,146,constructive,group_3,3,[],7.0,0.16072274897712008,1
7,147,constructive,group_3,2,[],7.0,0.1536927404593703,1
7,148,constructive,group_3,2,[],7.0,0.15249103725231697,1
7,149,constructive,group_3,2,[],7.0,0.14740945893875307,1
8,0,active,group_1,2,[],8.0,0.141609443017945,1
8,1,active,group_1,2,[],8.0,0.15829005759939613,1
8,2,active,group_1,2,[],8.0,0.139708066650935,1
8,3,active,group_1,2,[],8.0,0.13063048940846217,1
8,4,active,group_1,2,[],8.0,0.1382373438033976,1
8,5,active,group_1,2,[],8.0,0.13625126670770424,1
8,6,active,group_1,2,[],8.0,0.13350728775113693,1
8,7,active,group_1,2,[],8.0,0.14689623207546362,1
8,8,active,group_1,2,[],8.0,0.14463189568068366,1
8,9,active,group_1,2,[],8.0,0.15051121933520054,1
8,10,active,group_1,2,[],8.0,0.15874122790729023,1
8,11,active,group_1,2,[],8.0,0.139345729979381,1
8,12,active,group_1,2,[],8.0,0.15748383436251048,1
8,13,active,group_1,2,[],8.0,0.15331899014707281,1
8,14,active,group_1,2,[],8.0,0.16314078985244682,1
8,15,active,group_1,2,[],8.0,0.15441958005989947,1
8,16,active,group_1,2,[],8.0,0.15172350932850204,1
8,17,active,group_1,2,[],8.0,0.12723187353586068,1
8,18,active,group_1,2,[],8.0,0.15197757697047304,1
8,19,active,group_1,2,[],8.0,0.15505385401664165,1
8,20,active,group_1,2,[],8.0,0.16488927244363663,1
8,21,active,group_1,2,[],8.0,0.14113490343166635,1
8,22,active,group_1,2,[],8.0,0.1453580050623969,1
8,23,active,group_1,2,[],8.0,0.13125779328701476,1
8,24,active,group_1,2,[],8.0,0.15610827787342058,1
8,25,active,group_1,2,[],8.0,0.15122441928350938,1
8,26,active,group_1,2,[],8.0,0.1484875094754638,1
8,27,active,group_1,2,[],8.0,0.15716339815459118,1
8,28,active,group_1,2,[],8.0,0.14371026071423942,1
8,29,active,group_1,2,[],8.0,0.1554014165052885,1
8,30,active,group_1,2,[],8.0,0.1364706592176524,1
8,31,active,group_1,2,[],8.0,0.15591569562828095,1
8,32,active,group_1,2,[],8.0,0.14674732385616535,1
8,33,active,group_1,2,[],8.0,0.1580547779316837,1
8,34,active,group_1,2,[],8.0,0.14869094746218828,1
8,35,active,group_1,2,[],8.0,0.1318821619938306,1
8,36,active,group_1,2,[],8.0,0.13283614225911006,1
8,37,active,group_1,2,[],8.0,0.14813568254079243,1
8,38,active,group_1,2,[],8.0,0.15278732796525826,1
8,39,active,group_1,2,[],8.0,0.12615514882837955,1
8,40,active,group_1,2,[],8.0,0.14891399079353934,1
8,41,active,group_1,2,[],8.0,0.1394230572609932,1
8,42,active,group_1,2,[],8.0,0.146970052132615,1
8,43,active,group_1,2,[],8.0,0.1360367117127081,1
8,44,active,group_1,2,[],8.0,0.15679001815730034,1
8,45,active,group_1,2,[],8.0,0.14063651602934635,1
8,46,active,group_1,2,[],8.0,0.15200407071139274,1
8,47,active,group_1,2,[],8.0,0.14065757416191388,1
8,48,active,group_1,2,[],8.0,0.1557858655333715,1
8,49,active,group_1,2,[],8.0,0.1464220192328133,1
8,50,constructive,group_2,3,[],8.0,0.156989917235354,1
8,51,constructive,group_2,3,[],8.0,0.16090734224290704,1
8,52,constructive,group_2,3,[],8.0,0.1695969569411086,1
8,53,constructive,group_2,3,[],8.0,0.15435871274015084,1
8,54,constructive,group_2,3,[],8.0,0.1659770301320484,1
8,55,constructive,group_2,3,[],8.0,0.16354937355752414,1
8,56,constructive,group_2,3,[],8.0,0.16613564084498927,1
8,57,constructive,group_2,3,[],8.0,0.16108951199047544,1
8,58,constructive,group_2,3,[],8.0,0.1700934808837022,1
8,59,constructive,group_2,3,[],8.0,0.1668845857320158,1
8,60,constructive,group_2,3,[],8.0,0.17636700292822388,1
8,61,constructive,group_2,3,[],8.0,0.15860201850701777,1
8,62,constructive,group_2,3,[],8.0,0.157300485025614,1
8,63,constructive,group_2,3,[],8.0,0.16504327876640687,1
8,64,constructive,group_2,3,[],8.0,0.13798997509770397,1
8,65,constructive,group_2,3,[],8.0,0.17183597357587216,1
8,66,constructive,group_2,3,[],8.0,0.15828279094720815,1
8,67,constructive,group_2,3,[],8.0,0.16813294227453981,1
8,68,constructive,group_2,3,[],8.0,0.161918490469181,1
8,69,constructive,group_2,3,[],8.0,0.16744424953569936,1
8,70,constructive,group_2,3,[],8.0,0.17656457673951093,1
8,71,constructive,group_2,3,[],8.0,0.1569470969590188,1
8,72,constructive,group_2,3,[],8.0,0.1568105997428459,1
8,73,constructive,group_2,3,[],8.0,0.14657953177044716,1
8,74,constructive,group_2,3,[],8.0,0.15950932161063083,1
8,75,constructive,group_2,3,[],8.0,0.17698859637317194,1
8,76,constructive,group_2,3,[],8.0,0.16596323926179307,1
8,77,constructive,group_2,3,[],8.0,0.16028633376876192,1
8,78,constructive,group_2,3,[],8.0,0.1453112583705463,1
8,79,constructive,group_2,3,[],8.0,0.15789575004477396,1
8,80,constructive,group_2,3,[],8.0,0.1673910544219058,1
8,81,constructive,group_2,3,[],8.0,0.15937459433010953,1
8,82,constructive,group_2,3,[],8.0,0.1578147793541124,1
8,83,constructive,group_2,3,[],8.0,0.16049499911564302,1
8,84,constructive,group_2,3,[],8.0,0.16300999503955324,1
8,85,constructive,group_2,3,[],8.0,0.17196575421654287,1
8,86,constructive,group_2,3,[],8.0,0.16168302099992796,1
8,87,constructive,group_2,3,[],8.0,0.14609687237750724,1
8,88,constructive,group_2,3,[],8.0,0.15267175216414655,1
8,89,constructive,group_2,3,[],8.0,0.16494897030544237,1
8,90,constructive,group_2,3,[],8.0,0.156837566433005,1
8,91,constructive,group_2,3,[],8.0,0.16259518465270936,1
8,92,constructive,group_2,3,[],8.0,0.14631775624958926,1
8,93,constructive,group_2,3,[],8.0,0.15792311756583666,1
8,94,constructive,group_2,3,[],8.0,0.15374319155790758,1
8,95,constructive,group_2,3,[],8.0,0.16311335114343944,1
8,96,constructive,group_2,3,[],8.0,0.16288128217027303,1
8,97,constructive,group_2,3,[],8.0,0.15186910561729272,1
8,98,constructive,group_2,3,[],8.0,0.1470243833833812,1
8,99,constructive,group_2,3,[],8.0,0.16380551945412752,1
8,100,constructive,group_3,3,[],8.0,0.15733768880424992,1
8,101,constructive,group_3,3,[],8.0,0.13762024952639879,1
8,102,constructive,group_3,3,[],8.0,0.15557226848691352,1
8,103,constructive,group_3,3,[],8.0,0.14746563377004224,1
8,104,constructive,group_3,3,[],8.0,0.1537546111544782,1
8,105,constructive,group_3,3,[],8.0,0.1668377539326567,1
8,106,constructive,group_3,3,[],8.0,0.14910467947116202,1
8,107,constructive,group_3,3,[],8.0,0.15286780062166505,1
8,108,constructive,group_3,3,[],8.0,0.1532000408008076,1
8,109,constructive,group_3,3,[],8.0,0.15131015768236636,1
8,110,constructive,group_3,3,[],8.0,0.15048010190107275,1
8,111,constructive,group_3,3,[],8.0,0.16328385820434338,1
8,112,constructive,group_3,3,[],8.0,0.163873473763817,1
8,113,constructive,group_3,3,[],8.0,0.14941204886941162,1
8,114,constructive,group_3,3,[],8.0,0.16325883801131663,1
8,115,constructive,group_3,3,[],8.0,0.1740416097865215,1
8,116,constructive,group_3,3,[],8.0,0.17649704430502405,1
8,117,constructive,group_3,3,[],8.0,0.16413267991210118,1
8,118,constructive,group_3,3,[],8.0,0.14829301065750605,1
8,119,constructive,group_3,3,[],8.0,0.16233833975115408,1
8,120,constructive,group_3,3,[],8.0,0.14047443353194233,1
8,121,constructive,group_3,3,[],8.0,0.15981758274658375,1
8,122,constructive,group_3,3,[],8.0,0.15663485198336696,1
8,123,constructive,group_3,3,[],8.0,0.1697194794036337,1
8,124,constructive,group_3,3,[],8.0,0.1587512303240251,1
8,125,constructive,group_3,3,[],8.0,0.17247659507220442,1
8,126,constructive,group_3,3,[],8.0,0.15912236993533324,1
8,127,constructive,group_3,3,[],8.0,0.1663333895001718,1
8,128,constructive,group_3,3,[],8.0,0.1554430410846501,1
8,129,constructive,group_3,3,[],8.0,0.15475153627797184,1
8,130,constructive,group_3,3,[],8.0,0.15612210512566652,1
8,131,constructive,group_3,3,[],8.0,0.17008432898469475,1
8,132,constructive,group_3,3,[],8.0,0.15482562553960683,1
8,133,constructive,group_3,3,[],8.0,0.17227303775863537,1
8,134,constructive,group_3,3,[],8.0,0.1691896421745755,1
8,135,constructive,group_3,3,[],8.0,0.15831518204618572,1
8,136,constructive,group_3,3,[],8.0,0.16293004000565156,1
8,137,constructive,group_3,3,[],8.0,0.149102254331909,1
8,138,constructive,group_3,3,[],8.0,0.16785378223913694,1
8,139,constructive,group_3,3,[],8.0,0.16325893775746778,1
8,140,constructive,group_3,3,[],8.0,0.16241825446913422,1
8,141,constructive,group_3,3,[],8.0,0.17636834278235836,1
8,142,constructive,group_3,3,[],8.0,0.18105532561426488,1
8,143,constructive,group_3,3,[],8.0,0.15378705400117332,1
8,144,constructive,group_3,3,[],8.0,0.169896316676205,1
8,145,constructive,group_3,3,[],8.0,0.16209422189306877,1
8,146,constructive,group_3,3,[],8.0,0.1668943563710283,1
8,147,constructive,group_3,3,[],8.0,0.15820524136337255,1
8,148,constructive,group_3,3,[],8.0,0.16173332666967982,1
8,149,constructive,group_3,2,[],8.0,0.156871930954238,1
9,0,active,group_1,3,[],9.0,0.14561847394942662,1
9,1,active,group_1,2,[],9.0,0.16463695052270697,1
9,2,active,group_1,2,[],9.0,0.14626133840686778,1
9,3,active,group_1,2,[],9.0,0.13866219602637092,1
9,4,active,group_1,2,[],9.0,0.14658257448675646,1
9,5,active,group_1,2,[],9.0,0.14424739689506172,1
9,6,active,group_1,2,[],9.0,0.13979685009534137,1
9,7,active,group_1,2,[],9.0,0.15368698092756852,1
9,8,active,group_1,2,[],9.0,0.15170333906530836,1
9,9,active,group_1,2,[],9.0,0.15698801198109602,1
9,10,active,group_1,3,[],9.0,0.1629037787319857,1
9,11,active,group_1,2,[],9.0,0.14601523403168004,1
9,12,active,group_1,2,[],9.0,0.16359749779695748,1
9,13,active,group_1,3,[],9.0,0.15733888355025744,1
9,14,active,group_1,2,[],9.0,0.1695445958369353,1
9,15,active,group_1,2,[],9.0,0.16075744845983647,1
9,16,active,group_1,3,[],9.0,0.15558618155369758,1
9,17,active,group_1,2,[],9.0,0.1338790725646576,1
9,18,active,group_1,3,[],9.0,0.15590166053542692,1
9,19,active,group_1,2,[],9.0,0.16293787361873877,1
9,20,active,group_1,2,[],9.0,0.17193729740522196,1
9,21,active,group_1,2,[],9.0,0.14772689417687018,1
9,22,active,group_1,2,[],9.0,0.15211964466438632,1
9,23,active,group_1,2,[],9.0,0.13793475324133037,1
9,24,active,group_1,3,[],9.0,0.16039973851486147,1
9,25,active,group_1,2,[],9.0,0.15948533108653015,1
9,26,active,group_1,2,[],9.0,0.1549724557895329,1
9,27,active,group_1,3,[],9.0,0.16084357643563907,1
9,28,active,group_1,2,[],9.0,0.15158700390580407,1
9,29,active,group_1,3,[],9.0,0.159722785293563,1
9,30,active,group_1,2,[],9.0,0.1428201486166459,1
9,31,active,group_1,3,[],9.0,0.15984487579680534,1
9,32,active,group_1,2,[],9.0,0.15315001644839754,1
9,33,active,group_1,2,[],9.0,0.1657027110205836,1
9,34,active,group_1,2,[],9.0,0.15534879671951274,1
9,35,active,group_1,2,[],9.0,0.1396616014734719,1
9,36,active,group_1,2,[],9.0,0.13941744198210332,1
9,37,active,group_1,2,[],9.0,0.15454478941091973,1
9,38,active,group_1,3,[],9.0,0.15650227173815118,1
9,39,active,group_1,2,[],9.0,0.13295424675651954,1
9,40,active,group_1,2,[],9.0,0.15577620157462918,1
9,41,active,group_1,2,[],9.0,0.14576301529320995,1
9,42,active,group_1,2,[],9.0,0.15510904914728635,1
9,43,active,group_1,2,[],9.0,0.14300167040535702,1
9,44,active,group_1,2,[],9.0,0.16292942687913425,1
9,45,active,group_1,2,[],9.0,0.14746780972079096,1
9,46,active,group_1,2,[],9.0,0.15998156815846742,1
9,47,active,group_1,2,[],9.0,0.1475558502909799,1
9,48,active,group_1,3,[],9.0,0.15944911300184092,1
9,49,active,group_1,2,[],9.0,0.15280560284908426,1
9,50,constructive,group_2,3,[],9.0,0.16302112448525227,1
9,51,constructive,group_2,3,[],9.0,0.16702167144753988,1
9,52,constructive,group_2,3,[],9.0,0.17565311527764288,1
9,53,constructive,group_2,3,[],9.0,0.15955545241345842,1
9,54,constructive,group_2,3,[],9.0,0.17203201581548708,1
9,55,constructive,group_2,3,[],9.0,0.16983400969662404,1
9,56,constructive,group_2,3,[],9.0,0.17267498598487793,1
9,57,constructive,group_2,3,[],9.0,0.16723583251475543,1
9,58,constructive,group_2,3,[],9.0,0.17493388007126243,1
9,59,constructive,group_2,3,[],9.0,0.1723597038534253,1
9,60,constructive,group_2,3,[],9.0,0.18289523459063667,1
9,61,constructive,group_2,3,[],9.0,0.16386807090652017,1
9,62,constructive,group_2,4,[],9.0,0.1619004873277429,1
9,63,constructive,group_2,3,[],9.0,0.17091041615839997,1
9,64,constructive,group_2,3,[],9.0,0.14343092954481168,1
9,65,constructive,group_2,3,[],9.0,0.17739760534865917,1
9,66,constructive,group_2,3,[],9.0,0.16404767947947568,1
9,67,constructive,group_2,3,[],9.0,0.17319887832737427,1
9,68,constructive,group_2,3,[],9.0,0.16835690157730382,1
9,69,constructive,group_2,3,[],9.0,0.17380617926392758,1
9,70,constructive,group_2,3,[],9.0,0.18257862664135105,1
9,71,constructive,group_2,3,[],9.0,0.1623732253537492,1
9,72,constructive,group_2,3,[],9.0,0.1629104877947017,1
9,73,constructive,group_2,3,[],9.0,0.1520121607425336,1
9,74,constructive,group_2,3,[],9.0,0.16425435672121286,1
9,75,constructive,group_2,3,[],9.0,0.18289072519297783,1
9,76,constructive,group_2,3,[],9.0,0.17128588961980326,1
9,77,constructive,group_2,3,[],9.0,0.16628212275038248,1
9,78,constructive,group_2,3,[],9.0,0.15123789436439317,1
9,79,constructive,group_2,3,[],9.0,0.1642328646262964,1
9,80,constructive,group_2,3,[],9.0,0.1734175957925492,1
9,81,constructive,group_2,3,[],9.0,0.1660477629558153,1
9,82,constructive,group_2,3,[],9.0,0.1638409271061136,1
9,83,constructive,group_2,3,[],9.0,0.16647098464927063,1
9,84,constructive,group_2,3,[],9.0,0.16910001704099636,1
9,85,constructive,group_2,3,[],9.0,0.17764390413083128,1
9,86,constructive,group_2,3,[],9.0,0.1674334206598215,1
9,87,constructive,group_2,3,[],9.0,0.1523906456629324,1
9,88,constructive,group_2,3,[],9.0,0.15874494422854515,1
9,89,constructive,group_2,3,[],9.0,0.17164596270103769,1
9,90,constructive,group_2,3,[],9.0,0.16272784923076294,1
9,91,constructive,group_2,3,[],9.0,0.168449328099405,1
9,92,constructive,group_2,3,[],9.0,0.15259066629014784,1
9,93,constructive,group_2,3,[],9.0,0.16355999302118004,1
9,94,constructive,group_2,3,[],9.0,0.15918094038544117,1
9,95,constructive,group_2,3,[],9.0,0.1688878332156937,1
9,96,constructive,group_2,3,[],9.0,0.168022431896294,1
9,97,constructive,group_2,3,[],9.0,0.15789336201789506,1
9,98,constructive,group_2,3,[],9.0,0.15256969018081248,1
9,99,constructive,group_2,3,[],9.0,0.1703593373674096,1
9,100,constructive,group_3,3,[],9.0,0.16254388996345298,1
9,101,constructive,group_3,3,[],9.0,0.14404614597652593,1
9,102,constructive,group_3,3,[],9.0,0.16212829326448408,1
9,103,constructive,group_3,3,[],9.0,0.15352598208831014,1
9,104,constructive,group_3,3,[],9.0,0.15933794447332955,1
9,105,constructive,group_3,3,[],9.0,0.17245864679431838,1
9,106,constructive,group_3,3,[],9.0,0.1550138757461298,1
9,107,constructive,group_3,3,[],9.0,0.15837561512652887,1
9,108,constructive,group_3,3,[],9.0,0.1586095151094012,1
9,109,constructive,group_3,3,[],9.0,0.15747795077116414,1
9,110,constructive,group_3,3,[],9.0,0.15683467705883872,1
9,111,constructive,group_3,3,[],9.0,0.16872202183624257,1
9,112,constructive,group_3,3,[],9.0,0.169891452994369,1
9,113,constructive,group_3,3,[],9.0,0.15470995123838305,1
9,114,constructive,group_3,3,[],9.0,0.16908315873108765,1
9,115,constructive,group_3,3,[],9.0,0.17917088674560874,1
9,116,constructive,group_3,3,[],9.0,0.18239684222540467,1
9,117,constructive,group_3,3,[],9.0,0.1704685106613594,1
9,118,constructive,group_3,3,[],9.0,0.15418349603644305,1
9,119,constructive,group_3,3,[],9.0,0.16844579974803403,1
9,120,constructive,group_3,3,[],9.0,0.1470602950010021,1
9,121,constructive,group_3,3,[],9.0,0.16518746587096192,1
9,122,constructive,group_3,3,[],9.0,0.16226967354023786,1
9,123,constructive,group_3,3,[],9.0,0.1756244139914626,1
9,124,constructive,group_3,3,[],9.0,0.1645349803008646,1
9,125,constructive,group_3,3,[],9.0,0.1791979848983397,1
9,126,constructive,group_3,3,[],9.0,0.16576314711859555,1
9,127,constructive,group_3,3,[],9.0,0.1721504261552967,1
9,128,constructive,group_3,3,[],9.0,0.16044998481201517,1
9,129,constructive,group_3,3,[],9.0,0.16023654419226924,1
9,130,constructive,group_3,3,[],9.0,0.16155973577066268,1
9,131,constructive,group_3,3,[],9.0,0.17563765548412022,1
9,132,constructive,group_3,3,[],9.0,0.16036297230103808,1
9,133,constructive,group_3,3,[],9.0,0.178136147422604,1
9,134,constructive,group_3,3,[],9.0,0.17555039775259923,1
9,135,constructive,group_3,3,[],9.0,0.16419370768392694,1
9,136,constructive,group_3,3,[],9.0,0.16849183170768645,1
9,137,constructive,group_3,3,[],9.0,0.1553101126417819,1
9,138,constructive,group_3,3,[],9.0,0.17354554679373366,1
9,139,constructive,group_3,3,[],9.0,0.1685761921035761,1
9,140,constructive,group_3,3,[],9.0,0.1685975204146387,1
9,141,constructive,group_3,3,[],9.0,0.18273847733629242,1
9,142,constructive,group_3,3,[],9.0,0.1863738406725279,1
9,143,constructive,group_3,3,[],9.0,0.1602537883004323,1
9,144,constructive,group_3,3,[],9.0,0.1753447235610046,1
9,145,constructive,group_3,3,[],9.0,0.1688087426851026,1
9,146,constructive,group_3,3,[],9.0,0.17307676224492508,1
9,147,constructive,group_3,3,[],9.0,0.16419254963001087,1
9,148,constructive,group_3,3,[],9.0,0.16830381921082244,1
9,149,constructive,group_3,3,[],9.0,0.16090758329620797,1
10,0,active,group_1,3,[],10.0,0.15226929341865256,1
10,1,active,group_1,3,[],10.0,0.16794634127805325,1
10,2,active,group_1,3,[],10.0,0.15053409068443135,1
10,3,active,group_1,2,[],10.0,0.14546106872218054,1
10,4,active,group_1,2,[],10.0,0.15367319481247815,1
10,5,active,group_1,2,[],10.0,0.15104691063774972,1
10,6,active,group_1,3,[],10.0,0.14374082147292977,1
10,7,active,group_1,3,[],10.0,0.15823151368420077,1
10,8,active,group_1,3,[],10.0,0.15621850383487684,1
10,9,active,group_1,3,[],10.0,0.16061436134637902,1
10,10,active,group_1,3,[],10.0,0.16919982541892037,1
10,11,active,group_1,3,[],10.0,0.1497367597091708,1
10,12,active,group_1,3,[],10.0,0.16702908782489895,1
10,13,active,group_1,3,[],10.0,0.1634335057431095,1
10,14,active,group_1,3,[],10.0,0.17298268708398964,1
10,15,active,group_1,3,[],10.0,0.16488520096609138,1
10,16,active,group_1,3,[],10.0,0.16147911356173883,1
10,17,active,group_1,3,[],10.0,0.13807557034920687,1
10,18,active,group_1,3,[],10.0,0.16221907908598393,1
10,19,active,group_1,2,[],10.0,0.16932237370898112,1
10,20,active,group_1,3,[],10.0,0.1763513847212093,1
10,21,active,group_1,3,[],10.0,0.15210717001191568,1
10,22,active,group_1,2,[],10.0,0.15702341817415202,1
10,23,active,group_1,3,[],10.0,0.1425647710727988,1
10,24,active,group_1,3,[],10.0,0.1661857124183566,1
10,25,active,group_1,2,[],10.0,0.16650318231802483,1
10,26,active,group_1,3,[],10.0,0.1592167003873886,1
10,27,active,group_1,3,[],10.0,0.16678944431833792,1
10,28,active,group_1,2,[],10.0,0.15823991561288653,1
10,29,active,group_1,3,[],10.0,0.16605395077682025,1
10,30,active,group_1,3,[],10.0,0.14683478378240525,1
10,31,active,group_1,3,[],10.0,0.16712843090152457,1
10,32,active,group_1,3,[],10.0,0.15745671870593342,1
10,33,active,group_1,2,[],10.0,0.171836528965073,1
10,34,active,group_1,3,[],10.0,0.15933415946661753,1
10,35,active,group_1,2,[],10.0,0.146293467500648,1
10,36,active,group_1,3,[],10.0,0.14375561347374352,1
10,37,active,group_1,3,[],10.0,0.1587577379234783,1
10,38,active,group_1,3,[],10.0,0.1638361683331946,1
10,39,active,group_1,3,[],10.0,0.1370540018279983,1
10,40,active,group_1,3,[],10.0,0.16017831546355496,1
10,41,active,group_1,3,[],10.0,0.14978568189681038,1
10,42,active,group_1,2,[],10.0,0.16201437499055077,1
10,43,active,group_1,3,[],10.0,0.14772359876914898,1
10,44,active,group_1,3,[],10.0,0.1662499831601733,1
10,45,active,group_1,3,[],10.0,0.1520128335906739,1
10,46,active,group_1,2,[],10.0,0.1666497094137733,1
10,47,active,group_1,3,[],10.0,0.15189904553670944,1
10,48,active,group_1,3,[],10.0,0.16523891125394172,1
10,49,active,group_1,3,[],10.0,0.15694903945469482,1
10,50,constructive,group_2,3,[],10.0,0.16798254958247272,1
10,51,constructive,group_2,3,[],10.0,0.17247398815953843,1
10,52,constructive,group_2,3,[],10.0,0.1806217879572552,1
10,53,constructive,group_2,3,[],10.0,0.16413899728613968,1
10,54,constructive,group_2,3,[],10.0,0.17731849891589582,1
10,55,constructive,group_2,3,[],10.0,0.17596805220939932,1
10,56,constructive,group_2,3,[],10.0,0.17827376229758782,1
10,57,constructive,group_2,4,[],10.0,0.17185058109515433,1
10,58,constructive,group_2,3,[],10.0,0.17908248694899218,1
10,59,constructive,group_2,3,[],10.0,0.17704647486512876,1
10,60,constructive,group_2,3,[],10.0,0.18856089382779834,1
10,61,constructive,group_2,3,[],10.0,0.16799737053531677,1
10,62,constructive,group_2,4,[],10.0,0.16798157751961104,1
10,63,constructive,group_2,4,[],10.0,0.1755065727314445,1
10,64,constructive,group_2,3,[],10.0,0.14837606392473718,1
10,65,constructive,group_2,3,[],10.0,0.18210953066353058,1
10,66,constructive,group_2,3,[],10.0,0.1689165781501047,1
10,67,constructive,group_2,3,[],10.0,0.1773523643050962,1
10,68,constructive,group_2,3,[],10.0,0.17383036242644764,1
10,69,constructive,group_2,3,[],10.0,0.1792948518527274,1
10,70,constructive,group_2,4,[],10.0,0.18727365030601534,1
10,71,constructive,group_2,3,[],10.0,0.16698326119924817,1
10,72,constructive,group_2,3,[],10.0,0.16886384401640336,1
10,73,constructive,group_2,3,[],10.0,0.1567987689813515,1
10,74,constructive,group_2,3,[],10.0,0.16812128469610643,1
10,75,constructive,group_2,3,[],10.0,0.1878430771821419,1
10,76,constructive,group_2,3,[],10.0,0.17559473991738858,1
10,77,constructive,group_2,3,[],10.0,0.17199022384907706,1
10,78,constructive,group_2,3,[],10.0,0.15606166557635817,1
10,79,constructive,group_2,3,[],10.0,0.17040796848815082,1
10,80,constructive,group_2,4,[],10.0,0.1781005847951111,1
10,81,constructive,group_2,3,[],10.0,0.17242877650298738,1
10,82,constructive,group_2,3,[],10.0,0.16973547663457028,1
10,83,constructive,group_2,4,[],10.0,0.17081287031050935,1
10,84,constructive,group_2,3,[],10.0,0.17492520423583297,1
10,85,constructive,group_2,4,[],10.0,0.18201310929907316,1
10,86,constructive,group_2,3,[],10.0,0.17248788348567606,1
10,87,constructive,group_2,3,[],10.0,0.15792049107974251,1
10,88,constructive,group_2,3,[],10.0,0.16444816956172778,1
10,89,constructive,group_2,3,[],10.0,0.17793004337365664,1
10,90,constructive,group_2,3,[],10.0,0.16803426789158488,1
10,91,constructive,group_2,3,[],10.0,0.17370363594429167,1
10,92,constructive,group_2,3,[],10.0,0.1582349218495193,1
10,93,constructive,group_2,3,[],10.0,0.16888017420655657,1
10,94,constructive,group_2,3,[],10.0,0.16424008086409664,1
10,95,constructive,group_2,3,[],10.0,0.1743596188999202,1
10,96,constructive,group_2,3,[],10.0,0.1724922917089669,1
10,97,constructive,group_2,3,[],10.0,0.1631587721344267,1
10,98,constructive,group_2,3,[],10.0,0.15749278063239205,1
10,99,constructive,group_2,4,[],10.0,0.17559474604105782,1
10,100,constructive,group_3,3,[],10.0,0.1670553565258855,1
10,101,constructive,group_3,3,[],10.0,0.14957707695368025,1
10,102,constructive,group_3,3,[],10.0,0.1683538299503226,1
10,103,constructive,group_3,4,[],10.0,0.15818344711720309,1
10,104,constructive,group_3,3,[],10.0,0.164176273448775,1
10,105,constructive,group_3,3,[],10.0,0.1773815721763286,1
10,106,constructive,group_3,3,[],10.0,0.15992663326431453,1
10,107,constructive,group_3,3,[],10.0,0.16308514454471684,1
10,108,constructive,group_3,4,[],10.0,0.16187703320054805,1
10,109,constructive,group_3,3,[],10.0,0.16340800710972925,1
10,110,constructive,group_3,3,[],10.0,0.16245992366991716,1
10,111,constructive,group_3,3,[],10.0,0.17342585897881324,1
10,112,constructive,group_3,3,[],10.0,0.1751809364940506,1
10,113,constructive,group_3,3,[],10.0,0.15926418906934453,1
10,114,constructive,group_3,3,[],10.0,0.17451627307025935,1
10,115,constructive,group_3,3,[],10.0,0.1836689705404394,1
10,116,constructive,group_3,3,[],10.0,0.18727718061648005,1
10,117,constructive,group_3,4,[],10.0,0.1753406560802299,1
10,118,constructive,group_3,3,[],10.0,0.15995079172059085,1
10,119,constructive,group_3,3,[],10.0,0.1743044623442949,1
10,120,constructive,group_3,3,[],10.0,0.15350857336196766,1
10,121,constructive,group_3,3,[],10.0,0.170054944055599,1
10,122,constructive,group_3,3,[],10.0,0.16731249119926814,1
10,123,constructive,group_3,4,[],10.0,0.18034651805745422,1
10,124,constructive,group_3,3,[],10.0,0.16995541298041034,1
10,125,constructive,group_3,3,[],10.0,0.18536898227070428,1
10,126,constructive,group_3,3,[],10.0,0.17181183410938816,1
10,127,constructive,group_3,3,[],10.0,0.17775618384844952,1
10,128,constructive,group_3,3,[],10.0,0.1647271037058134,1
10,129,constructive,group_3,4,[],10.0,0.1644721403535535,1
10,130,constructive,group_3,3,[],10.0,0.166431091099831,1
10,131,constructive,group_3,3,[],10.0,0.1800879231216544,1
10,132,constructive,group_3,3,[],10.0,0.16489501259286515,1
10,133,constructive,group_3,4,[],10.0,0.18262556674859448,1
10,134,constructive,group_3,3,[],10.0,0.18190438964312464,1
10,135,constructive,group_3,3,[],10.0,0.16968818436644428,1
10,136,constructive,group_3,3,[],10.0,0.1730898257871188,1
10,137,constructive,group_3,3,[],10.0,0.16112966382881105,1
10,138,constructive,group_3,3,[],10.0,0.17856831796496755,1
10,139,constructive,group_3,3,[],10.0,0.17293974974284898,1
10,140,constructive,group_3,3,[],10.0,0.17405887075649476,1
10,141,constructive,group_3,3,[],10.0,0.1881831427522278,1
10,142,constructive,group_3,3,[],10.0,0.1909904884443148,1
10,143,constructive,group_3,3,[],10.0,0.16578464120676964,1
10,144,constructive,group_3,3,[],10.0,0.18017662948744695,1
10,145,constructive,group_3,3,[],10.0,0.1749018034451916,1
10,146,constructive,group_3,4,[],10.0,0.17770954617081133,1
10,147,constructive,group_3,3,[],10.0,0.16981593739077416,1
10,148,constructive,group_3,3,[],10.0,0.1742919657236868,1
10,149,constructive,group_3,3,[],10.0,0.16709226321542245,1
11,0,active,group_1,3,[],11.0,0.1577226991118092,1
11,1,active,group_1,3,[],11.0,0.17457551586439266,1
11,2,active,group_1,3,[],11.0,0.15661828088132382,1
11,3,active,group_1,3,[],11.0,0.149649376133905,1
11,4,active,group_1,3,[],11.0,0.1581618148813883,1
11,5,active,group_1,3,[],11.0,0.15538078921576742,1
11,6,active,group_1,3,[],11.0,0.14958887569124774,1
11,7,active,group_1,3,[],11.0,0.16485007682266356,1
11,8,active,group_1,3,[],11.0,0.1627998797046481,1
11,9,active,group_1,3,[],11.0,0.166529126757943,1
11,10,active,group_1,3,[],11.0,0.1746205643182751,1
11,11,active,group_1,3,[],11.0,0.15631965676952145,1
11,12,active,group_1,3,[],11.0,0.173399421855098,1
11,13,active,group_1,3,[],11.0,0.16868390613414236,1
11,14,active,group_1,3,[],11.0,0.17885246679733277,1
11,15,active,group_1,3,[],11.0,0.17088561277683278,1
11,16,active,group_1,3,[],11.0,0.16643932857913782,1
11,17,active,group_1,3,[],11.0,0.14353196705623233,1
11,18,active,group_1,3,[],11.0,0.1676339353877131,1
11,19,active,group_1,3,[],11.0,0.1727147773201167,1
11,20,active,group_1,3,[],11.0,0.1830757013458389,1
11,21,active,group_1,3,[],11.0,0.15875597888467036,1
11,22,active,group_1,3,[],11.0,0.15931536070941166,1
11,23,active,group_1,3,[],11.0,0.14862325165540566,1
11,24,active,group_1,3,[],11.0,0.1711746023363789,1
11,25,active,group_1,3,[],11.0,0.171356872300849,1
11,26,active,group_1,3,[],11.0,0.16563387842349248,1
11,27,active,group_1,3,[],11.0,0.17191438498898715,1
11,28,active,group_1,3,[],11.0,0.16230850733531094,1
11,29,active,group_1,3,[],11.0,0.17149705891880587,1
11,30,active,group_1,3,[],11.0,0.15332946625132435,1
11,31,active,group_1,3,[],11.0,0.17320126666410587,1
11,32,active,group_1,3,[],11.0,0.16383574787944422,1
11,33,active,group_1,3,[],11.0,0.17506867502955076,1
11,34,active,group_1,3,[],11.0,0.16516111488428126,1
11,35,active,group_1,3,[],11.0,0.15063052479468578,1
11,36,active,group_1,3,[],11.0,0.14959500812762888,1
11,37,active,group_1,3,[],11.0,0.1650427642467687,1
11,38,active,group_1,3,[],11.0,0.16996828577746056,1
11,39,active,group_1,3,[],11.0,0.14282125119492367,1
11,40,active,group_1,3,[],11.0,0.16643386196473015,1
11,41,active,group_1,3,[],11.0,0.15627523981980612,1
11,42,active,group_1,3,[],11.0,0.16632459563446894,1
11,43,active,group_1,3,[],11.0,0.15430923431564994,1
11,44,active,group_1,3,[],11.0,0.17267721382020357,1
11,45,active,group_1,3,[],11.0,0.1581004841392346,1
11,46,active,group_1,3,[],11.0,0.1705292166179652,1
11,47,active,group_1,3,[],11.0,0.15786772187883075,1
11,48,active,group_1,3,[],11.0,0.17023574874692182,1
11,49,active,group_1,3,[],11.0,0.16383797190551228,1
11,50,constructive,group_2,4,[],11.0,0.17054179027310915,1
11,51,constructive,group_2,4,[],11.0,0.17571427875190207,1
11,52,constructive,group_2,4,[],11.0,0.18317955161191848,1
11,53,constructive,group_2,4,[],11.0,0.16735950554140594,1
11,54,constructive,group_2,4,[],11.0,0.18036557169500445,1
11,55,constructive,group_2,3,[],11.0,0.1810697613362171,1
11,56,constructive,group_2,4,[],11.0,0.18113388330957603,1
11,57,constructive,group_2,4,[],11.0,0.1775993573994358,1
11,58,constructive,group_2,3,[],11.0,0.18200111783718456,1
11,59,constructive,group_2,4,[],11.0,0.1799287910884982,1
11,60,constructive,group_2,4,[],11.0,0.19155340883447086,1
11,61,constructive,group_2,4,[],11.0,0.17022492738715572,1
11,62,constructive,group_2,4,[],11.0,0.1730435181330042,1
11,63,constructive,group_2,4,[],11.0,0.1817515799091715,1
11,64,constructive,group_2,3,[],11.0,0.15242504454614392,1
11,65,constructive,group_2,4,[],11.0,0.18489543615431958,1
11,66,constructive,group_2,4,[],11.0,0.17166263267474602,1
11,67,constructive,group_2,4,[],11.0,0.1798393318037316,1
11,68,constructive,group_2,4,[],11.0,0.1766448186415949,1
11,69,constructive,group_2,4,[],11.0,0.18223840479205053,1
11,70,constructive,group_2,4,[],11.0,0.19275855280341705,1
11,71,constructive,group_2,4,[],11.0,0.16977380653351723,1
11,72,constructive,group_2,3,[],11.0,0.17371342808093354,1
11,73,constructive,group_2,4,[],11.0,0.15993606035868402,1
11,74,constructive,group_2,4,[],11.0,0.17054180953929068,1
11,75,constructive,group_2,4,[],11.0,0.19054313769279707,1
11,76,constructive,group_2,4,[],11.0,0.17800104228940333,1
11,77,constructive,group_2,3,[],11.0,0.1766840346505993,1
11,78,constructive,group_2,4,[],11.0,0.15855807499626526,1
11,79,constructive,group_2,3,[],11.0,0.1755350322826835,1
11,80,constructive,group_2,4,[],11.0,0.18356744516147244,1
11,81,constructive,group_2,3,[],11.0,0.17793790644544555,1
11,82,constructive,group_2,4,[],11.0,0.17441404052411266,1
11,83,constructive,group_2,4,[],11.0,0.17591257841121072,1
11,84,constructive,group_2,3,[],11.0,0.17980809432978545,1
11,85,constructive,group_2,4,[],11.0,0.187710700105174,1
11,86,constructive,group_2,4,[],11.0,0.17560040685223471,1
11,87,constructive,group_2,3,[],11.0,0.16282345032107687,1
11,88,constructive,group_2,3,[],11.0,0.16932878182267896,1
11,89,constructive,group_2,3,[],11.0,0.1834234486815008,1
11,90,constructive,group_2,4,[],11.0,0.17140948691559194,1
11,91,constructive,group_2,4,[],11.0,0.1770568301791828,1
11,92,constructive,group_2,3,[],11.0,0.16321620987719715,1
11,93,constructive,group_2,3,[],11.0,0.1732095151621913,1
11,94,constructive,group_2,3,[],11.0,0.16828231016066947,1
11,95,constructive,group_2,3,[],11.0,0.17871488676691866,1
11,96,constructive,group_2,4,[],11.0,0.17552711086275924,1
11,97,constructive,group_2,4,[],11.0,0.1661852954373484,1
11,98,constructive,group_2,4,[],11.0,0.1607498227041046,1
11,99,constructive,group_2,4,[],11.0,0.1818280855031646,1
11,100,constructive,group_3,4,[],11.0,0.17006581019227102,1
11,101,constructive,group_3,3,[],11.0,0.1545108653356173,1
11,102,constructive,group_3,3,[],11.0,0.17370415471994177,1
11,103,constructive,group_3,4,[],11.0,0.16331467680111578,1
11,104,constructive,group_3,4,[],11.0,0.16715594608677992,1
11,105,constructive,group_3,4,[],11.0,0.18050362094024106,1
11,106,constructive,group_3,4,[],11.0,0.16255244870657018,1
11,107,constructive,group_3,4,[],11.0,0.16596024400634848,1
11,108,constructive,group_3,4,[],11.0,0.16719960650615853,1
11,109,constructive,group_3,3,[],11.0,0.16830297911789818,1
11,110,constructive,group_3,3,[],11.0,0.16746232308488243,1
11,111,constructive,group_3,4,[],11.0,0.17639507384814623,1
11,112,constructive,group_3,4,[],11.0,0.1783197890648561,1
11,113,constructive,group_3,4,[],11.0,0.16214259092096367,1
11,114,constructive,group_3,3,[],11.0,0.17907752545218608,1
11,115,constructive,group_3,3,[],11.0,0.18685011192046672,1
11,116,constructive,group_3,4,[],11.0,0.1898590162802681,1
11,117,constructive,group_3,4,[],11.0,0.18050525746011475,1
11,118,constructive,group_3,4,[],11.0,0.16442113731422855,1
11,119,constructive,group_3,3,[],11.0,0.17916340785668522,1
11,120,constructive,group_3,3,[],11.0,0.1589161516192888,1
11,121,constructive,group_3,3,[],11.0,0.17398105840192168,1
11,122,constructive,group_3,3,[],11.0,0.17155257358759343,1
11,123,constructive,group_3,4,[],11.0,0.18578041027146397,1
11,124,constructive,group_3,3,[],11.0,0.1744791296643776,1
11,125,constructive,group_3,3,[],11.0,0.19085878458531333,1
11,126,constructive,group_3,3,[],11.0,0.17717139049963446,1
11,127,constructive,group_3,4,[],11.0,0.1820882677321723,1
11,128,constructive,group_3,4,[],11.0,0.1675718901358452,1
11,129,constructive,group_3,4,[],11.0,0.17014642740481742,1
11,130,constructive,group_3,3,[],11.0,0.17047187440431935,1
11,131,constructive,group_3,4,[],11.0,0.18246276883839838,1
11,132,constructive,group_3,4,[],11.0,0.16739917690284284,1
11,133,constructive,group_3,4,[],11.0,0.18860129925170593,1
11,134,constructive,group_3,4,[],11.0,0.1869402988767018,1
11,135,constructive,group_3,3,[],11.0,0.17431936827284214,1
11,136,constructive,group_3,4,[],11.0,0.17566792909413115,1
11,137,constructive,group_3,3,[],11.0,0.16607843697392627,1
11,138,constructive,group_3,4,[],11.0,0.1817306966943915,1
11,139,constructive,group_3,4,[],11.0,0.1754461803671813,1
11,140,constructive,group_3,4,[],11.0,0.17724498945321682,1
11,141,constructive,group_3,4,[],11.0,0.1910402532085335,1
11,142,constructive,group_3,4,[],11.0,0.19400476136750003,1
11,143,constructive,group_3,3,[],11.0,0.1707273552111648,1
11,144,constructive,group_3,4,[],11.0,0.18344578706454176,1
11,145,constructive,group_3,3,[],11.0,0.18032886047295968,1
11,146,constructive,group_3,4,[],11.0,0.18298071647439162,1
11,147,constructive,group_3,3,[],11.0,0.1744939018602877,1
11,148,constructive,group_3,3,[],11.0,0.17962941767536797,1
11,149,constructive,group_3,3,[],11.0,0.17324133626969446,1
12,0,active,group_1,3,[],12.0,0.16226017429707645,1
12,1,active,group_1,3,[],12.0,0.18026872149704765,1
12,2,active,group_1,3,[],12.0,0.1618628794484814,1
12,3,active,group_1,3,[],12.0,0.15563722780940864,1
12,4,active,group_1,3,[],12.0,0.16458378151746808,1
12,5,active,group_1,3,[],12.0,0.16152880166656314,1
12,6,active,group_1,3,[],12.0,0.1546341938049472,1
12,7,active,group_1,3,[],12.0,0.17053987450664548,1
12,8,active,group_1,3,[],12.0,0.16845864987938058,1
12,9,active,group_1,3,[],12.0,0.1716138762048485,1
12,10,active,group_1,3,[],12.0,0.1785826933639783,1
12,11,active,group_1,3,[],12.0,0.1619192348816742,1
12,12,active,group_1,3,[],12.0,0.1788798024147476,1
12,13,active,group_1,3,[],12.0,0.1726664714193085,1
12,14,active,group_1,3,[],12.0,0.18390990245256858,1
12,15,active,group_1,3,[],12.0,0.17605139270295972,1
12,16,active,group_1,3,[],12.0,0.17054249739711108,1
12,17,active,group_1,3,[],12.0,0.14824900331161892,1
12,18,active,group_1,3,[],12.0,0.17182507770351194,1
12,19,active,group_1,3,[],12.0,0.178533180670686,1
12,20,active,group_1,3,[],12.0,0.18882406722278053,1
12,21,active,group_1,3,[],12.0,0.16440142562853405,1
12,22,active,group_1,3,[],12.0,0.16541614488426956,1
12,23,active,group_1,3,[],12.0,0.1538457427679401,1
12,24,active,group_1,3,[],12.0,0.17485562441814256,1
12,25,active,group_1,3,[],12.0,0.17761866783150249,1
12,26,active,group_1,3,[],12.0,0.17115400555020682,1
12,27,active,group_1,3,[],12.0,0.1756837252944692,1
12,28,active,group_1,3,[],12.0,0.16842601819764158,1
12,29,active,group_1,3,[],12.0,0.17562173841032253,1
12,30,active,group_1,3,[],12.0,0.15883833798007085,1
12,31,active,group_1,3,[],12.0,0.17801618306527117,1
12,32,active,group_1,3,[],12.0,0.1693257004091515,1
12,33,active,group_1,3,[],12.0,0.1818462471130835,1
12,34,active,group_1,3,[],12.0,0.17016993047944515,1
12,35,active,group_1,3,[],12.0,0.15740420475177835,1
12,36,active,group_1,3,[],12.0,0.15462748394268275,1
12,37,active,group_1,3,[],12.0,0.17044588197771837,1
12,38,active,group_1,3,[],12.0,0.17479088221198616,1
12,39,active,group_1,3,[],12.0,0.14773435018868813,1
12,40,active,group_1,3,[],12.0,0.17178434543814242,1
12,41,active,group_1,3,[],12.0,0.1617808587964472,1
12,42,active,group_1,3,[],12.0,0.1724913015583801,1
12,43,active,group_1,3,[],12.0,0.15994262172136103,1
12,44,active,group_1,3,[],12.0,0.17805778438374256,1
12,45,active,group_1,3,[],12.0,0.16332361174240834,1
12,46,active,group_1,3,[],12.0,0.1762590135768431,1
12,47,active,group_1,3,[],12.0,0.16300197782725864,1
12,48,active,group_1,3,[],12.0,0.17397695963844872,1
12,49,active,group_1,3,[],12.0,0.1695511217173016,1
12,50,constructive,group_2,4,[],12.0,0.17654171759924422,1
12,51,constructive,group_2,4,[],12.0,0.18207657322509035,1
12,52,constructive,group_2,4,[],12.0,0.18854995226399957,1
12,53,constructive,group_2,4,[],12.0,0.1731101419985734,1
12,54,constructive,group_2,4,[],12.0,0.18546630375347312,1
12,55,constructive,group_2,4,[],12.0,0.18370371837495264,1
12,56,constructive,group_2,4,[],12.0,0.1865608557501101,1
12,57,constructive,group_2,4,[],12.0,0.18249469991268308,1
12,58,constructive,group_2,4,[],12.0,0.18357236364659568,1
12,59,constructive,group_2,4,[],12.0,0.18601666987119497,1
12,60,constructive,group_2,4,[],12.0,0.1968266069664385,1
12,61,constructive,group_2,4,[],12.0,0.1756388829480775,1
12,62,constructive,group_2,4,[],12.0,0.17755402677554916,1
12,63,constructive,group_2,4,[],12.0,0.18689850065154484,1
12,64,constructive,group_2,4,[],12.0,0.1548952138969366,1
12,65,constructive,group_2,4,[],12.0,0.19033925896101672,1
12,66,constructive,group_2,4,[],12.0,0.17789747532329014,1
12,67,constructive,group_2,4,[],12.0,0.18616109288919785,1
12,68,constructive,group_2,4,[],12.0,0.18234790147438387,1
12,69,constructive,group_2,4,[],12.0,0.18839398909714758,1
12,70,constructive,group_2,4,[],12.0,0.1976055275169841,1
12,71,constructive,group_2,4,[],12.0,0.1754355161284538,1
12,72,constructive,group_2,4,[],12.0,0.17620355207849275,1
12,73,constructive,group_2,4,[],12.0,0.1654119448168954,1
12,74,constructive,group_2,4,[],12.0,0.17568942767024698,1
12,75,constructive,group_2,4,[],12.0,0.19630639446368914,1
12,76,constructive,group_2,4,[],12.0,0.1830611865558249,1
12,77,constructive,group_2,4,[],12.0,0.17924895059509863,1
12,78,constructive,group_2,4,[],12.0,0.163737109302219,1
12,79,constructive,group_2,4,[],12.0,0.17816822293340712,1
12,80,constructive,group_2,4,[],12.0,0.18868415465565605,1
12,81,constructive,group_2,4,[],12.0,0.1808773491957384,1
12,82,constructive,group_2,4,[],12.0,0.18047830668164133,1
12,83,constructive,group_2,4,[],12.0,0.18045571124965373,1
12,84,constructive,group_2,4,[],12.0,0.18249686136771212,1
12,85,constructive,group_2,4,[],12.0,0.19273902998510511,1
12,86,constructive,group_2,4,[],12.0,0.18157152284578776,1
12,87,constructive,group_2,4,[],12.0,0.1660669728869551,1
12,88,constructive,group_2,4,[],12.0,0.17217539839182525,1
12,89,constructive,group_2,4,[],12.0,0.1864883039768463,1
12,90,constructive,group_2,4,[],12.0,0.177503721096391,1
12,91,constructive,group_2,4,[],12.0,0.18280519328897077,1
12,92,constructive,group_2,4,[],12.0,0.16638050926043646,1
12,93,constructive,group_2,4,[],12.0,0.17565306735438954,1
12,94,constructive,group_2,4,[],12.0,0.17058872016701354,1
12,95,constructive,group_2,4,[],12.0,0.18105681455826153,1
12,96,constructive,group_2,4,[],12.0,0.1813199429595357,1
12,97,constructive,group_2,4,[],12.0,0.17152682821997178,1
12,98,constructive,group_2,4,[],12.0,0.16647335047649575,1
12,99,constructive,group_2,4,[],12.0,0.18707771155908165,1
12,100,constructive,group_3,4,[],12.0,0.17616735234393444,1
12,101,constructive,group_3,4,[],12.0,0.15785882613636093,1
12,102,constructive,group_3,4,[],12.0,0.17662130139947366,1
12,103,constructive,group_3,4,[],12.0,0.16799258529263233,1
12,104,constructive,group_3,4,[],12.0,0.17315909124408985,1
12,105,constructive,group_3,4,[],12.0,0.18639074707687342,1
12,106,constructive,group_3,4,[],12.0,0.1687414509511006,1
12,107,constructive,group_3,4,[],12.0,0.17142688179277712,1
12,108,constructive,group_3,4,[],12.0,0.1719857380908049,1
12,109,constructive,group_3,4,[],12.0,0.17090311115961127,1
12,110,constructive,group_3,4,[],12.0,0.170724601477974,1
12,111,constructive,group_3,4,[],12.0,0.18234743007058024,1
12,112,constructive,group_3,4,[],12.0,0.18381399087284073,1
12,113,constructive,group_3,4,[],12.0,0.16817387615745247,1
12,114,constructive,group_3,4,[],12.0,0.18176475846556625,1
12,115,constructive,group_3,4,[],12.0,0.18851215617839356,1
12,116,constructive,group_3,4,[],12.0,0.19600404735767896,1
12,117,constructive,group_3,4,[],12.0,0.18531170514038214,1
12,118,constructive,group_3,4,[],12.0,0.16969336391433776,1
12,119,constructive,group_3,4,[],12.0,0.18178606747720566,1
12,120,constructive,group_3,4,[],12.0,0.16162149804198078,1
12,121,constructive,group_3,4,[],12.0,0.17634524008183763,1
12,122,constructive,group_3,4,[],12.0,0.1742558290042402,1
12,123,constructive,group_3,4,[],12.0,0.19041702702293586,1
12,124,constructive,group_3,4,[],12.0,0.17711460763626935,1
12,125,constructive,group_3,4,[],12.0,0.19409321264347115,1
12,126,constructive,group_3,4,[],12.0,0.18039008186234237,1
12,127,constructive,group_3,4,[],12.0,0.18771323177144456,1
12,128,constructive,group_3,4,[],12.0,0.17347583264111316,1
12,129,constructive,group_3,4,[],12.0,0.17488527629240463,1
12,130,constructive,group_3,4,[],12.0,0.1730344099647312,1
12,131,constructive,group_3,4,[],12.0,0.1881056888316645,1
12,132,constructive,group_3,4,[],12.0,0.17284637068008085,1
12,133,constructive,group_3,4,[],12.0,0.19374280191113322,1
12,134,constructive,group_3,4,[],12.0,0.19235912981428088,1
12,135,constructive,group_3,4,[],12.0,0.17704011317472068,1
12,136,constructive,group_3,4,[],12.0,0.18092944894322457,1
12,137,constructive,group_3,4,[],12.0,0.168909811127259,1
12,138,constructive,group_3,4,[],12.0,0.18741739374989652,1
12,139,constructive,group_3,4,[],12.0,0.1812811155406816,1
12,140,constructive,group_3,4,[],12.0,0.1824538312776552,1
12,141,constructive,group_3,4,[],12.0,0.19644677348790812,1
12,142,constructive,group_3,4,[],12.0,0.20009694148790175,1
12,143,constructive,group_3,4,[],12.0,0.17410720770630397,1
12,144,constructive,group_3,4,[],12.0,0.18965867212537954,1
12,145,constructive,group_3,4,[],12.0,0.18359921034158572,1
12,146,constructive,group_3,4,[],12.0,0.18777271632126846,1
12,147,constructive,group_3,4,[],12.0,0.1771466865383823,1
12,148,constructive,group_3,4,[],12.0,0.1828789435769444,1
12,149,constructive,group_3,4,[],12.0,0.1780446316603984,1
13,0,active,group_1,4,[],13.0,0.16523084639167326,1
13,1,active,group_1,3,[],13.0,0.18429474131182283,1
13,2,active,group_1,3,[],13.0,0.1657816907006961,1
13,3,active,group_1,3,[],13.0,0.1607597353422025,1
13,4,active,group_1,3,[],13.0,0.1701021159531974,1
13,5,active,group_1,3,[],13.0,0.16681209311917342,1
13,6,active,group_1,3,[],13.0,0.15848653389423456,1
13,7,active,group_1,3,[],13.0,0.17466211774170798,1
13,8,active,group_1,3,[],13.0,0.1725937331618262,1
13,9,active,group_1,3,[],13.0,0.17526589854947627,1
13,10,active,group_1,4,[],13.0,0.18065067612375757,1
13,11,active,group_1,3,[],13.0,0.16631007567072423,1
13,12,active,group_1,3,[],13.0,0.18283361559557734,1
13,13,active,group_1,4,[],13.0,0.17489033279161711,1
13,14,active,group_1,3,[],13.0,0.18782529291890035,1
13,15,active,group_1,3,[],13.0,0.18003437813271653,1
13,16,active,group_1,3,[],13.0,0.17326519739340013,1
13,17,active,group_1,3,[],13.0,0.15186134273629162,1
13,18,active,group_1,4,[],13.0,0.17421566238510872,1
13,19,active,group_1,3,[],13.0,0.18355499710541243,1
13,20,active,group_1,3,[],13.0,0.19320616941901572,1
13,21,active,group_1,3,[],13.0,0.16883585206021773,1
13,22,active,group_1,3,[],13.0,0.1706213800592658,1
13,23,active,group_1,3,[],13.0,0.15771363415686887,1
13,24,active,group_1,4,[],13.0,0.17686394285735046,1
13,25,active,group_1,3,[],13.0,0.1830116287404974,1
13,26,active,group_1,3,[],13.0,0.17513667037170047,1
13,27,active,group_1,4,[],13.0,0.17771124389896747,1
13,28,active,group_1,3,[],13.0,0.17365948754577362,1
13,29,active,group_1,4,[],13.0,0.17789117208820612,1
13,30,active,group_1,3,[],13.0,0.1632133375019539,1
13,31,active,group_1,4,[],13.0,0.18076009340709998,1
13,32,active,group_1,3,[],13.0,0.1733229040530722,1
13,33,active,group_1,3,[],13.0,0.18757411310198982,1
13,34,active,group_1,3,[],13.0,0.17411721467490757,1
13,35,active,group_1,3,[],13.0,0.16293007878789195,1
13,36,active,group_1,3,[],13.0,0.15852528230800372,1
13,37,active,group_1,3,[],13.0,0.17455982755979768,1
13,38,active,group_1,4,[],13.0,0.17748730582030414,1
13,39,active,group_1,3,[],13.0,0.15173149401387276,1
13,40,active,group_1,3,[],13.0,0.17598048404900873,1
13,41,active,group_1,3,[],13.0,0.16615219314524657,1
13,42,active,group_1,3,[],13.0,0.17779502970462108,1
13,43,active,group_1,3,[],13.0,0.16426580956193876,1
13,44,active,group_1,3,[],13.0,0.18245580131471917,1
13,45,active,group_1,3,[],13.0,0.16740849636919647,1
13,46,active,group_1,3,[],13.0,0.1811950853073612,1
13,47,active,group_1,3,[],13.0,0.1669938817509344,1
13,48,active,group_1,4,[],13.0,0.17606115126843738,1
13,49,active,group_1,3,[],13.0,0.1742007112161032,1
13,50,constructive,group_2,4,[],13.0,0.18181439516337744,1
13,51,constructive,group_2,4,[],13.0,0.18775283142351146,1
13,52,constructive,group_2,4,[],13.0,0.19371590106641504,1
13,53,constructive,group_2,4,[],13.0,0.17839326358401497,1
13,54,constructive,group_2,4,[],13.0,0.19004537893217138,1
13,55,constructive,group_2,4,[],13.0,0.18967408832255467,1
13,56,constructive,group_2,4,[],13.0,0.1915974553575065,1
13,57,constructive,group_2,4,[],13.0,0.18676647226575988,1
13,58,constructive,group_2,4,[],13.0,0.1895121104376523,1
13,59,constructive,group_2,4,[],13.0,0.19135369022620363,1
13,60,constructive,group_2,4,[],13.0,0.2016881575749947,1
13,61,constructive,group_2,4,[],13.0,0.18037636996583797,1
13,62,constructive,group_2,4,[],13.0,0.18086399692733712,1
13,63,constructive,group_2,4,[],13.0,0.19152675543980682,1
13,64,constructive,group_2,4,[],13.0,0.1601464550110307,1
13,65,constructive,group_2,4,[],13.0,0.19542433894259337,1
13,66,constructive,group_2,4,[],13.0,0.18342448062883204,1
13,67,constructive,group_2,4,[],13.0,0.1916013438417424,1
13,68,constructive,group_2,4,[],13.0,0.18730926446790258,1
13,69,constructive,group_2,4,[],13.0,0.19368128482107952,1
13,70,constructive,group_2,4,[],13.0,0.2017702334603896,1
13,71,constructive,group_2,4,[],13.0,0.18059668157019948,1
13,72,constructive,group_2,4,[],13.0,0.18159391346226572,1
13,73,constructive,group_2,4,[],13.0,0.17009203816931,1
13,74,constructive,group_2,4,[],13.0,0.18042017143227315,1
13,75,constructive,group_2,4,[],13.0,0.20130086558707264,1
13,76,constructive,group_2,4,[],13.0,0.18743903964473363,1
13,77,constructive,group_2,4,[],13.0,0.18538770606944824,1
13,78,constructive,group_2,4,[],13.0,0.16822783340150188,1
13,79,constructive,group_2,4,[],13.0,0.18373108445657924,1
13,80,constructive,group_2,4,[],13.0,0.19311198716584554,1
13,81,constructive,group_2,4,[],13.0,0.18649352191048,1
13,82,constructive,group_2,4,[],13.0,0.1853759447565997,1
13,83,constructive,group_2,4,[],13.0,0.18413445804157327,1
13,84,constructive,group_2,4,[],13.0,0.18785201544088684,1
13,85,constructive,group_2,4,[],13.0,0.1971673781509483,1
13,86,constructive,group_2,4,[],13.0,0.1867668275737678,1
13,87,constructive,group_2,4,[],13.0,0.17203625100917547,1
13,88,constructive,group_2,4,[],13.0,0.178220677190964,1
13,89,constructive,group_2,4,[],13.0,0.1919444192441829,1
13,90,constructive,group_2,4,[],13.0,0.18287510842598484,1
13,91,constructive,group_2,4,[],13.0,0.18795411599872552,1
13,92,constructive,group_2,4,[],13.0,0.17258451611475692,1
13,93,constructive,group_2,4,[],13.0,0.18109875131104233,1
13,94,constructive,group_2,4,[],13.0,0.1756955343092293,1
13,95,constructive,group_2,4,[],13.0,0.18661781628146504,1
13,96,constructive,group_2,4,[],13.0,0.1867249741036709,1
13,97,constructive,group_2,4,[],13.0,0.1764595726453418,1
13,98,constructive,group_2,4,[],13.0,0.1714079809177328,1
13,99,constructive,group_2,4,[],13.0,0.1918467159393739,1
13,100,constructive,group_3,4,[],13.0,0.18151977983840345,1
13,101,constructive,group_3,4,[],13.0,0.16302320239902857,1
13,102,constructive,group_3,4,[],13.0,0.18224387168794756,1
13,103,constructive,group_3,4,[],13.0,0.17181089490725707,1
13,104,constructive,group_3,4,[],13.0,0.17865841239101268,1
13,105,constructive,group_3,4,[],13.0,0.19163618719735948,1
13,106,constructive,group_3,4,[],13.0,0.1738911086946557,1
13,107,constructive,group_3,4,[],13.0,0.17640276827794962,1
13,108,constructive,group_3,4,[],13.0,0.17602356938378705,1
13,109,constructive,group_3,4,[],13.0,0.17685908379513365,1
13,110,constructive,group_3,4,[],13.0,0.17651506871670547,1
13,111,constructive,group_3,4,[],13.0,0.1872243443271688,1
13,112,constructive,group_3,4,[],13.0,0.1890642743937018,1
13,113,constructive,group_3,4,[],13.0,0.1736138269779623,1
13,114,constructive,group_3,4,[],13.0,0.18768539750651997,1
13,115,constructive,group_3,4,[],13.0,0.19408070672457714,1
13,116,constructive,group_3,4,[],13.0,0.20104152139561854,1
13,117,constructive,group_3,4,[],13.0,0.18925709551904832,1
13,118,constructive,group_3,4,[],13.0,0.17428604347048118,1
13,119,constructive,group_3,4,[],13.0,0.18697621977179743,1
13,120,constructive,group_3,4,[],13.0,0.16698168092490234,1
13,121,constructive,group_3,4,[],13.0,0.18245304999153683,1
13,122,constructive,group_3,4,[],13.0,0.17958613526688555,1
13,123,constructive,group_3,4,[],13.0,0.19431973057226265,1
13,124,constructive,group_3,4,[],13.0,0.1825127918162602,1
13,125,constructive,group_3,4,[],13.0,0.1995006146068143,1
13,126,constructive,group_3,4,[],13.0,0.18622167387411243,1
13,127,constructive,group_3,4,[],13.0,0.19294042131357647,1
13,128,constructive,group_3,4,[],13.0,0.17853854157231416,1
13,129,constructive,group_3,4,[],13.0,0.1789447568190225,1
13,130,constructive,group_3,4,[],13.0,0.17905184961410167,1
13,131,constructive,group_3,4,[],13.0,0.19318873815580376,1
13,132,constructive,group_3,4,[],13.0,0.17782769442472252,1
13,133,constructive,group_3,4,[],13.0,0.19835336542126492,1
13,134,constructive,group_3,4,[],13.0,0.19760492389003004,1
13,135,constructive,group_3,4,[],13.0,0.18325486703897004,1
13,136,constructive,group_3,4,[],13.0,0.18580527315922302,1
13,137,constructive,group_3,4,[],13.0,0.17461721535663022,1
13,138,constructive,group_3,4,[],13.0,0.19238499366453674,1
13,139,constructive,group_3,4,[],13.0,0.18612169647534696,1
13,140,constructive,group_3,4,[],13.0,0.187023708232227,1
13,141,constructive,group_3,4,[],13.0,0.20169437584768551,1
13,142,constructive,group_3,4,[],13.0,0.20504778328560364,1
13,143,constructive,group_3,4,[],13.0,0.17955039171722081,1
13,144,constructive,group_3,4,[],13.0,0.1952076880465751,1
13,145,constructive,group_3,4,[],13.0,0.1890503401093709,1
13,146,constructive,group_3,4,[],13.0,0.19178850484232346,1
13,147,constructive,group_3,4,[],13.0,0.1824674003211814,1
13,148,constructive,group_3,4,[],13.0,0.18877226744628192,1
13,149,constructive,group_3,4,[],13.0,0.18347049548863154,1
14,0,active,group_1,4,[],14.0,0.17165554894521465,1
14,1,active,group_1,4,[],14.0,0.18626009330406307,1
14,2,active,group_1,4,[],14.0,0.16792118860294464,1
14,3,active,group_1,3,[],14.0,0.16483586151101026,1
14,4,active,group_1,3,[],14.0,0.1742681814099615,1
14,5,active,group_1,3,[],14.0,0.17057929830633894,1
14,6,active,group_1,4,[],14.0,0.16069031132167927,1
14,7,active,group_1,4,[],14.0,0.1767452655097641,1
14,8,active,group_1,4,[],14.0,0.17471443614575038,1
14,9,active,group_1,4,[],14.0,0.17717087065386702,1
14,10,active,group_1,4,[],14.0,0.18637223633287409,1
14,11,active,group_1,4,[],14.0,0.16883946428698238,1
14,12,active,group_1,4,[],14.0,0.18485022316562563,1
14,13,active,group_1,4,[],14.0,0.1806285573331617,1
14,14,active,group_1,4,[],14.0,0.19011299139169544,1
14,15,active,group_1,4,[],14.0,0.18232978423649396,1
14,16,active,group_1,4,[],14.0,0.17464253929822626,1
14,17,active,group_1,4,[],14.0,0.15398320216200198,1
14,18,active,group_1,4,[],14.0,0.17984152351895652,1
14,19,active,group_1,3,[],14.0,0.1873580664031542,1
14,20,active,group_1,4,[],14.0,0.19558951601484809,1
14,21,active,group_1,4,[],14.0,0.1713903914789616,1
14,22,active,group_1,3,[],14.0,0.17477288106000716,1
14,23,active,group_1,4,[],14.0,0.15980095675287342,1
14,24,active,group_1,4,[],14.0,0.18326852593780482,1
14,25,active,group_1,3,[],14.0,0.18700682624065698,1
14,26,active,group_1,4,[],14.0,0.17716223525984848,1
14,27,active,group_1,4,[],14.0,0.1835831588366458,1
14,28,active,group_1,3,[],14.0,0.17729274080105814,1
14,29,active,group_1,4,[],14.0,0.18361687083865602,1
14,30,active,group_1,4,[],14.0,0.16580663896117426,1
14,31,active,group_1,4,[],14.0,0.1863927174464017,1
14,32,active,group_1,4,[],14.0,0.1753871880077305,1
14,33,active,group_1,3,[],14.0,0.1920984713878424,1
14,34,active,group_1,4,[],14.0,0.17649999099481734,1
14,35,active,group_1,3,[],14.0,0.1675331197063464,1
14,36,active,group_1,4,[],14.0,0.1608080813819237,1
14,37,active,group_1,4,[],14.0,0.17684668828228495,1
14,38,active,group_1,4,[],14.0,0.18296748222836542,1
14,39,active,group_1,4,[],14.0,0.1543022219152893,1
14,40,active,group_1,4,[],14.0,0.17843799140851582,1
14,41,active,group_1,4,[],14.0,0.1687426902467737,1
14,42,active,group_1,3,[],14.0,0.1816028381584941,1
14,43,active,group_1,4,[],14.0,0.16666165272944053,1
14,44,active,group_1,4,[],14.0,0.18523439527571417,1
14,45,active,group_1,4,[],14.0,0.16980934878472276,1
14,46,active,group_1,3,[],14.0,0.1848083675198809,1
14,47,active,group_1,4,[],14.0,0.16933079767118814,1
14,48,active,group_1,4,[],14.0,0.18166498390366412,1
14,49,active,group_1,4,[],14.0,0.17705506518698863,1
14,50,constructive,group_2,4,[],14.0,0.18659109576020533,1
14,51,constructive,group_2,4,[],14.0,0.19306721586079548,1
14,52,constructive,group_2,4,[],14.0,0.19810625817179525,1
14,53,constructive,group_2,4,[],14.0,0.18311765240111494,1
14,54,constructive,group_2,4,[],14.0,0.19375707341460874,1
14,55,constructive,group_2,4,[],14.0,0.1948759702653322,1
14,56,constructive,group_2,4,[],14.0,0.19593001454358489,1
14,57,constructive,group_2,4,[],14.0,0.18980821277369025,1
14,58,constructive,group_2,4,[],14.0,0.19451277620414265,1
14,59,constructive,group_2,4,[],14.0,0.1962218513249562,1
14,60,constructive,group_2,4,[],14.0,0.20576709118536313,1
14,61,constructive,group_2,4,[],14.0,0.1843957489547588,1
14,62,constructive,group_2,5,[],14.0,0.18266658383977014,1
14,63,constructive,group_2,4,[],14.0,0.19495849450031505,1
14,64,constructive,group_2,4,[],14.0,0.16514989187850942,1
14,65,constructive,group_2,4,[],14.0,0.19981013675111825,1
14,66,constructive,group_2,4,[],14.0,0.18854311417966108,1
14,67,constructive,group_2,4,[],14.0,0.19662473512231352,1
14,68,constructive,group_2,4,[],14.0,0.19165840256088723,1
14,69,constructive,group_2,4,[],14.0,0.1984950665882381,1
14,70,constructive,group_2,5,[],14.0,0.20459048309110556,1
14,71,constructive,group_2,4,[],14.0,0.18516190217454825,1
14,72,constructive,group_2,4,[],14.0,0.18627538551449932,1
14,73,constructive,group_2,4,[],14.0,0.17405581961603797,1
14,74,constructive,group_2,4,[],14.0,0.18429404578628356,1
14,75,constructive,group_2,4,[],14.0,0.2057003028063676,1
14,76,constructive,group_2,4,[],14.0,0.1909333700075599,1
14,77,constructive,group_2,4,[],14.0,0.19097997202429878,1
14,78,constructive,group_2,4,[],14.0,0.171893095992217,1
14,79,constructive,group_2,4,[],14.0,0.18838635124964717,1
14,80,constructive,group_2,5,[],14.0,0.195908678863379,1
14,81,constructive,group_2,4,[],14.0,0.19159153076166338,1
14,82,constructive,group_2,4,[],14.0,0.1896539892320095,1
14,83,constructive,group_2,5,[],14.0,0.1864565404104987,1
14,84,constructive,group_2,4,[],14.0,0.1926158132420897,1
14,85,constructive,group_2,5,[],14.0,0.20021984411169758,1
14,86,constructive,group_2,4,[],14.0,0.19144457845722548,1
14,87,constructive,group_2,4,[],14.0,0.17730913789446523,1
14,88,constructive,group_2,4,[],14.0,0.18320366425703286,1
14,89,constructive,group_2,4,[],14.0,0.1965402097663859,1
14,90,constructive,group_2,4,[],14.0,0.18778574757382863,1
14,91,constructive,group_2,4,[],14.0,0.19253346891389958,1
14,92,constructive,group_2,4,[],14.0,0.17789100176595055,1
14,93,constructive,group_2,4,[],14.0,0.18619693493723863,1
14,94,constructive,group_2,4,[],14.0,0.1802599914715323,1
14,95,constructive,group_2,4,[],14.0,0.1916266245126848,1
14,96,constructive,group_2,4,[],14.0,0.1915876769681185,1
14,97,constructive,group_2,4,[],14.0,0.18064648260545096,1
14,98,constructive,group_2,4,[],14.0,0.17572707015544553,1
14,99,constructive,group_2,5,[],14.0,0.19532347932544544,1
14,100,constructive,group_3,4,[],14.0,0.18640866807785944,1
14,101,constructive,group_3,4,[],14.0,0.16777050826738402,1
14,102,constructive,group_3,4,[],14.0,0.18728981205846093,1
14,103,constructive,group_3,5,[],14.0,0.17417470741860858,1
14,104,constructive,group_3,4,[],14.0,0.18369271217840508,1
14,105,constructive,group_3,4,[],14.0,0.19635933618939722,1
14,106,constructive,group_3,4,[],14.0,0.17852332428819426,1
14,107,constructive,group_3,4,[],14.0,0.18069843441033287,1
14,108,constructive,group_3,5,[],14.0,0.17865843024455214,1
14,109,constructive,group_3,4,[],14.0,0.1818311350156172,1
14,110,constructive,group_3,4,[],14.0,0.18144847958790267,1
14,111,constructive,group_3,4,[],14.0,0.19147712576790704,1
14,112,constructive,group_3,4,[],14.0,0.1936205963418971,1
14,113,constructive,group_3,4,[],14.0,0.17859124565286957,1
14,114,constructive,group_3,4,[],14.0,0.19303700446184063,1
14,115,constructive,group_3,4,[],14.0,0.19936398133382432,1
14,116,constructive,group_3,4,[],14.0,0.2055173332550063,1
14,117,constructive,group_3,5,[],14.0,0.19164815081608277,1
14,118,constructive,group_3,4,[],14.0,0.1780975030913089,1
14,119,constructive,group_3,4,[],14.0,0.19167885586741107,1
14,120,constructive,group_3,4,[],14.0,0.17168075316128312,1
14,121,constructive,group_3,4,[],14.0,0.18788414776243068,1
14,122,constructive,group_3,4,[],14.0,0.1847699309825357,1
14,123,constructive,group_3,4,[],14.0,0.19701604074702458,1
14,124,constructive,group_3,4,[],14.0,0.18748109799309742,1
14,125,constructive,group_3,4,[],14.0,0.2044734209332762,1
14,126,constructive,group_3,4,[],14.0,0.19116696002876332,1
14,127,constructive,group_3,4,[],14.0,0.19755603037629266,1
14,128,constructive,group_3,4,[],14.0,0.18304112580465265,1
14,129,constructive,group_3,4,[],14.0,0.18185116483397923,1
14,130,constructive,group_3,4,[],14.0,0.18424153630973833,1
14,131,constructive,group_3,4,[],14.0,0.19766421228293757,1
14,132,constructive,group_3,4,[],14.0,0.1821195368892541,1
14,133,constructive,group_3,5,[],14.0,0.20164173823545814,1
14,134,constructive,group_3,4,[],14.0,0.20209409474623366,1
14,135,constructive,group_3,4,[],14.0,0.18860593360406458,1
14,136,constructive,group_3,4,[],14.0,0.18988745842616161,1
14,137,constructive,group_3,4,[],14.0,0.17942158865166544,1
14,138,constructive,group_3,4,[],14.0,0.19673879865746924,1
14,139,constructive,group_3,4,[],14.0,0.19032442180826392,1
14,140,constructive,group_3,4,[],14.0,0.19078651582452102,1
14,141,constructive,group_3,4,[],14.0,0.20617268603321567,1
14,142,constructive,group_3,4,[],14.0,0.20940153500614295,1
14,143,constructive,group_3,4,[],14.0,0.18418196427802452,1
14,144,constructive,group_3,4,[],14.0,0.20034796021757934,1
14,145,constructive,group_3,4,[],14.0,0.19395269960476388,1
14,146,constructive,group_3,5,[],14.0,0.19435582483452782,1
14,147,constructive,group_3,4,[],14.0,0.1875621032466654,1
14,148,constructive,group_3,4,[],14.0,0.19362654823662914,1
14,149,constructive,group_3,4,[],14.0,0.18872510973132767,1
15,0,active,group_1,4,[],15.0,0.17678469274518066,1
15,1,active,group_1,4,[],15.0,0.19213677481622943,1
15,2,active,group_1,4,[],15.0,0.1738533120526565,1
15,3,active,group_1,4,[],15.0,0.1673203331475132,1
15,4,active,group_1,4,[],15.0,0.1765351706136596,1
15,5,active,group_1,4,[],15.0,0.17249682104913439,1
15,6,active,group_1,4,[],15.0,0.16669902077220236,1
15,7,active,group_1,4,[],15.0,0.18288153600196083,1
15,8,active,group_1,4,[],15.0,0.18071639964806083,1
15,9,active,group_1,4,[],15.0,0.18295235194884624,1
15,10,active,group_1,4,[],15.0,0.19127887900405233,1
15,11,active,group_1,4,[],15.0,0.17436288053876878,1
15,12,active,group_1,4,[],15.0,0.19144212185455162,1
15,13,active,group_1,4,[],15.0,0.18552182787977245,1
15,14,active,group_1,4,[],15.0,0.1958008728359437,1
15,15,active,group_1,4,[],15.0,0.18783369067405295,1
15,16,active,group_1,4,[],15.0,0.1809789521624615,1
15,17,active,group_1,4,[],15.0,0.16012424947580062,1
15,18,active,group_1,4,[],15.0,0.1846878132988795,1
15,19,active,group_1,4,[],15.0,0.18950974348753238,1
15,20,active,group_1,4,[],15.0,0.20115243751237633,1
15,21,active,group_1,4,[],15.0,0.17713248059146552,1
15,22,active,group_1,4,[],15.0,0.17730069362764528,1
15,23,active,group_1,4,[],15.0,0.16545391769613133,1
15,24,active,group_1,4,[],15.0,0.18841705626428434,1
15,25,active,group_1,4,[],15.0,0.1891378770811208,1
15,26,active,group_1,4,[],15.0,0.18280918594325907,1
15,27,active,group_1,4,[],15.0,0.18855951501236082,1
15,28,active,group_1,4,[],15.0,0.17908281273286958,1
15,29,active,group_1,4,[],15.0,0.18852795255438887,1
15,30,active,group_1,4,[],15.0,0.17218317348673562,1
15,31,active,group_1,4,[],15.0,0.1912580273933166,1
15,32,active,group_1,4,[],15.0,0.18174769260444862,1
15,33,active,group_1,4,[],15.0,0.19471690211439502,1
15,34,active,group_1,4,[],15.0,0.18294383852231133,1
15,35,active,group_1,4,[],15.0,0.17054344257958987,1
15,36,active,group_1,4,[],15.0,0.16714898510296394,1
15,37,active,group_1,4,[],15.0,0.18242805852455365,1
15,38,active,group_1,4,[],15.0,0.18770365748236975,1
15,39,active,group_1,4,[],15.0,0.16035193513340595,1
15,40,active,group_1,4,[],15.0,0.18394389781895373,1
15,41,active,group_1,4,[],15.0,0.17524943689440436,1
15,42,active,group_1,4,[],15.0,0.1835567011598988,1
15,43,active,group_1,4,[],15.0,0.1725544676991441,1
15,44,active,group_1,4,[],15.0,0.19078136674142837,1
15,45,active,group_1,4,[],15.0,0.17612131957447077,1
15,46,active,group_1,4,[],15.0,0.18676472939760294,1
15,47,active,group_1,4,[],15.0,0.17590354975405284,1
15,48,active,group_1,4,[],15.0,0.18649130271034678,1
15,49,active,group_1,4,[],15.0,0.183186291241801,1
15,50,constructive,group_2,5,[],15.0,0.18992911595383907,1
15,51,constructive,group_2,5,[],15.0,0.19668655626990567,1
15,52,constructive,group_2,5,[],15.0,0.2007288436331552,1
15,53,constructive,group_2,5,[],15.0,0.1862341384826993,1
15,54,constructive,group_2,5,[],15.0,0.19608101164907865,1
15,55,constructive,group_2,4,[],15.0,0.19956176471574202,1
15,56,constructive,group_2,5,[],15.0,0.19868754847013068,1
15,57,constructive,group_2,5,[],15.0,0.19144265558386295,1
15,58,constructive,group_2,4,[],15.0,0.19893631148236296,1
15,59,constructive,group_2,5,[],15.0,0.19963365049001772,1
15,60,constructive,group_2,5,[],15.0,0.20832962621127765,1
15,61,constructive,group_2,5,[],15.0,0.1871189433997158,1
15,62,constructive,group_2,5,[],15.0,0.18816842001048315,1
15,63,constructive,group_2,5,[],15.0,0.19682731405268356,1
15,64,constructive,group_2,4,[],15.0,0.16931476142838314,1
15,65,constructive,group_2,5,[],15.0,0.20258146472894883,1
15,66,constructive,group_2,5,[],15.0,0.19207555065570048,1
15,67,constructive,group_2,5,[],15.0,0.2002075279347389,1
15,68,constructive,group_2,5,[],15.0,0.19469661939083557,1
15,69,constructive,group_2,5,[],15.0,0.2019409499043517,1
15,70,constructive,group_2,5,[],15.0,0.21098687434911123,1
15,71,constructive,group_2,5,[],15.0,0.18819236079967713,1
15,72,constructive,group_2,4,[],15.0,0.19022334199701346,1
15,73,constructive,group_2,4,[],15.0,0.17680546232316743,1
15,74,constructive,group_2,5,[],15.0,0.18667576448205944,1
15,75,constructive,group_2,5,[],15.0,0.2087941418454206,1
15,76,constructive,group_2,5,[],15.0,0.1931739399349929,1
15,77,constructive,group_2,4,[],15.0,0.1961516941203946,1
15,78,constructive,group_2,4,[],15.0,0.17430238487278496,1
15,79,constructive,group_2,4,[],15.0,0.1923276547707713,1
15,80,constructive,group_2,5,[],15.0,0.20159446750520327,1
15,81,constructive,group_2,4,[],15.0,0.19607382279273666,1
15,82,constructive,group_2,4,[],15.0,0.19284184911612487,1
15,83,constructive,group_2,5,[],15.0,0.1925915577464,1
15,84,constructive,group_2,4,[],15.0,0.19664472304929034,1
15,85,constructive,group_2,5,[],15.0,0.20719682789568078,1
15,86,constructive,group_2,5,[],15.0,0.19474587827314477,1
15,87,constructive,group_2,4,[],15.0,0.182080873733284,1
15,88,constructive,group_2,4,[],15.0,0.18760445559326852,1
15,89,constructive,group_2,4,[],15.0,0.20039406399595266,1
15,90,constructive,group_2,5,[],15.0,0.19120644548275928,1
15,91,constructive,group_2,5,[],15.0,0.19564915447824605,1
15,92,constructive,group_2,4,[],15.0,0.18273335499660456,1
15,93,constructive,group_2,4,[],15.0,0.19059526064614243,1
15,94,constructive,group_2,4,[],15.0,0.18396288871375913,1
15,95,constructive,group_2,4,[],15.0,0.19599430589195502,1
15,96,constructive,group_2,5,[],15.0,0.19472977929361654,1
15,97,constructive,group_2,5,[],15.0,0.18329979017657952,1
15,98,constructive,group_2,4,[],15.0,0.17877014949245817,1
15,99,constructive,group_2,5,[],15.0,0.20072611011034938,1
15,100,constructive,group_3,5,[],15.0,0.18983239150905903,1
15,101,constructive,group_3,4,[],15.0,0.17167164033792165,1
15,102,constructive,group_3,4,[],15.0,0.1917182475773316,1
15,103,constructive,group_3,5,[],15.0,0.17976708793217977,1
15,104,constructive,group_3,5,[],15.0,0.18703383726037706,1
15,105,constructive,group_3,5,[],15.0,0.1996051584870369,1
15,106,constructive,group_3,4,[],15.0,0.18193176699354902,1
15,107,constructive,group_3,5,[],15.0,0.18351324641156722,1
15,108,constructive,group_3,5,[],15.0,0.18483580956509865,1
15,109,constructive,group_3,4,[],15.0,0.18621642416041823,1
15,110,constructive,group_3,4,[],15.0,0.1857734623779384,1
15,111,constructive,group_3,4,[],15.0,0.19460857121349065,1
15,112,constructive,group_3,5,[],15.0,0.19641462454800643,1
15,113,constructive,group_3,5,[],15.0,0.18196364876738388,1
15,114,constructive,group_3,4,[],15.0,0.19788826941151616,1
15,115,constructive,group_3,4,[],15.0,0.20399847094919243,1
15,116,constructive,group_3,4,[],15.0,0.2088396260039466,1
15,117,constructive,group_3,5,[],15.0,0.1978479541515276,1
15,118,constructive,group_3,4,[],15.0,0.1806370166101963,1
15,119,constructive,group_3,4,[],15.0,0.19556189083617842,1
15,120,constructive,group_3,4,[],15.0,0.17564040115575635,1
15,121,constructive,group_3,4,[],15.0,0.19286779885334684,1
15,122,constructive,group_3,4,[],15.0,0.1891287529316859,1
15,123,constructive,group_3,5,[],15.0,0.19846603618243572,1
15,124,constructive,group_3,4,[],15.0,0.1917345526036623,1
15,125,constructive,group_3,4,[],15.0,0.20873625617335412,1
15,126,constructive,group_3,4,[],15.0,0.19551075242402102,1
15,127,constructive,group_3,5,[],15.0,0.2005374657679772,1
15,128,constructive,group_3,4,[],15.0,0.1862549487609676,1
15,129,constructive,group_3,5,[],15.0,0.18346636147763246,1
15,130,constructive,group_3,4,[],15.0,0.18891770302968533,1
15,131,constructive,group_3,5,[],15.0,0.20067416345714398,1
15,132,constructive,group_3,5,[],15.0,0.18491039038853854,1
15,133,constructive,group_3,5,[],15.0,0.20805285584717784,1
15,134,constructive,group_3,5,[],15.0,0.20476347345417065,1
15,135,constructive,group_3,4,[],15.0,0.19350641017091078,1
15,136,constructive,group_3,5,[],15.0,0.19242857996660795,1
15,137,constructive,group_3,4,[],15.0,0.18357063205289348,1
15,138,constructive,group_3,5,[],15.0,0.19976641776826057,1
15,139,constructive,group_3,4,[],15.0,0.1933795173466704,1
15,140,constructive,group_3,5,[],15.0,0.19325225809458918,1
15,141,constructive,group_3,5,[],15.0,0.2088185200197518,1
15,142,constructive,group_3,4,[],15.0,0.2126415333219752,1
15,143,constructive,group_3,4,[],15.0,0.1880798136287554,1
15,144,constructive,group_3,5,[],15.0,0.2038632644994315,1
15,145,constructive,group_3,4,[],15.0,0.19816625162763635,1
15,146,constructive,group_3,5,[],15.0,0.2006694148067052,1
15,147,constructive,group_3,4,[],15.0,0.19185703726783404,1
15,148,constructive,group_3,4,[],15.0,0.19784838874363173,1
15,149,constructive,group_3,4,[],15.0,0.19322673103779026,1
16,0,active,group_1,4,[],16.0,0.18116174154728543,1
16,1,active,group_1,4,[],16.0,0.19715112229046186,1
16,2,active,group_1,4,[],16.0,0.17881524888318748,1
16,3,active,group_1,4,[],16.0,0.17384196077845623,1
16,4,active,group_1,4,[],16.0,0.18217504840041196,1
16,5,active,group_1,4,[],16.0,0.17843407880912826,1
16,6,active,group_1,4,[],16.0,0.1717542453884358,1
16,7,active,group_1,4,[],16.0,0.18792160410098452,1
16,8,active,group_1,4,[],16.0,0.1857069344390494,1
16,9,active,group_1,4,[],16.0,0.187858228161913,1
16,10,active,group_1,4,[],16.0,0.19520676908896856,1
16,11,active,group_1,4,[],16.0,0.17913637485296957,1
16,12,active,group_1,4,[],16.0,0.19670742769275845,1
16,13,active,group_1,4,[],16.0,0.18949875625215437,1
16,14,active,group_1,4,[],16.0,0.20071145849519803,1
16,15,active,group_1,4,[],16.0,0.19258992545275117,1
16,16,active,group_1,4,[],16.0,0.18617697823443352,1
16,17,active,group_1,4,[],16.0,0.16521021590214469,1
16,18,active,group_1,4,[],16.0,0.1885134184534526,1
16,19,active,group_1,4,[],16.0,0.19492652981736663,1
16,20,active,group_1,4,[],16.0,0.2059593357733429,1
16,21,active,group_1,4,[],16.0,0.18207829440411374,1
16,22,active,group_1,4,[],16.0,0.1828954761143013,1
16,23,active,group_1,4,[],16.0,0.1703094026406444,1
16,24,active,group_1,4,[],16.0,0.19279589351832793,1
16,25,active,group_1,4,[],16.0,0.1948588502373178,1
16,26,active,group_1,4,[],16.0,0.18768581374597365,1
16,27,active,group_1,4,[],16.0,0.19263337067960254,1
16,28,active,group_1,4,[],16.0,0.18565371625714336,1
16,29,active,group_1,4,[],16.0,0.19245603915166545,1
16,30,active,group_1,4,[],16.0,0.17738695678178562,1
16,31,active,group_1,4,[],16.0,0.1949881292690109,1
16,32,active,group_1,4,[],16.0,0.18685910946923057,1
16,33,active,group_1,4,[],16.0,0.20069586031334227,1
16,34,active,group_1,4,[],16.0,0.1882007048098003,1
16,35,active,group_1,4,[],16.0,0.17614205371787453,1
16,36,active,group_1,4,[],16.0,0.17238002482036424,1
16,37,active,group_1,4,[],16.0,0.1872386756065358,1
16,38,active,group_1,4,[],16.0,0.19137445110876783,1
16,39,active,group_1,4,[],16.0,0.16537951640146406,1
16,40,active,group_1,4,[],16.0,0.18870277920945006,1
16,41,active,group_1,4,[],16.0,0.1804661584507944,1
16,42,active,group_1,4,[],16.0,0.19009032689743052,1
16,43,active,group_1,4,[],16.0,0.17756275463528365,1
16,44,active,group_1,4,[],16.0,0.1955545959272285,1
16,45,active,group_1,4,[],16.0,0.18128204378759455,1
16,46,active,group_1,4,[],16.0,0.19248132962562708,1
16,47,active,group_1,4,[],16.0,0.181174086027318,1
16,48,active,group_1,4,[],16.0,0.190311012466785,1
16,49,active,group_1,4,[],16.0,0.1882423665977047,1
16,50,constructive,group_2,5,[],16.0,0.19577062389639668,1
16,51,constructive,group_2,5,[],16.0,0.20222523472000997,1
16,52,constructive,group_2,5,[],16.0,0.20693394402366266,1
16,53,constructive,group_2,5,[],16.0,0.19252917617718732,1
16,54,constructive,group_2,5,[],16.0,0.20205147631265657,1
16,55,constructive,group_2,5,[],16.0,0.20286417271838858,1
16,56,constructive,group_2,5,[],16.0,0.20537058177958484,1
16,57,constructive,group_2,5,[],16.0,0.19781488900846847,1
16,58,constructive,group_2,4,[],16.0,0.20214198364734925,1
16,59,constructive,group_2,5,[],16.0,0.20584791998283564,1
16,60,constructive,group_2,5,[],16.0,0.21450495950400378,1
16,61,constructive,group_2,5,[],16.0,0.19284426361327517,1
16,62,constructive,group_2,5,[],16.0,0.19309704737952038,1
16,63,constructive,group_2,5,[],16.0,0.2027869524383991,1
16,64,constructive,group_2,5,[],16.0,0.17179106348309947,1
16,65,constructive,group_2,5,[],16.0,0.2079878710264385,1
16,66,constructive,group_2,5,[],16.0,0.19857367084903788,1
16,67,constructive,group_2,5,[],16.0,0.20682590520032873,1
16,68,constructive,group_2,5,[],16.0,0.20116219989786027,1
16,69,constructive,group_2,5,[],16.0,0.20852160634991854,1
16,70,constructive,group_2,5,[],16.0,0.21679936205413125,1
16,71,constructive,group_2,5,[],16.0,0.19419539368714916,1
16,72,constructive,group_2,4,[],16.0,0.1929055324501434,1
16,73,constructive,group_2,5,[],16.0,0.17828242648873166,1
16,74,constructive,group_2,5,[],16.0,0.1918987427660495,1
16,75,constructive,group_2,5,[],16.0,0.21427325051968454,1
16,76,constructive,group_2,5,[],16.0,0.1996658784078285,1
16,77,constructive,group_2,5,[],16.0,0.19960144657613477,1
16,78,constructive,group_2,5,[],16.0,0.17554535795686682,1
16,79,constructive,group_2,4,[],16.0,0.19511708030868108,1
16,80,constructive,group_2,5,[],16.0,0.20691653971341145,1
16,81,constructive,group_2,5,[],16.0,0.19905670650479712,1
16,82,constructive,group_2,5,[],16.0,0.19467403921381737,1
16,83,constructive,group_2,5,[],16.0,0.1984278831197499,1
16,84,constructive,group_2,5,[],16.0,0.19931492761832265,1
16,85,constructive,group_2,5,[],16.0,0.2137799331766753,1
16,86,constructive,group_2,5,[],16.0,0.20143173142893728,1
16,87,constructive,group_2,5,[],16.0,0.18539578970228926,1
16,88,constructive,group_2,4,[],16.0,0.19084946798075725,1
16,89,constructive,group_2,4,[],16.0,0.20308108228387609,1
16,90,constructive,group_2,5,[],16.0,0.1976340903173254,1
16,91,constructive,group_2,5,[],16.0,0.20119939348413735,1
16,92,constructive,group_2,5,[],16.0,0.1862137251240312,1
16,93,constructive,group_2,5,[],16.0,0.19336610604052065,1
16,94,constructive,group_2,5,[],16.0,0.18629611685532899,1
16,95,constructive,group_2,5,[],16.0,0.19891553535425452,1
16,96,constructive,group_2,5,[],16.0,0.20104621538361211,1
16,97,constructive,group_2,5,[],16.0,0.18934804880628434,1
16,98,constructive,group_2,5,[],16.0,0.1803721324837548,1
16,99,constructive,group_2,5,[],16.0,0.20557662304700747,1
16,100,constructive,group_3,5,[],16.0,0.1961405835026758,1
16,101,constructive,group_3,5,[],16.0,0.17407882478212233,1
16,102,constructive,group_3,5,[],16.0,0.19470506437856178,1
16,103,constructive,group_3,5,[],16.0,0.184479270028478,1
16,104,constructive,group_3,5,[],16.0,0.19300561771594357,1
16,105,constructive,group_3,5,[],16.0,0.20557762615534791,1
16,106,constructive,group_3,5,[],16.0,0.18376606036174678,1
16,107,constructive,group_3,5,[],16.0,0.1892756287017942,1
16,108,constructive,group_3,5,[],16.0,0.1906804763774381,1
16,109,constructive,group_3,4,[],16.0,0.18941408495994977,1
16,110,constructive,group_3,4,[],16.0,0.18885968121552008,1
16,111,constructive,group_3,5,[],16.0,0.19638081183307124,1
16,112,constructive,group_3,5,[],16.0,0.2027680704581265,1
16,113,constructive,group_3,5,[],16.0,0.1883118999772374,1
16,114,constructive,group_3,5,[],16.0,0.20116666231183586,1
16,115,constructive,group_3,5,[],16.0,0.20689107181517588,1
16,116,constructive,group_3,5,[],16.0,0.21068856428702368,1
16,117,constructive,group_3,5,[],16.0,0.20369851223924135,1
16,118,constructive,group_3,5,[],16.0,0.18195111098162117,1
16,119,constructive,group_3,5,[],16.0,0.19801657240540724,1
16,120,constructive,group_3,5,[],16.0,0.17830063248117195,1
16,121,constructive,group_3,5,[],16.0,0.19630269907688117,1
16,122,constructive,group_3,5,[],16.0,0.19166356399993195,1
16,123,constructive,group_3,5,[],16.0,0.20492861746424626,1
16,124,constructive,group_3,5,[],16.0,0.1944626756433475,1
16,125,constructive,group_3,5,[],16.0,0.21147630137239162,1
16,126,constructive,group_3,4,[],16.0,0.1986274169952255,1
16,127,constructive,group_3,5,[],16.0,0.20581492784141847,1
16,128,constructive,group_3,5,[],16.0,0.1879388922878031,1
16,129,constructive,group_3,5,[],16.0,0.18883286230906007,1
16,130,constructive,group_3,5,[],16.0,0.19224839762584486,1
16,131,constructive,group_3,5,[],16.0,0.20601831879396268,1
16,132,constructive,group_3,5,[],16.0,0.19069972918474248,1
16,133,constructive,group_3,5,[],16.0,0.21431692702872898,1
16,134,constructive,group_3,5,[],16.0,0.21046253841000503,1
16,135,constructive,group_3,5,[],16.0,0.19700498196646496,1
16,136,constructive,group_3,5,[],16.0,0.19784004075548567,1
16,137,constructive,group_3,4,[],16.0,0.18653735710180055,1
16,138,constructive,group_3,5,[],16.0,0.20632915586568568,1
16,139,constructive,group_3,5,[],16.0,0.19508588869061413,1
16,140,constructive,group_3,5,[],16.0,0.1996536250733019,1
16,141,constructive,group_3,5,[],16.0,0.2153606887620275,1
16,142,constructive,group_3,5,[],16.0,0.214481244473049,1
16,143,constructive,group_3,4,[],16.0,0.1907799590866179,1
16,144,constructive,group_3,5,[],16.0,0.21084980817613133,1
16,145,constructive,group_3,5,[],16.0,0.20096056826367154,1
16,146,constructive,group_3,5,[],16.0,0.2062417774016608,1
16,147,constructive,group_3,5,[],16.0,0.19442270308654552,1
16,148,constructive,group_3,4,[],16.0,0.20093897932841384,1
16,149,constructive,group_3,5,[],16.0,0.19590408757962458,1
17,0,active,group_1,4,[],17.0,0.18428629456670936,1
17,1,active,group_1,4,[],17.0,0.20119447864139822,1
17,2,active,group_1,4,[],17.0,0.1829487420541036,1
17,3,active,group_1,4,[],17.0,0.1790762045198725,1
17,4,active,group_1,4,[],17.0,0.1870294400487022,1
17,5,active,group_1,4,[],17.0,0.18344756509395682,1
17,6,active,group_1,4,[],17.0,0.17592136643043246,1
17,7,active,group_1,4,[],17.0,0.19217179232499132,1
17,8,active,group_1,4,[],17.0,0.1898832567449691,1
17,9,active,group_1,4,[],17.0,0.1918796224769116,1
17,10,active,group_1,5,[],17.0,0.19765916491260266,1
17,11,active,group_1,4,[],17.0,0.18280764812359476,1
17,12,active,group_1,4,[],17.0,0.2011839455850802,1
17,13,active,group_1,5,[],17.0,0.1920543802076377,1
17,14,active,group_1,4,[],17.0,0.2044909122673973,1
17,15,active,group_1,4,[],17.0,0.19619979651505157,1
17,16,active,group_1,4,[],17.0,0.19054096979100849,1
17,17,active,group_1,4,[],17.0,0.16946598686802755,1
17,18,active,group_1,5,[],17.0,0.19085321405832725,1
17,19,active,group_1,4,[],17.0,0.19960991493794802,1
17,20,active,group_1,4,[],17.0,0.20962479732439365,1
17,21,active,group_1,4,[],17.0,0.18595432719141217,1
17,22,active,group_1,4,[],17.0,0.1877274602009162,1
17,23,active,group_1,4,[],17.0,0.17418830804390933,1
17,24,active,group_1,4,[],17.0,0.19588486055362814,1
17,25,active,group_1,4,[],17.0,0.19978511878995894,1
17,26,active,group_1,4,[],17.0,0.1914385409490406,1
17,27,active,group_1,5,[],17.0,0.1952761380197084,1
17,28,active,group_1,4,[],17.0,0.19093463394286436,1
17,29,active,group_1,5,[],17.0,0.1949041515626684,1
17,30,active,group_1,4,[],17.0,0.18177013753016613,1
17,31,active,group_1,5,[],17.0,0.19716156120068837,1
17,32,active,group_1,4,[],17.0,0.19121131672247987,1
17,33,active,group_1,4,[],17.0,0.20568429155633905,1
17,34,active,group_1,4,[],17.0,0.1926218202237148,1
17,35,active,group_1,4,[],17.0,0.1809790637562111,1
17,36,active,group_1,4,[],17.0,0.17674786025957978,1
17,37,active,group_1,4,[],17.0,0.19103493988827355,1
17,38,active,group_1,5,[],17.0,0.19356864579189828,1
17,39,active,group_1,4,[],17.0,0.16958306010664304,1
17,40,active,group_1,4,[],17.0,0.19234510401054722,1
17,41,active,group_1,4,[],17.0,0.1849000414301259,1
17,42,active,group_1,4,[],17.0,0.19535092542868765,1
17,43,active,group_1,4,[],17.0,0.1816360063189459,1
17,44,active,group_1,4,[],17.0,0.19936149666319428,1
17,45,active,group_1,4,[],17.0,0.18562990622960615,1
17,46,active,group_1,4,[],17.0,0.1974125924537422,1
17,47,active,group_1,4,[],17.0,0.18564667547632324,1
17,48,active,group_1,5,[],17.0,0.1926604151903957,1
17,49,active,group_1,4,[],17.0,0.19249187503627413,1
17,50,constructive,group_2,5,[],17.0,0.20088863748366736,1
17,51,constructive,group_2,5,[],17.0,0.20735626097587628,1
17,52,constructive,group_2,5,[],17.0,0.21300294762055558,1
17,53,constructive,group_2,5,[],17.0,0.197905464246776,1
17,54,constructive,group_2,5,[],17.0,0.20741115260217474,1
17,55,constructive,group_2,5,[],17.0,0.2095264132132994,1
17,56,constructive,group_2,5,[],17.0,0.2111225102626284,1
17,57,constructive,group_2,5,[],17.0,0.20411915468750727,1
17,58,constructive,group_2,5,[],17.0,0.20387529549513958,1
17,59,constructive,group_2,5,[],17.0,0.21182466341755743,1
17,60,constructive,group_2,5,[],17.0,0.22048396802756542,1
17,61,constructive,group_2,5,[],17.0,0.19802726488411113,1
17,62,constructive,group_2,5,[],17.0,0.19711279973573712,1
17,63,constructive,group_2,5,[],17.0,0.20844513737639403,1
17,64,constructive,group_2,5,[],17.0,0.17746938783647415,1
17,65,constructive,group_2,5,[],17.0,0.21304038418353777,1
17,66,constructive,group_2,5,[],17.0,0.2042043876996292,1
17,67,constructive,group_2,5,[],17.0,0.21279779076108257,1
17,68,constructive,group_2,5,[],17.0,0.2073845192078517,1
17,69,constructive,group_2,5,[],17.0,0.2143889916765725,1
17,70,constructive,group_2,5,[],17.0,0.22182247680537256,1
17,71,constructive,group_2,5,[],17.0,0.19979382733006157,1
17,72,constructive,group_2,5,[],17.0,0.1943087783636761,1
17,73,constructive,group_2,5,[],17.0,0.18440895261560533,1
17,74,constructive,group_2,5,[],17.0,0.19647714484103873,1
17,75,constructive,group_2,5,[],17.0,0.21923562287040427,1
17,76,constructive,group_2,5,[],17.0,0.20544540292971866,1
17,77,constructive,group_2,5,[],17.0,0.2054032041607418,1
17,78,constructive,group_2,5,[],17.0,0.18159858438139362,1
17,79,constructive,group_2,5,[],17.0,0.1966626472023166,1
17,80,constructive,group_2,5,[],17.0,0.21148048485850163,1
17,81,constructive,group_2,5,[],17.0,0.20547797489014102,1
17,82,constructive,group_2,5,[],17.0,0.2002686536108579,1
17,83,constructive,group_2,5,[],17.0,0.2034514784499469,1
17,84,constructive,group_2,5,[],17.0,0.20609148994691387,1
17,85,constructive,group_2,5,[],17.0,0.21935652602240502,1
17,86,constructive,group_2,5,[],17.0,0.2077801519104836,1
17,87,constructive,group_2,5,[],17.0,0.19138602751815878,1
17,88,constructive,group_2,5,[],17.0,0.19265494144651235,1
17,89,constructive,group_2,5,[],17.0,0.20455256188807266,1
17,90,constructive,group_2,5,[],17.0,0.20319539839351336,1
17,91,constructive,group_2,5,[],17.0,0.2061611155789001,1
17,92,constructive,group_2,5,[],17.0,0.19283462373004318,1
17,93,constructive,group_2,5,[],17.0,0.19875204452560302,1
17,94,constructive,group_2,5,[],17.0,0.19224011361086277,1
17,95,constructive,group_2,5,[],17.0,0.205497396164484,1
17,96,constructive,group_2,5,[],17.0,0.2069773044347134,1
17,97,constructive,group_2,5,[],17.0,0.19503242456689113,1
17,98,constructive,group_2,5,[],17.0,0.1869127702600479,1
17,99,constructive,group_2,5,[],17.0,0.2095481252324992,1
17,100,constructive,group_3,5,[],17.0,0.20191853555086525,1
17,101,constructive,group_3,5,[],17.0,0.1805720960761134,1
17,102,constructive,group_3,5,[],17.0,0.2007378192656108,1
17,103,constructive,group_3,5,[],17.0,0.18847904646263616,1
17,104,constructive,group_3,5,[],17.0,0.19846487011595404,1
17,105,constructive,group_3,5,[],17.0,0.21121732513459118,1
17,106,constructive,group_3,5,[],17.0,0.1901635139039177,1
17,107,constructive,group_3,5,[],17.0,0.19461846366555985,1
17,108,constructive,group_3,6,[],17.0,0.1948787013047817,1
17,109,constructive,group_3,5,[],17.0,0.19116725568679102,1
17,110,constructive,group_3,5,[],17.0,0.19051221184601302,1
17,111,constructive,group_3,5,[],17.0,0.20289341547767287,1
17,112,constructive,group_3,5,[],17.0,0.20870954748372977,1
17,113,constructive,group_3,5,[],17.0,0.1943826979490368,1
17,114,constructive,group_3,5,[],17.0,0.20686460189013306,1
17,115,constructive,group_3,5,[],17.0,0.21316130872369493,1
17,116,constructive,group_3,5,[],17.0,0.21723943955067065,1
17,117,constructive,group_3,5,[],17.0,0.20882444905940237,1
17,118,constructive,group_3,5,[],17.0,0.18897391114538648,1
17,119,constructive,group_3,5,[],17.0,0.20402061128223098,1
17,120,constructive,group_3,5,[],17.0,0.18359228703439126,1
17,121,constructive,group_3,5,[],17.0,0.20141234603645203,1
17,122,constructive,group_3,5,[],17.0,0.19793790268952352,1
17,123,constructive,group_3,5,[],17.0,0.2107688003696513,1
17,124,constructive,group_3,5,[],17.0,0.20034039654372462,1
17,125,constructive,group_3,5,[],17.0,0.2176875610758339,1
17,126,constructive,group_3,5,[],17.0,0.20030536461116255,1
17,127,constructive,group_3,5,[],17.0,0.2107547834736978,1
17,128,constructive,group_3,5,[],17.0,0.19369103536883708,1
17,129,constructive,group_3,5,[],17.0,0.19357268268757244,1
17,130,constructive,group_3,5,[],17.0,0.19782696185391252,1
17,131,constructive,group_3,5,[],17.0,0.21085067123689338,1
17,132,constructive,group_3,5,[],17.0,0.19592365350358076,1
17,133,constructive,group_3,6,[],17.0,0.2193786196457821,1
17,134,constructive,group_3,5,[],17.0,0.2154515427829745,1
17,135,constructive,group_3,5,[],17.0,0.20349590101904416,1
17,136,constructive,group_3,5,[],17.0,0.20299105366494113,1
17,137,constructive,group_3,5,[],17.0,0.18816523210117883,1
17,138,constructive,group_3,5,[],17.0,0.21270812662263575,1
17,139,constructive,group_3,5,[],17.0,0.20114572118933483,1
17,140,constructive,group_3,5,[],17.0,0.20597611912486852,1
17,141,constructive,group_3,5,[],17.0,0.22172980613713636,1
17,142,constructive,group_3,5,[],17.0,0.2205922007623935,1
17,143,constructive,group_3,5,[],17.0,0.1922381605924512,1
17,144,constructive,group_3,5,[],17.0,0.21758451307878865,1
17,145,constructive,group_3,5,[],17.0,0.20748943433196332,1
17,146,constructive,group_3,5,[],17.0,0.21121106644804938,1
17,147,constructive,group_3,5,[],17.0,0.19978442079952102,1
17,148,constructive,group_3,5,[],17.0,0.20267940557842395,1
17,149,constructive,group_3,5,[],17.0,0.20234145121230215,1
18,0,active,group_1,5,[],18.0,0.18598648562193318,1
18,1,active,group_1,5,[],18.0,0.2037360681080295,1
18,2,active,group_1,4,[],18.0,0.1857344453186359,1
18,3,active,group_1,4,[],18.0,0.18352068851765113,1
18,4,active,group_1,4,[],18.0,0.19087492011541324,1
18,5,active,group_1,4,[],18.0,0.18756745499863908,1
18,6,active,group_1,5,[],18.0,0.17865144883332845,1
18,7,active,group_1,4,[],18.0,0.19511188299650845,1
18,8,active,group_1,4,[],18.0,0.19272390798218972,1
18,9,active,group_1,5,[],18.0,0.1945057171308049,1
18,10,active,group_1,5,[],18.0,0.2046991807469508,1
18,11,active,group_1,5,[],18.0,0.1849704034006169,1
18,12,active,group_1,4,[],18.0,0.20432197408343494,1
18,13,active,group_1,5,[],18.0,0.19790028161571674,1
18,14,active,group_1,5,[],18.0,0.20669988672788833,1
18,15,active,group_1,5,[],18.0,0.19828605427553242,1
18,16,active,group_1,4,[],18.0,0.19350177644166777,1
18,17,active,group_1,4,[],18.0,0.17234586392445858,1
18,18,active,group_1,5,[],18.0,0.19752493120338824,1
18,19,active,group_1,4,[],18.0,0.20319413347819806,1
18,20,active,group_1,5,[],18.0,0.2117510939214465,1
18,21,active,group_1,5,[],18.0,0.18828164885364854,1
18,22,active,group_1,4,[],18.0,0.19136579495796638,1
18,23,active,group_1,5,[],18.0,0.17660877248065876,1
18,24,active,group_1,5,[],18.0,0.19753937136986638,1
18,25,active,group_1,4,[],18.0,0.20365809368935425,1
18,26,active,group_1,5,[],18.0,0.19363627233443964,1
18,27,active,group_1,5,[],18.0,0.20195384369959216,1
18,28,active,group_1,4,[],18.0,0.19540994898663383,1
18,29,active,group_1,5,[],18.0,0.20122387406579093,1
18,30,active,group_1,4,[],18.0,0.18476887072079143,1
18,31,active,group_1,5,[],18.0,0.20360486859309565,1
18,32,active,group_1,4,[],18.0,0.19429759996751342,1
18,33,active,group_1,4,[],18.0,0.20984607693020751,1
18,34,active,group_1,4,[],18.0,0.19562627013244188,1
18,35,active,group_1,4,[],18.0,0.1846767625082377,1
18,36,active,group_1,4,[],18.0,0.1796662286386986,1
18,37,active,group_1,5,[],18.0,0.19336077694793613,1
18,38,active,group_1,5,[],18.0,0.19935900687634214,1
18,39,active,group_1,4,[],18.0,0.17243063305993395,1
18,40,active,group_1,5,[],18.0,0.1944768140511916,1
18,41,active,group_1,4,[],18.0,0.1880119005237457,1
18,42,active,group_1,4,[],18.0,0.19980765931057431,1
18,43,active,group_1,5,[],18.0,0.1842395287750363,1
18,44,active,group_1,5,[],18.0,0.20174209614041844,1
18,45,active,group_1,4,[],18.0,0.18861250184464767,1
18,46,active,group_1,4,[],18.0,0.20123894032257633,1
18,47,active,group_1,4,[],18.0,0.18876283812939423,1
18,48,active,group_1,5,[],18.0,0.1982904852836276,1
18,49,active,group_1,4,[],18.0,0.1954037948367315,1
18,50,constructive,group_2,5,[],18.0,0.2054888990323041,1
18,51,constructive,group_2,5,[],18.0,0.21152245096728742,1
18,52,constructive,group_2,5,[],18.0,0.2181035598901197,1
18,53,constructive,group_2,5,[],18.0,0.2026098219488917,1
18,54,constructive,group_2,5,[],18.0,0.2121663455128194,1
18,55,constructive,group_2,5,[],18.0,0.21586177658306963,1
18,56,constructive,group_2,5,[],18.0,0.2162140829654453,1
18,57,constructive,group_2,6,[],18.0,0.2088587837847565,1
18,58,constructive,group_2,5,[],18.0,0.2102230319380461,1
18,59,constructive,group_2,5,[],18.0,0.2169884911368649,1
18,60,constructive,group_2,6,[],18.0,0.22464382988123344,1
18,61,constructive,group_2,5,[],18.0,0.20227717408080664,1
18,62,constructive,group_2,6,[],18.0,0.19958163881301277,1
18,63,constructive,group_2,5,[],18.0,0.21291343958281334,1
18,64,constructive,group_2,5,[],18.0,0.1827772561525393,1
18,65,constructive,group_2,5,[],18.0,0.2173512171576451,1
18,66,constructive,group_2,5,[],18.0,0.20921606069804635,1
18,67,constructive,group_2,5,[],18.0,0.21821660832990003,1
18,68,constructive,group_2,6,[],18.0,0.21219528937389515,1
18,69,constructive,group_2,5,[],18.0,0.21970177217290648,1
18,70,constructive,group_2,6,[],18.0,0.22484553509187152,1
18,71,constructive,group_2,5,[],18.0,0.20455294328914753,1
18,72,constructive,group_2,5,[],18.0,0.20039158829862114,1
18,73,constructive,group_2,5,[],18.0,0.19042197939334965,1
18,74,constructive,group_2,5,[],18.0,0.20015880574854852,1
18,75,constructive,group_2,5,[],18.0,0.22344458396252692,1
18,76,constructive,group_2,5,[],18.0,0.21055538882363484,1
18,77,constructive,group_2,5,[],18.0,0.21110212753907254,1
18,78,constructive,group_2,5,[],18.0,0.18698371497746807,1
18,79,constructive,group_2,5,[],18.0,0.20310520294761236,1
18,80,constructive,group_2,6,[],18.0,0.21426921718623254,1
18,81,constructive,group_2,5,[],18.0,0.21121530922113557,1
18,82,constructive,group_2,5,[],18.0,0.20539923489574136,1
18,83,constructive,group_2,6,[],18.0,0.20632226713102178,1
18,84,constructive,group_2,5,[],18.0,0.212595344923061,1
18,85,constructive,group_2,6,[],18.0,0.2222329282004837,1
18,86,constructive,group_2,6,[],18.0,0.21286319960644634,1
18,87,constructive,group_2,5,[],18.0,0.19703517512200652,1
18,88,constructive,group_2,5,[],18.0,0.1992766097632967,1
18,89,constructive,group_2,5,[],18.0,0.21079742460350376,1
18,90,constructive,group_2,5,[],18.0,0.2081492801600174,1
18,91,constructive,group_2,5,[],18.0,0.210536728881221,1
18,92,constructive,group_2,5,[],18.0,0.19921874218032884,1
18,93,constructive,group_2,5,[],18.0,0.203721517010473,1
18,94,constructive,group_2,5,[],18.0,0.19771752366226614,1
18,95,constructive,group_2,5,[],18.0,0.21168383188815074,1
18,96,constructive,group_2,5,[],18.0,0.21205566147486485,1
18,97,constructive,group_2,5,[],18.0,0.19975141042709127,1
18,98,constructive,group_2,5,[],18.0,0.1932877907467686,1
18,99,constructive,group_2,6,[],18.0,0.2120183886931298,1
18,100,constructive,group_3,5,[],18.0,0.20690252742862172,1
18,101,constructive,group_3,5,[],18.0,0.18601302680429596,1
18,102,constructive,group_3,5,[],18.0,0.20589458408643108,1
18,103,constructive,group_3,5,[],18.0,0.19129009361026644,1
18,104,constructive,group_3,5,[],18.0,0.20306605430561847,1
18,105,constructive,group_3,5,[],18.0,0.21586188830524203,1
18,106,constructive,group_3,5,[],18.0,0.19654213354706912,1
18,107,constructive,group_3,5,[],18.0,0.1988210308301381,1
18,108,constructive,group_3,7,[],18.0,0.21135530926373525,1
18,109,constructive,group_3,5,[],18.0,0.19692980383768655,1
18,110,constructive,group_3,5,[],18.0,0.1962546297722099,1
18,111,constructive,group_3,5,[],18.0,0.20932944398447262,1
18,112,constructive,group_3,5,[],18.0,0.21356723254210683,1
18,113,constructive,group_3,5,[],18.0,0.199228813711393,1
18,114,constructive,group_3,5,[],18.0,0.21216574403553431,1
18,115,constructive,group_3,5,[],18.0,0.21937208014842483,1
18,116,constructive,group_3,5,[],18.0,0.22385643562633611,1
18,117,constructive,group_3,6,[],18.0,0.21183550918673202,1
18,118,constructive,group_3,5,[],18.0,0.19537396730453918,1
18,119,constructive,group_3,5,[],18.0,0.20911825963654204,1
18,120,constructive,group_3,5,[],18.0,0.18843420877030517,1
18,121,constructive,group_3,5,[],18.0,0.20612348089494867,1
18,122,constructive,group_3,5,[],18.0,0.2036118210713934,1
18,123,constructive,group_3,5,[],18.0,0.21589821075425747,1
18,124,constructive,group_3,5,[],18.0,0.20569705844164643,1
18,125,constructive,group_3,5,[],18.0,0.22395020542169214,1
18,126,constructive,group_3,5,[],18.0,0.20660087212375586,1
18,127,constructive,group_3,5,[],18.0,0.21483893903961682,1
18,128,constructive,group_3,5,[],18.0,0.199211795443539,1
18,129,constructive,group_3,5,[],18.0,0.19741712225948002,1
18,130,constructive,group_3,5,[],18.0,0.20250390253490885,1
18,131,constructive,group_3,5,[],18.0,0.21487853512913585,1
18,132,constructive,group_3,5,[],18.0,0.20044361299949282,1
18,133,constructive,group_3,7,[],18.0,0.2363500968467464,1
18,134,constructive,group_3,5,[],18.0,0.2198420852302594,1
18,135,constructive,group_3,5,[],18.0,0.20910750937304012,1
18,136,constructive,group_3,5,[],18.0,0.20722584656932547,1
18,137,constructive,group_3,5,[],18.0,0.1934491865991743,1
18,138,constructive,group_3,5,[],18.0,0.21799355180095534,1
18,139,constructive,group_3,5,[],18.0,0.20683324093611116,1
18,140,constructive,group_3,6,[],18.0,0.21110299461246118,1
18,141,constructive,group_3,6,[],18.0,0.22688146728561245,1
18,142,constructive,group_3,5,[],18.0,0.22665342787465975,1
18,143,constructive,group_3,5,[],18.0,0.19899539790931653,1
18,144,constructive,group_3,6,[],18.0,0.22317489408254648,1
18,145,constructive,group_3,5,[],18.0,0.21396548520910633,1
18,146,constructive,group_3,6,[],18.0,0.21449143951665856,1
18,147,constructive,group_3,5,[],18.0,0.2047422691044877,1
18,148,constructive,group_3,5,[],18.0,0.20828085924283551,1
18,149,constructive,group_3,5,[],18.0,0.20878725564677264,1
19,0,active,group_1,5,[],19.0,0.19301346078195106,1
19,1,active,group_1,5,[],19.0,0.21045772113127792,1
19,2,active,group_1,5,[],19.0,0.18716755023330794,1
19,3,active,group_1,4,[],19.0,0.1866281583953991,1
19,4,active,group_1,5,[],19.0,0.19323976278533173,1
19,5,active,group_1,5,[],19.0,0.19025529131335553,1
19,6,active,group_1,5,[],19.0,0.1844535900332726,1
19,7,active,group_1,5,[],19.0,0.1966615733276345,1
19,8,active,group_1,5,[],19.0,0.19419751897774415,1
19,9,active,group_1,5,[],19.0,0.2007066954553042,1
19,10,active,group_1,5,[],19.0,0.2104783750897544,1
19,11,active,group_1,5,[],19.0,0.1908799251565648,1
19,12,active,group_1,5,[],19.0,0.20597733245712124,1
19,13,active,group_1,5,[],19.0,0.20293852158240616,1
19,14,active,group_1,5,[],19.0,0.21274522458872647,1
19,15,active,group_1,5,[],19.0,0.20428016545933336,1
19,16,active,group_1,5,[],19.0,0.19501202381147165,1
19,17,active,group_1,5,[],19.0,0.17382171445604327,1
19,18,active,group_1,5,[],19.0,0.20322720316713783,1
19,19,active,group_1,5,[],19.0,0.20530203692165747,1
19,20,active,group_1,5,[],19.0,0.2175552340622608,1
19,21,active,group_1,5,[],19.0,0.19488146458486605,1
19,22,active,group_1,5,[],19.0,0.19343302082264802,1
19,23,active,group_1,5,[],19.0,0.18356460962861948,1
19,24,active,group_1,5,[],19.0,0.20398099470578668,1
19,25,active,group_1,5,[],19.0,0.20599884728914147,1
19,26,active,group_1,5,[],19.0,0.20013741602819862,1
19,27,active,group_1,5,[],19.0,0.20763576957032376,1
19,28,active,group_1,4,[],19.0,0.19851366524741385,1
19,29,active,group_1,5,[],19.0,0.20660848225034756,1
19,30,active,group_1,5,[],19.0,0.18631245736388213,1
19,31,active,group_1,5,[],19.0,0.20910223856890647,1
19,32,active,group_1,5,[],19.0,0.19596522511723008,1
19,33,active,group_1,4,[],19.0,0.21265666222474025,1
19,34,active,group_1,5,[],19.0,0.19715549113850156,1
19,35,active,group_1,5,[],19.0,0.1868257294872105,1
19,36,active,group_1,5,[],19.0,0.18112628006017886,1
19,37,active,group_1,5,[],19.0,0.19938981322063218,1
19,38,active,group_1,5,[],19.0,0.204343013490853,1
19,39,active,group_1,5,[],19.0,0.17389745831623576,1
19,40,active,group_1,5,[],19.0,0.2008905999795753,1
19,41,active,group_1,5,[],19.0,0.1896610658141848,1
19,42,active,group_1,4,[],19.0,0.20289856001825504,1
19,43,active,group_1,5,[],19.0,0.19010412258237216,1
19,44,active,group_1,5,[],19.0,0.20789686700031967,1
19,45,active,group_1,5,[],19.0,0.19015700320348422,1
19,46,active,group_1,5,[],19.0,0.20350141033694874,1
19,47,active,group_1,5,[],19.0,0.1903941025389616,1
19,48,active,group_1,5,[],19.0,0.20313440101510283,1
19,49,active,group_1,5,[],19.0,0.19692040173756148,1
19,50,constructive,group_2,6,[],19.0,0.20873578240637194,1
19,51,constructive,group_2,6,[],19.0,0.21394960485361986,1
19,52,constructive,group_2,6,[],19.0,0.22078538272290205,1
19,53,constructive,group_2,6,[],19.0,0.20580470402616863,1
19,54,constructive,group_2,6,[],19.0,0.21531278513669516,1
19,55,constructive,group_2,5,[],19.0,0.22126641184693524,1
19,56,constructive,group_2,6,[],19.0,0.21955164494398738,1
19,57,constructive,group_2,7,[],19.0,0.22553719194673247,1
19,58,constructive,group_2,5,[],19.0,0.21647835556934547,1
19,59,constructive,group_2,6,[],19.0,0.2198732065398999,1
19,60,constructive,group_2,7,[],19.0,0.24135700807947275,1
19,61,constructive,group_2,6,[],19.0,0.20483120235570534,1
19,62,constructive,group_2,7,[],19.0,0.21936096869097602,1
19,63,constructive,group_2,6,[],19.0,0.2152447570915636,1
19,64,constructive,group_2,5,[],19.0,0.1868028037612,1
19,65,constructive,group_2,6,[],19.0,0.2200418796614146,1
19,66,constructive,group_2,6,[],19.0,0.21254926293441131,1
19,67,constructive,group_2,6,[],19.0,0.2216177700882084,1
19,68,constructive,group_2,7,[],19.0,0.22873969193015736,1
19,69,constructive,group_2,6,[],19.0,0.22311142376509907,1
19,70,constructive,group_2,7,[],19.0,0.24401370729154115,1
19,71,constructive,group_2,6,[],19.0,0.2073554695441496,1
19,72,constructive,group_2,5,[],19.0,0.20575892480397,1
19,73,constructive,group_2,6,[],19.0,0.19509108234549014,1
19,74,constructive,group_2,6,[],19.0,0.20248569622239487,1
19,75,constructive,group_2,6,[],19.0,0.2261509468705528,1
19,76,constructive,group_2,6,[],19.0,0.2137887338085362,1
19,77,constructive,group_2,6,[],19.0,0.2156486265229121,1
19,78,constructive,group_2,5,[],19.0,0.19188798757268746,1
19,79,constructive,group_2,5,[],19.0,0.20888869043582883,1
19,80,constructive,group_2,7,[],19.0,0.2342408262237945,1
19,81,constructive,group_2,5,[],19.0,0.21638398724441404,1
19,82,constructive,group_2,5,[],19.0,0.2098310246069392,1
19,83,constructive,group_2,7,[],19.0,0.22608574460211034,1
19,84,constructive,group_2,6,[],19.0,0.21790098699919977,1
19,85,constructive,group_2,7,[],19.0,0.24072665833851076,1
19,86,constructive,group_2,7,[],19.0,0.22949122468296146,1
19,87,constructive,group_2,5,[],19.0,0.20172645299354044,1
19,88,constructive,group_2,5,[],19.0,0.20567776705242086,1
19,89,constructive,group_2,5,[],19.0,0.21669308149183011,1
19,90,constructive,group_2,6,[],19.0,0.21147828183052703,1
19,91,constructive,group_2,6,[],19.0,0.21354297854445706,1
19,92,constructive,group_2,6,[],19.0,0.2042653777493851,1
19,93,constructive,group_2,5,[],19.0,0.20800746141070472,1
19,94,constructive,group_2,5,[],19.0,0.20249538215531254,1
19,95,constructive,group_2,5,[],19.0,0.21706400880513935,1
19,96,constructive,group_2,6,[],19.0,0.2149439373112702,1
19,97,constructive,group_2,6,[],19.0,0.20240170566251625,1
19,98,constructive,group_2,6,[],19.0,0.1984995983867073,1
19,99,constructive,group_2,7,[],19.0,0.23183944736519382,1
19,100,constructive,group_3,6,[],19.0,0.2098844764792717,1
19,101,constructive,group_3,5,[],19.0,0.19081830104601966,1
19,102,constructive,group_3,5,[],19.0,0.21041353616550898,1
19,103,constructive,group_3,6,[],19.0,0.1928238532634731,1
19,104,constructive,group_3,6,[],19.0,0.20583701496783474,1
19,105,constructive,group_3,6,[],19.0,0.21844317096022473,1
19,106,constructive,group_3,6,[],19.0,0.20170161773195977,1
19,107,constructive,group_3,6,[],19.0,0.20111650451759186,1
19,108,constructive,group_3,7,[],19.0,0.21722272872000792,1
19,109,constructive,group_3,5,[],19.0,0.20240235992561395,1
19,110,constructive,group_3,5,[],19.0,0.201688468859836,1
19,111,constructive,group_3,6,[],19.0,0.21444851475048904,1
19,112,constructive,group_3,6,[],19.0,0.21618316200011076,1
19,113,constructive,group_3,6,[],19.0,0.20167163586943274,1
19,114,constructive,group_3,5,[],19.0,0.21639812605079228,1
19,115,constructive,group_3,6,[],19.0,0.22427359046773346,1
19,116,constructive,group_3,6,[],19.0,0.22891149784935858,1
19,117,constructive,group_3,7,[],19.0,0.23157468560835542,1
19,118,constructive,group_3,5,[],19.0,0.20088116772638945,1
19,119,constructive,group_3,5,[],19.0,0.21360084453934453,1
19,120,constructive,group_3,5,[],19.0,0.19260572884950675,1
19,121,constructive,group_3,5,[],19.0,0.21002024532211783,1
19,122,constructive,group_3,5,[],19.0,0.20874229615520185,1
19,123,constructive,group_3,6,[],19.0,0.21905130387985353,1
19,124,constructive,group_3,5,[],19.0,0.2104085519654056,1
19,125,constructive,group_3,6,[],19.0,0.22867884189072737,1
19,126,constructive,group_3,5,[],19.0,0.21272736139088666,1
19,127,constructive,group_3,6,[],19.0,0.21729828087666953,1
19,128,constructive,group_3,5,[],19.0,0.2039513043257743,1
19,129,constructive,group_3,6,[],19.0,0.19983225939981034,1
19,130,constructive,group_3,5,[],19.0,0.20648117613556546,1
19,131,constructive,group_3,6,[],19.0,0.2174373279370528,1
19,132,constructive,group_3,6,[],19.0,0.20336666309740892,1
19,133,constructive,group_3,7,[],19.0,0.242958066343762,1
19,134,constructive,group_3,6,[],19.0,0.22289978266281282,1
19,135,constructive,group_3,5,[],19.0,0.21404012848713352,1
19,136,constructive,group_3,6,[],19.0,0.20966902447084798,1
19,137,constructive,group_3,5,[],19.0,0.19814633767456782,1
19,138,constructive,group_3,6,[],19.0,0.22064299800823156,1
19,139,constructive,group_3,5,[],19.0,0.21168525831340243,1
19,140,constructive,group_3,7,[],19.0,0.22791683974150584,1
19,141,constructive,group_3,7,[],19.0,0.2434463727674303,1
19,142,constructive,group_3,6,[],19.0,0.23113550813779504,1
19,143,constructive,group_3,5,[],19.0,0.20527340072216305,1
19,144,constructive,group_3,7,[],19.0,0.23931840221312473,1
19,145,constructive,group_3,6,[],19.0,0.21904468054487963,1
19,146,constructive,group_3,7,[],19.0,0.23428685263047494,1
19,147,constructive,group_3,5,[],19.0,0.20893916938199478,1
19,148,constructive,group_3,5,[],19.0,0.21364468420432114,1
19,149,constructive,group_3,6,[],19.0,0.2136176563712271,1
20,0,active,group_1,5,[],20.0,0.19888397182621348,1
20,1,active,group_1,5,[],20.0,0.21613581590757405,1
20,2,active,group_1,5,[],20.0,0.1930871347802062,1
20,3,active,group_1,5,[],20.0,0.18826561952622745,1
20,4,active,group_1,5,[],20.0,0.1995552832434575,1
20,5,active,group_1,5,[],20.0,0.1969612643873639,1
20,6,active,group_1,5,[],20.0,0.1893727801379811,1
20,7,active,group_1,5,[],20.0,0.20378745369563545,1
20,8,active,group_1,5,[],20.0,0.20061658182903613,1
20,9,active,group_1,5,[],20.0,0.20602147556203132,1
20,10,active,group_1,5,[],20.0,0.21521760322260636,1
20,11,active,group_1,5,[],20.0,0.19596244177824929,1
20,12,active,group_1,5,[],20.0,0.2118522117267851,1
20,13,active,group_1,5,[],20.0,0.20683751857529212,1
20,14,active,group_1,5,[],20.0,0.21795359239912662,1
20,15,active,group_1,5,[],20.0,0.20944145003131123,1
20,16,active,group_1,5,[],20.0,0.20102975578754947,1
20,17,active,group_1,5,[],20.0,0.18010737260692133,1
20,18,active,group_1,6,[],20.0,0.20709872865025333,1
20,19,active,group_1,5,[],20.0,0.2120646795267893,1
20,20,active,group_1,5,[],20.0,0.2225225728232799,1
20,21,active,group_1,5,[],20.0,0.20035564464588734,1
20,22,active,group_1,5,[],20.0,0.19969724107145956,1
20,23,active,group_1,5,[],20.0,0.18939299267767898,1
20,24,active,group_1,5,[],20.0,0.20922889180858903,1
20,25,active,group_1,5,[],20.0,0.21224002034839135,1
20,26,active,group_1,5,[],20.0,0.2052943152011583,1
20,27,active,group_1,5,[],20.0,0.21206263553086369,1
20,28,active,group_1,5,[],20.0,0.20012843898259397,1
20,29,active,group_1,6,[],20.0,0.21024925790025817,1
20,30,active,group_1,5,[],20.0,0.19276808097336273,1
20,31,active,group_1,6,[],20.0,0.21282592317239427,1
20,32,active,group_1,5,[],20.0,0.202168360044997,1
20,33,active,group_1,5,[],20.0,0.2141032883974236,1
20,34,active,group_1,5,[],20.0,0.20311146363866822,1
20,35,active,group_1,5,[],20.0,0.193625866854622,1
20,36,active,group_1,5,[],20.0,0.18659049980819203,1
20,37,active,group_1,5,[],20.0,0.20439315116072004,1
20,38,active,group_1,5,[],20.0,0.2079637234458811,1
20,39,active,group_1,5,[],20.0,0.18107639759711444,1
20,40,active,group_1,5,[],20.0,0.20637234917522013,1
20,41,active,group_1,5,[],20.0,0.1960585248078914,1
20,42,active,group_1,5,[],20.0,0.20450888354727179,1
20,43,active,group_1,5,[],20.0,0.19510639663174603,1
20,44,active,group_1,5,[],20.0,0.21319910205662648,1
20,45,active,group_1,5,[],20.0,0.1965497698867269,1
20,46,active,group_1,5,[],20.0,0.2104107396662908,1
20,47,active,group_1,5,[],20.0,0.19644007135158553,1
20,48,active,group_1,5,[],20.0,0.2069817375746854,1
20,49,active,group_1,5,[],20.0,0.20349979776138832,1
20,50,constructive,group_2,7,[],20.0,0.22917504417796844,1
20,51,constructive,group_2,7,[],20.0,0.23406489802892896,1
20,52,constructive,group_2,7,[],20.0,0.24022901174524475,1
20,53,constructive,group_2,7,[],20.0,0.22518727638364835,1
20,54,constructive,group_2,7,[],20.0,0.23541905252765588,1
20,55,constructive,group_2,6,[],20.0,0.22414454074775686,1
20,56,constructive,group_2,7,[],20.0,0.23906712532637547,1
20,57,constructive,group_2,7,[],20.0,0.2326732527415139,1
20,58,constructive,group_2,6,[],20.0,0.22158710973434764,1
20,59,constructive,group_2,7,[],20.0,0.23974407416627935,1
20,60,constructive,group_2,7,[],20.0,0.2483504363878292,1
20,61,constructive,group_2,7,[],20.0,0.22478013885501538,1
20,62,constructive,group_2,7,[],20.0,0.22485985174697895,1
20,63,constructive,group_2,7,[],20.0,0.23455987105243753,1
20,64,constructive,group_2,6,[],20.0,0.18888226103407008,1
20,65,constructive,group_2,7,[],20.0,0.24049259276333834,1
20,66,constructive,group_2,7,[],20.0,0.231957096348189,1
20,67,constructive,group_2,7,[],20.0,0.24152685920664824,1
20,68,constructive,group_2,7,[],20.0,0.23459613723856138,1
20,69,constructive,group_2,7,[],20.0,0.2427534787394297,1
20,70,constructive,group_2,7,[],20.0,0.250961878756967,1
20,71,constructive,group_2,7,[],20.0,0.226895860370924,1
20,72,constructive,group_2,5,[],20.0,0.2104300565984784,1
20,73,constructive,group_2,7,[],20.0,0.2119993932415991,1
20,74,constructive,group_2,7,[],20.0,0.22252189754106597,1
20,75,constructive,group_2,7,[],20.0,0.24659609815384403,1
20,76,constructive,group_2,7,[],20.0,0.23334136061126665,1
20,77,constructive,group_2,6,[],20.0,0.23303653099857705,1
20,78,constructive,group_2,6,[],20.0,0.1952555466584798,1
20,79,constructive,group_2,5,[],20.0,0.2141284189568438,1
20,80,constructive,group_2,7,[],20.0,0.24088912565600853,1
20,81,constructive,group_2,6,[],20.0,0.2197308084036141,1
20,82,constructive,group_2,6,[],20.0,0.21267385378834983,1
20,83,constructive,group_2,7,[],20.0,0.23287599573712064,1
20,84,constructive,group_2,7,[],20.0,0.23453768927660254,1
20,85,constructive,group_2,7,[],20.0,0.24681021088771632,1
20,86,constructive,group_2,7,[],20.0,0.2365537924031218,1
20,87,constructive,group_2,6,[],20.0,0.20436324741712525,1
20,88,constructive,group_2,5,[],20.0,0.21101238965742844,1
20,89,constructive,group_2,5,[],20.0,0.2217256846116121,1
20,90,constructive,group_2,7,[],20.0,0.23121096692508497,1
20,91,constructive,group_2,7,[],20.0,0.23400575710108354,1
20,92,constructive,group_2,7,[],20.0,0.22079981199203572,1
20,93,constructive,group_2,6,[],20.0,0.2107781539727623,1
20,94,constructive,group_2,6,[],20.0,0.20547598376525925,1
20,95,constructive,group_2,6,[],20.0,0.22008161738499496,1
20,96,constructive,group_2,7,[],20.0,0.2345278633529881,1
20,97,constructive,group_2,7,[],20.0,0.22178825306964572,1
20,98,constructive,group_2,7,[],20.0,0.21495402705239702,1
20,99,constructive,group_2,7,[],20.0,0.2375800576782368,1
20,100,constructive,group_3,7,[],20.0,0.2295231826121332,1
20,101,constructive,group_3,6,[],20.0,0.19415044588794847,1
20,102,constructive,group_3,6,[],20.0,0.2135568657543522,1
20,103,constructive,group_3,7,[],20.0,0.21434957175734035,1
20,104,constructive,group_3,7,[],20.0,0.22529514965710556,1
20,105,constructive,group_3,7,[],20.0,0.2380245349728713,1
20,106,constructive,group_3,7,[],20.0,0.2183291639651579,1
20,107,constructive,group_3,7,[],20.0,0.220763589128337,1
20,108,constructive,group_3,7,[],20.0,0.2222978599285951,1
20,109,constructive,group_3,5,[],20.0,0.20664620363273806,1
20,110,constructive,group_3,5,[],20.0,0.20588163268326148,1
20,111,constructive,group_3,7,[],20.0,0.2312230133368048,1
20,112,constructive,group_3,7,[],20.0,0.23495494559828045,1
20,113,constructive,group_3,7,[],20.0,0.22038755043046412,1
20,114,constructive,group_3,6,[],20.0,0.2187600517012512,1
20,115,constructive,group_3,7,[],20.0,0.24112951531618648,1
20,116,constructive,group_3,7,[],20.0,0.24554464811840004,1
20,117,constructive,group_3,7,[],20.0,0.23871415865949897,1
20,118,constructive,group_3,6,[],20.0,0.20394226391840858,1
20,119,constructive,group_3,5,[],20.0,0.21677023755242697,1
20,120,constructive,group_3,6,[],20.0,0.1953523172799343,1
20,121,constructive,group_3,6,[],20.0,0.21244857121691493,1
20,122,constructive,group_3,6,[],20.0,0.21206760867926877,1
20,123,constructive,group_3,7,[],20.0,0.23853755051902553,1
20,124,constructive,group_3,6,[],20.0,0.21345004818191823,1
20,125,constructive,group_3,7,[],20.0,0.2458316086634662,1
20,126,constructive,group_3,5,[],20.0,0.21775606092580416,1
20,127,constructive,group_3,7,[],20.0,0.2377644191751521,1
20,128,constructive,group_3,6,[],20.0,0.2067239580950817,1
20,129,constructive,group_3,7,[],20.0,0.22020814194832608,1
20,130,constructive,group_3,5,[],20.0,0.20930467017243917,1
20,131,constructive,group_3,7,[],20.0,0.23787003373322455,1
20,132,constructive,group_3,7,[],20.0,0.2233794875520255,1
20,133,constructive,group_3,7,[],20.0,0.24927776249703354,1
20,134,constructive,group_3,7,[],20.0,0.24279497989165377,1
20,135,constructive,group_3,6,[],20.0,0.21728702490629548,1
20,136,constructive,group_3,7,[],20.0,0.22985735006458388,1
20,137,constructive,group_3,5,[],20.0,0.20192930705870257,1
20,138,constructive,group_3,7,[],20.0,0.2395817327445206,1
20,139,constructive,group_3,6,[],20.0,0.21451046340545726,1
20,140,constructive,group_3,7,[],20.0,0.23385372276748018,1
20,141,constructive,group_3,7,[],20.0,0.2501988221827197,1
20,142,constructive,group_3,7,[],20.0,0.24829501900209122,1
20,143,constructive,group_3,5,[],20.0,0.2104818813916975,1
20,144,constructive,group_3,7,[],20.0,0.24594458315933942,1
20,145,constructive,group_3,7,[],20.0,0.23591860623450112,1
20,146,constructive,group_3,7,[],20.0,0.24132904621092136,1
20,147,constructive,group_3,6,[],20.0,0.21157928353492825,1
20,148,constructive,group_3,5,[],20.0,0.21786995461708517,1
20,149,constructive,group_3,7,[],20.0,0.2302177742494537,1
21,0,active,group_1,5,[],21.0,0.20357758661555242,1
21,1,active,group_1,5,[],21.0,0.22063849574175887,1
21,2,active,group_1,5,[],21.0,0.19812631041719148,1
21,3,active,group_1,5,[],21.0,0.19448074997704923,1
21,4,active,group_1,5,[],21.0,0.2048339999836674,1
21,5,active,group_1,5,[],21.0,0.2025519490863464,1
21,6,active,group_1,5,[],21.0,0.19340817678853167,1
21,7,active,group_1,5,[],21.0,0.20965989404955504,1
21,8,active,group_1,5,[],21.0,0.20585384650993882,1
21,9,active,group_1,5,[],21.0,0.2097394907177411,1
21,10,active,group_1,6,[],21.0,0.21816362590771182,1
21,11,active,group_1,5,[],21.0,0.1996248041291021,1
21,12,active,group_1,5,[],21.0,0.21691409547895907,1
21,13,active,group_1,6,[],21.0,0.20911707133719357,1
21,14,active,group_1,5,[],21.0,0.22176656343851536,1
21,15,active,group_1,5,[],21.0,0.21341704412469084,1
21,16,active,group_1,5,[],21.0,0.206213158347799,1
21,17,active,group_1,5,[],21.0,0.18530056812524048,1
21,18,active,group_1,6,[],21.0,0.21816943621042414,1
21,19,active,group_1,5,[],21.0,0.21781572462339716,1
21,20,active,group_1,5,[],21.0,0.2265083772885695,1
21,21,active,group_1,5,[],21.0,0.2048591133143789,1
21,22,active,group_1,5,[],21.0,0.20482894878212704,1
21,23,active,group_1,5,[],21.0,0.19404226377019967,1
21,24,active,group_1,5,[],21.0,0.2136475949040038,1
21,25,active,group_1,5,[],21.0,0.2175300866851086,1
21,26,active,group_1,5,[],21.0,0.20970238488225895,1
21,27,active,group_1,6,[],21.0,0.21457079322630582,1
21,28,active,group_1,5,[],21.0,0.2064415583971932,1
21,29,active,group_1,6,[],21.0,0.2213013070609763,1
21,30,active,group_1,5,[],21.0,0.198212308890181,1
21,31,active,group_1,6,[],21.0,0.22331119608873048,1
21,32,active,group_1,5,[],21.0,0.20750804721462773,1
21,33,active,group_1,5,[],21.0,0.2212015234529093,1
21,34,active,group_1,5,[],21.0,0.20822270519931582,1
21,35,active,group_1,5,[],21.0,0.19946563495440434,1
21,36,active,group_1,5,[],21.0,0.19131021023099287,1
21,37,active,group_1,5,[],21.0,0.20858521369518904,1
21,38,active,group_1,6,[],21.0,0.20989657175521764,1
21,39,active,group_1,5,[],21.0,0.18713678697698222,1
21,40,active,group_1,5,[],21.0,0.21064257919879834,1
21,41,active,group_1,5,[],21.0,0.20154998651944775,1
21,42,active,group_1,5,[],21.0,0.2102454388310772,1
21,43,active,group_1,5,[],21.0,0.1991459894300173,1
21,44,active,group_1,5,[],21.0,0.21718802649040664,1
21,45,active,group_1,5,[],21.0,0.20187967671318482,1
21,46,active,group_1,5,[],21.0,0.21633472255896077,1
21,47,active,group_1,5,[],21.0,0.20150605946808026,1
21,48,active,group_1,6,[],21.0,0.20936004844186812,1
21,49,active,group_1,5,[],21.0,0.20905244007579565,1
21,50,active,group_2,7,[],21.0,0.23603370739043758,1
21,51,active,group_2,7,[],21.0,0.241256332179292,1
21,52,active,group_2,7,[],21.0,0.2467439818043319,1
21,53,active,group_2,7,[],21.0,0.23142718606596943,1
21,54,active,group_2,7,[],21.0,0.24269184514709824,1
21,55,active,group_2,7,[],21.0,0.24312798946771824,1
21,56,active,group_2,7,[],21.0,0.24563610094238197,1
21,57,active,group_2,7,[],21.0,0.23944630467720307,1
21,58,active,group_2,7,[],21.0,0.23879437095878217,1
21,59,active,group_2,7,[],21.0,0.2465592937377341,1
21,60,active,group_2,7,[],21.0,0.2551156035068959,1
21,61,active,group_2,7,[],21.0,0.23101704162590098,1
21,62,active,group_2,7,[],21.0,0.22978004858943865,1
21,63,active,group_2,7,[],21.0,0.24141776826988517,1
21,64,active,group_2,7,[],21.0,0.20835391544964926,1
21,65,active,group_2,7,[],21.0,0.24770607288455024,1
21,66,active,group_2,7,[],21.0,0.23852224338869096,1
21,67,active,group_2,7,[],21.0,0.2478960702162559,1
21,68,active,group_2,7,[],21.0,0.23990879412731356,1
21,69,active,group_2,7,[],21.0,0.24929846131952393,1
21,70,active,group_2,7,[],21.0,0.25766973642300073,1
21,71,active,group_2,7,[],21.0,0.2332062840359658,1
21,72,active,group_2,6,[],21.0,0.21349213827210134,1
21,73,active,group_2,7,[],21.0,0.21878834311564793,1
21,74,active,group_2,7,[],21.0,0.22890557923631052,1
21,75,active,group_2,7,[],21.0,0.2528961258584706,1
21,76,active,group_2,7,[],21.0,0.2398944594326029,1
21,77,active,group_2,7,[],21.0,0.2377112121703416,1
21,78,active,group_2,7,[],21.0,0.215413174490154,1
21,79,active,group_2,6,[],21.0,0.2175083511373539,1
21,80,active,group_2,7,[],21.0,0.24703111548111495,1
21,81,active,group_2,7,[],21.0,0.23973515926719036,1
21,82,active,group_2,7,[],21.0,0.23274955421200277,1
21,83,active,group_2,7,[],21.0,0.23918908878427034,1
21,84,active,group_2,7,[],21.0,0.2411923600158395,1
21,85,active,group_2,7,[],21.0,0.252436007412285,1
21,86,active,group_2,7,[],21.0,0.24340343875882448,1
21,87,active,group_2,7,[],21.0,0.22400148683837898,1
21,88,active,group_2,6,[],21.0,0.2137118088309252,1
21,89,active,group_2,6,[],21.0,0.22457404057152494,1
21,90,active,group_2,7,[],21.0,0.2372646872312875,1
21,91,active,group_2,7,[],21.0,0.2408097673567498,1
21,92,active,group_2,7,[],21.0,0.22730450697915602,1
21,93,active,group_2,7,[],21.0,0.2315918734539281,1
21,94,active,group_2,7,[],21.0,0.22537424733396283,1
21,95,active,group_2,7,[],21.0,0.23935032901977013,1
21,96,active,group_2,7,[],21.0,0.24074687108949075,1
21,97,active,group_2,7,[],21.0,0.2282383696525867,1
21,98,active,group_2,7,[],21.0,0.2213222674453053,1
21,99,active,group_2,7,[],21.0,0.24286307160773463,1
21,100,constructive,group_3,7,[],21.0,0.2356264256832549,1
21,101,constructive,group_3,7,[],21.0,0.21381329338790786,1
21,102,constructive,group_3,7,[],21.0,0.23366025010644148,1
21,103,constructive,group_3,7,[],21.0,0.22089792311732057,1
21,104,constructive,group_3,7,[],21.0,0.23111916941723515,1
21,105,constructive,group_3,7,[],21.0,0.244571891535612,1
21,106,constructive,group_3,7,[],21.0,0.22539303912862638,1
21,107,constructive,group_3,7,[],21.0,0.22670985915567865,1
21,108,constructive,group_3,7,[],21.0,0.2266164515426526,1
21,109,constructive,group_3,6,[],21.0,0.20884318007644592,1
21,110,constructive,group_3,6,[],21.0,0.2080523853202189,1
21,111,constructive,group_3,7,[],21.0,0.23852213565680896,1
21,112,constructive,group_3,7,[],21.0,0.24218556010900447,1
21,113,constructive,group_3,7,[],21.0,0.22682204989199378,1
21,114,constructive,group_3,7,[],21.0,0.23848578109619245,1
21,115,constructive,group_3,7,[],21.0,0.24780207907823906,1
21,116,constructive,group_3,7,[],21.0,0.2523341966110199,1
21,117,constructive,group_3,7,[],21.0,0.24526477106157807,1
21,118,constructive,group_3,7,[],21.0,0.22238435481579755,1
21,119,constructive,group_3,6,[],21.0,0.2184240199118277,1
21,120,constructive,group_3,7,[],21.0,0.21557212717321939,1
21,121,constructive,group_3,7,[],21.0,0.2333783178465688,1
21,122,constructive,group_3,7,[],21.0,0.23182074098169414,1
21,123,constructive,group_3,7,[],21.0,0.2452067175265548,1
21,124,constructive,group_3,7,[],21.0,0.23344604306559966,1
21,125,constructive,group_3,7,[],21.0,0.25234986622018324,1
21,126,constructive,group_3,6,[],21.0,0.22032052217327142,1
21,127,constructive,group_3,7,[],21.0,0.2452003909284184,1
21,128,constructive,group_3,7,[],21.0,0.2270063586987296,1
21,129,constructive,group_3,7,[],21.0,0.22686612010547008,1
21,130,constructive,group_3,6,[],21.0,0.2108687544964889,1
21,131,constructive,group_3,7,[],21.0,0.24501648315422103,1
21,132,constructive,group_3,7,[],21.0,0.23013021677678985,1
21,133,constructive,group_3,8,[],21.0,0.2539215280613222,1
21,134,constructive,group_3,7,[],21.0,0.24923947936011898,1
21,135,constructive,group_3,7,[],21.0,0.236847528915672,1
21,136,constructive,group_3,7,[],21.0,0.23530542280768024,1
21,137,constructive,group_3,6,[],21.0,0.2042745396831743,1
21,138,constructive,group_3,7,[],21.0,0.24675667045948452,1
21,139,constructive,group_3,7,[],21.0,0.234433154540087,1
21,140,constructive,group_3,7,[],21.0,0.23937118321220657,1
21,141,constructive,group_3,7,[],21.0,0.2566977683067443,1
21,142,constructive,group_3,7,[],21.0,0.2556515259928682,1
21,143,constructive,group_3,6,[],21.0,0.21324948496772672,1
21,144,constructive,group_3,7,[],21.0,0.2521887092986861,1
21,145,constructive,group_3,7,[],21.0,0.24237925096658475,1
21,146,constructive,group_3,7,[],21.0,0.2476716208217633,1
21,147,constructive,group_3,7,[],21.0,0.23198201442983746,1
21,148,constructive,group_3,6,[],21.0,0.22010989818253343,1
21,149,constructive,group_3,7,[],21.0,0.23668843724536465,1
22,0,active,group_1,6,[],22.0,0.20633108225038038,1
22,1,active,group_1,6,[],22.0,0.22327156985017788,1
22,2,active,group_1,5,[],22.0,0.20220503771792786,1
22,3,active,group_1,5,[],22.0,0.1996029070528641,1
22,4,active,group_1,5,[],22.0,0.2091772633230417,1
22,5,active,group_1,5,[],22.0,0.2070999696854415,1
22,6,active,group_1,5,[],22.0,0.19604551712620985,1
22,7,active,group_1,5,[],22.0,0.21443625909016367,1
22,8,active,group_1,5,[],22.0,0.21026102024818671,1
22,9,active,group_1,6,[],22.0,0.21157900217793033,1
22,10,active,group_1,6,[],22.0,0.2295008795829939,1
22,11,active,group_1,6,[],22.0,0.20154417242674566,1
22,12,active,group_1,5,[],22.0,0.22061964698078113,1
22,13,active,group_1,6,[],22.0,0.22038275792420986,1
22,14,active,group_1,6,[],22.0,0.22379184213593453,1
22,15,active,group_1,6,[],22.0,0.21570524308969566,1
22,16,active,group_1,5,[],22.0,0.20999528449173285,1
22,17,active,group_1,5,[],22.0,0.1896376040900496,1
22,18,active,group_1,7,[],22.0,0.2245141451589967,1
22,19,active,group_1,5,[],22.0,0.2222820523530291,1
22,20,active,group_1,6,[],22.0,0.22899825858113934,1
22,21,active,group_1,6,[],22.0,0.20772835491752245,1
22,22,active,group_1,5,[],22.0,0.20915097748389858,1
22,23,active,group_1,6,[],22.0,0.19676503863908582,1
22,24,active,group_1,5,[],22.0,0.21666108737111203,1
22,25,active,group_1,5,[],22.0,0.22179067492780788,1
22,26,active,group_1,5,[],22.0,0.2128639617079507,1
22,27,active,group_1,6,[],22.0,0.22625018149293052,1
22,28,active,group_1,5,[],22.0,0.21187405742101523,1
22,29,active,group_1,7,[],22.0,0.22819758176095117,1
22,30,active,group_1,5,[],22.0,0.2026004986646206,1
22,31,active,group_1,7,[],22.0,0.23010216328749836,1
22,32,active,group_1,5,[],22.0,0.21137976852338722,1
22,33,active,group_1,5,[],22.0,0.22711973552207448,1
22,34,active,group_1,5,[],22.0,0.2118497615054653,1
22,35,active,group_1,5,[],22.0,0.20369588884882686,1
22,36,active,group_1,5,[],22.0,0.19500518368617548,1
22,37,active,group_1,5,[],22.0,0.21144301045590402,1
22,38,active,group_1,6,[],22.0,0.22137839721643288,1
22,39,active,group_1,5,[],22.0,0.19183364068391717,1
22,40,active,group_1,6,[],22.0,0.21309368945023963,1
22,41,active,group_1,5,[],22.0,0.2057398614512147,1
22,42,active,group_1,5,[],22.0,0.21518824679037324,1
22,43,active,group_1,6,[],22.0,0.20169409942270672,1
22,44,active,group_1,6,[],22.0,0.21937955179329266,1
22,45,active,group_1,5,[],22.0,0.2062677289646639,1
22,46,active,group_1,5,[],22.0,0.22068503164282824,1
22,47,active,group_1,5,[],22.0,0.20570061750789,1
22,48,active,group_1,6,[],22.0,0.22089288636153168,1
22,49,active,group_1,5,[],22.0,0.21349586241720706,1
22,50,active,group_2,7,[],22.0,0.24273351678287097,1
22,51,active,group_2,7,[],22.0,0.24849147757075948,1
22,52,active,group_2,7,[],22.0,0.2531027384094996,1
22,53,active,group_2,7,[],22.0,0.23759857772481602,1
22,54,active,group_2,7,[],22.0,0.2500441116800365,1
22,55,active,group_2,7,[],22.0,0.24995550804749694,1
22,56,active,group_2,7,[],22.0,0.25176648460877593,1
22,57,active,group_2,8,[],22.0,0.24498989422357242,1
22,58,active,group_2,7,[],22.0,0.24610366584201482,1
22,59,active,group_2,7,[],22.0,0.2533949889825208,1
22,60,active,group_2,8,[],22.0,0.25972147359809844,1
22,61,active,group_2,7,[],22.0,0.23714246474866857,1
22,62,active,group_2,7,[],22.0,0.23396610412909893,1
22,63,active,group_2,7,[],22.0,0.24831726470835708,1
22,64,active,group_2,7,[],22.0,0.21492979811609653,1
22,65,active,group_2,7,[],22.0,0.2549934693947633,1
22,66,active,group_2,7,[],22.0,0.24498913599737265,1
22,67,active,group_2,7,[],22.0,0.25419147201343784,1
22,68,active,group_2,7,[],22.0,0.24445874232845366,1
22,69,active,group_2,7,[],22.0,0.2558295557559159,1
22,70,active,group_2,8,[],22.0,0.2622200539510785,1
22,71,active,group_2,7,[],22.0,0.23945232413678327,1
22,72,active,group_2,7,[],22.0,0.23326717730968305,1
22,73,active,group_2,7,[],22.0,0.2253632050506221,1
22,74,active,group_2,7,[],22.0,0.23524761631738075,1
22,75,active,group_2,7,[],22.0,0.2590904071707969,1
22,76,active,group_2,7,[],22.0,0.24575685586916127,1
22,77,active,group_2,7,[],22.0,0.24448050274435645,1
22,78,active,group_2,7,[],22.0,0.22128583510260508,1
22,79,active,group_2,7,[],22.0,0.23753062260488916,1
22,80,active,group_2,7,[],22.0,0.2523069082465429,1
22,81,active,group_2,7,[],22.0,0.24622311046174175,1
22,82,active,group_2,7,[],22.0,0.23946081994623394,1
22,83,active,group_2,7,[],22.0,0.24456853262799344,1
22,84,active,group_2,7,[],22.0,0.2473525129348797,1
22,85,active,group_2,7,[],22.0,0.25712754382037106,1
22,86,active,group_2,8,[],22.0,0.24806011234795503,1
22,87,active,group_2,7,[],22.0,0.23108280448133764,1
22,88,active,group_2,7,[],22.0,0.23257766862320453,1
22,89,active,group_2,7,[],22.0,0.2440854280347077,1
22,90,active,group_2,7,[],22.0,0.24317662466647522,1
22,91,active,group_2,7,[],22.0,0.24760858795423157,1
22,92,active,group_2,7,[],22.0,0.23378288364841465,1
22,93,active,group_2,7,[],22.0,0.2384060923804626,1
22,94,active,group_2,7,[],22.0,0.23213825041657193,1
22,95,active,group_2,7,[],22.0,0.24618938831099482,1
22,96,active,group_2,7,[],22.0,0.24684146158273657,1
22,97,active,group_2,7,[],22.0,0.23410275502349354,1
22,98,active,group_2,7,[],22.0,0.22750865732174894,1
22,99,active,group_2,8,[],22.0,0.2470529144741127,1
22,100,constructive,group_3,7,[],22.0,0.2413155687114013,1
22,101,constructive,group_3,7,[],22.0,0.21959102802030048,1
22,102,constructive,group_3,7,[],22.0,0.24032233514256046,1
22,103,constructive,group_3,7,[],22.0,0.22713361288225759,1
22,104,constructive,group_3,7,[],22.0,0.23637843702975553,1
22,105,constructive,group_3,7,[],22.0,0.2507551500273121,1
22,106,constructive,group_3,7,[],22.0,0.23203269832340473,1
22,107,constructive,group_3,7,[],22.0,0.2322074773761221,1
22,108,constructive,group_3,8,[],22.0,0.2294971219654724,1
22,109,constructive,group_3,7,[],22.0,0.22854872311402227,1
22,110,constructive,group_3,7,[],22.0,0.22768779323425817,1
22,111,constructive,group_3,7,[],22.0,0.24561184333022684,1
22,112,constructive,group_3,7,[],22.0,0.24923109958635908,1
22,113,constructive,group_3,7,[],22.0,0.23269328556370783,1
22,114,constructive,group_3,7,[],22.0,0.24413707965927464,1
22,115,constructive,group_3,7,[],22.0,0.2540136996251398,1
22,116,constructive,group_3,7,[],22.0,0.25863615356544173,1
22,117,constructive,group_3,7,[],22.0,0.2507544210132856,1
22,118,constructive,group_3,7,[],22.0,0.22883455187996787,1
22,119,constructive,group_3,7,[],22.0,0.24003347898170677,1
22,120,constructive,group_3,7,[],22.0,0.2220934779632914,1
22,121,constructive,group_3,7,[],22.0,0.2391829654008923,1
22,122,constructive,group_3,7,[],22.0,0.23835517388142455,1
22,123,constructive,group_3,7,[],22.0,0.2515921519604186,1
22,124,constructive,group_3,7,[],22.0,0.24001717520860688,1
22,125,constructive,group_3,7,[],22.0,0.2582705101171243,1
22,126,constructive,group_3,7,[],22.0,0.23939925869676748,1
22,127,constructive,group_3,7,[],22.0,0.25239601971728703,1
22,128,constructive,group_3,7,[],22.0,0.23301246905631667,1
22,129,constructive,group_3,7,[],22.0,0.23271350527232193,1
22,130,constructive,group_3,7,[],22.0,0.23280443688466051,1
22,131,constructive,group_3,7,[],22.0,0.25191659116329507,1
22,132,constructive,group_3,7,[],22.0,0.23662457509271734,1
22,133,constructive,group_3,8,[],22.0,0.25983102884171966,1
22,134,constructive,group_3,7,[],22.0,0.25517590847668187,1
22,135,constructive,group_3,7,[],22.0,0.24382231947452823,1
22,136,constructive,group_3,7,[],22.0,0.24020648518093218,1
22,137,constructive,group_3,7,[],22.0,0.22463784409932702,1
22,138,constructive,group_3,7,[],22.0,0.2534110173626463,1
22,139,constructive,group_3,7,[],22.0,0.2401790830414016,1
22,140,constructive,group_3,7,[],22.0,0.24355149734490097,1
22,141,constructive,group_3,8,[],22.0,0.26130363543601376,1
22,142,constructive,group_3,7,[],22.0,0.2628505047877784,1
22,143,constructive,group_3,7,[],22.0,0.23180309065106858,1
22,144,constructive,group_3,7,[],22.0,0.25712385332809073,1
22,145,constructive,group_3,7,[],22.0,0.2484833991711572,1
22,146,constructive,group_3,7,[],22.0,0.2530947910231801,1
22,147,constructive,group_3,7,[],22.0,0.2380902074762888,1
22,148,constructive,group_3,7,[],22.0,0.23998123967869725,1
22,149,constructive,group_3,7,[],22.0,0.24275813034017618,1
23,0,active,group_1,6,[],23.0,0.2178210161958704,1
23,1,active,group_1,6,[],23.0,0.2346706613448004,1
23,2,active,group_1,6,[],23.0,0.2047833337018735,1
23,3,active,group_1,5,[],23.0,0.2039000624725483,1
23,4,active,group_1,6,[],23.0,0.2119761246481504,1
23,5,active,group_1,6,[],23.0,0.20991000912231866,1
23,6,active,group_1,6,[],23.0,0.1973619473471609,1
23,7,active,group_1,6,[],23.0,0.21733690361807906,1
23,8,active,group_1,5,[],23.0,0.21326351716658082,1
23,9,active,group_1,6,[],23.0,0.22322945388855403,1
23,10,active,group_1,7,[],23.0,0.23690233832773927,1
23,11,active,group_1,6,[],23.0,0.21286933003801015,1
23,12,active,group_1,6,[],23.0,0.2226083289394944,1
23,13,active,group_1,7,[],23.0,0.22858370234254682,1
23,14,active,group_1,6,[],23.0,0.23482920254251996,1
23,15,active,group_1,6,[],23.0,0.2274382562130126,1
23,16,active,group_1,6,[],23.0,0.21199820663654897,1
23,17,active,group_1,5,[],23.0,0.1925424297525913,1
23,18,active,group_1,7,[],23.0,0.2310261413102858,1
23,19,active,group_1,6,[],23.0,0.22478702686143676,1
23,20,active,group_1,6,[],23.0,0.24026840066761584,1
23,21,active,group_1,6,[],23.0,0.21872667777322988,1
23,22,active,group_1,5,[],23.0,0.2121175234851894,1
23,23,active,group_1,6,[],23.0,0.20758164152984743,1
23,24,active,group_1,6,[],23.0,0.2182020702445941,1
23,25,active,group_1,6,[],23.0,0.2244185922726573,1
23,26,active,group_1,6,[],23.0,0.21459138254580407,1
23,27,active,group_1,7,[],23.0,0.23339266522553492,1
23,28,active,group_1,5,[],23.0,0.21580245863026143,1
23,29,active,group_1,7,[],23.0,0.23419880751659855,1
23,30,active,group_1,6,[],23.0,0.2052858256656574,1
23,31,active,group_1,7,[],23.0,0.23711430119287638,1
23,32,active,group_1,6,[],23.0,0.21338911274535594,1
23,33,active,group_1,5,[],23.0,0.23185307036047664,1
23,34,active,group_1,6,[],23.0,0.21370702837369646,1
23,35,active,group_1,6,[],23.0,0.20580976582576255,1
23,36,active,group_1,6,[],23.0,0.19725215851579536,1
23,37,active,group_1,6,[],23.0,0.21292800389550623,1
23,38,active,group_1,7,[],23.0,0.22932304739425105,1
23,39,active,group_1,6,[],23.0,0.19440424427743036,1
23,40,active,group_1,6,[],23.0,0.22478361452682952,1
23,41,active,group_1,6,[],23.0,0.20806252108690879,1
23,42,active,group_1,5,[],23.0,0.21905421370668615,1
23,43,active,group_1,6,[],23.0,0.21298374893654115,1
23,44,active,group_1,6,[],23.0,0.2304998515531287,1
23,45,active,group_1,6,[],23.0,0.20909100601367223,1
23,46,active,group_1,6,[],23.0,0.22288964458251764,1
23,47,active,group_1,5,[],23.0,0.20847356283061935,1
23,48,active,group_1,7,[],23.0,0.22954239746596344,1
23,49,active,group_1,6,[],23.0,0.2161597970177859,1
23,50,active,group_2,7,[],23.0,0.2476257893739809,1
23,51,active,group_2,8,[],23.0,0.25325184516763166,1
23,52,active,group_2,7,[],23.0,0.2577548033806026,1
23,53,active,group_2,8,[],23.0,0.24167098990871586,1
23,54,active,group_2,8,[],23.0,0.25414411082401733,1
23,55,active,group_2,7,[],23.0,0.25581714425146995,1
23,56,active,group_2,7,[],23.0,0.25661952787140174,1
23,57,active,group_2,8,[],23.0,0.25107956136326787,1
23,58,active,group_2,7,[],23.0,0.25233650482771824,1
23,59,active,group_2,8,[],23.0,0.25745888270391454,1
23,60,active,group_2,8,[],23.0,0.26619009359729273,1
23,61,active,group_2,7,[],23.0,0.24147010619617032,1
23,62,active,group_2,8,[],23.0,0.23629216704470063,1
23,63,active,group_2,8,[],23.0,0.25265319937013947,1
23,64,active,group_2,7,[],23.0,0.22039189017287658,1
23,65,active,group_2,8,[],23.0,0.2590964425810963,1
23,66,active,group_2,7,[],23.0,0.24958919624166795,1
23,67,active,group_2,8,[],23.0,0.2579960572127982,1
23,68,active,group_2,8,[],23.0,0.2468709969114597,1
23,69,active,group_2,8,[],23.0,0.260053789700201,1
23,70,active,group_2,8,[],23.0,0.26901976673329964,1
23,71,active,group_2,8,[],23.0,0.24337075279229037,1
23,72,active,group_2,7,[],23.0,0.2403483665591291,1
23,73,active,group_2,7,[],23.0,0.23025828539839382,1
23,74,active,group_2,8,[],23.0,0.239346805909917,1
23,75,active,group_2,7,[],23.0,0.26347454411725296,1
23,76,active,group_2,7,[],23.0,0.25058819807191945,1
23,77,active,group_2,7,[],23.0,0.2500774364692712,1
23,78,active,group_2,7,[],23.0,0.2263493073551079,1
23,79,active,group_2,7,[],23.0,0.24325793424693948,1
23,80,active,group_2,8,[],23.0,0.2548057900309722,1
23,81,active,group_2,7,[],23.0,0.25180268514028714,1
23,82,active,group_2,7,[],23.0,0.2451692904394287,1
23,83,active,group_2,8,[],23.0,0.24701813304317338,1
23,84,active,group_2,7,[],23.0,0.25226822558448003,1
23,85,active,group_2,8,[],23.0,0.25938450278067565,1
23,86,active,group_2,8,[],23.0,0.25389347558648784,1
23,87,active,group_2,7,[],23.0,0.23711490331026716,1
23,88,active,group_2,7,[],23.0,0.23999792714192428,1
23,89,active,group_2,7,[],23.0,0.25138078437356304,1
23,90,active,group_2,7,[],23.0,0.24740275132424214,1
23,91,active,group_2,8,[],23.0,0.25152589211318754,1
23,92,active,group_2,8,[],23.0,0.23780570257913242,1
23,93,active,group_2,7,[],23.0,0.24412635234627925,1
23,94,active,group_2,7,[],23.0,0.23791150929299465,1
23,95,active,group_2,7,[],23.0,0.2520082365754884,1
23,96,active,group_2,7,[],23.0,0.25118848849634534,1
23,97,active,group_2,7,[],23.0,0.23888014905837335,1
23,98,active,group_2,7,[],23.0,0.2320857101173562,1
23,99,active,group_2,8,[],23.0,0.25355050655755035,1
23,100,constructive,group_3,7,[],23.0,0.245738604906197,1
23,101,constructive,group_3,7,[],23.0,0.22488669805615738,1
23,102,constructive,group_3,7,[],23.0,0.24669116100918495,1
23,103,constructive,group_3,8,[],23.0,0.23181455329622244,1
23,104,constructive,group_3,7,[],23.0,0.2406756100974005,1
23,105,constructive,group_3,8,[],23.0,0.25474255240497745,1
23,106,constructive,group_3,7,[],23.0,0.23739023693830755,1
23,107,constructive,group_3,7,[],23.0,0.23650959614922598,1
23,108,constructive,group_3,8,[],23.0,0.23471015601856351,1
23,109,constructive,group_3,7,[],23.0,0.23529302748148467,1
23,110,constructive,group_3,7,[],23.0,0.23489401106084182,1
23,111,constructive,group_3,8,[],23.0,0.2508139997354102,1
23,112,constructive,group_3,8,[],23.0,0.2542385113863529,1
23,113,constructive,group_3,7,[],23.0,0.23758451447118295,1
23,114,constructive,group_3,7,[],23.0,0.24908439468099397,1
23,115,constructive,group_3,7,[],23.0,0.25907147045251483,1
23,116,constructive,group_3,7,[],23.0,0.2638117325567413,1
23,117,constructive,group_3,8,[],23.0,0.25364385711450466,1
23,118,constructive,group_3,7,[],23.0,0.23471127201010705,1
23,119,constructive,group_3,7,[],23.0,0.24620922664895134,1
23,120,constructive,group_3,7,[],23.0,0.2283155050306624,1
23,121,constructive,group_3,7,[],23.0,0.2439548021790972,1
23,122,constructive,group_3,7,[],23.0,0.24450282357045805,1
23,123,constructive,group_3,8,[],23.0,0.2559182615130897,1
23,124,constructive,group_3,7,[],23.0,0.24611643998100266,1
23,125,constructive,group_3,7,[],23.0,0.26324256902117577,1
23,126,constructive,group_3,7,[],23.0,0.2463470643805586,1
23,127,constructive,group_3,8,[],23.0,0.2577977221732931,1
23,128,constructive,group_3,7,[],23.0,0.2383945757215106,1
23,129,constructive,group_3,7,[],23.0,0.23778110979024952,1
23,130,constructive,group_3,7,[],23.0,0.24004445363051863,1
23,131,constructive,group_3,8,[],23.0,0.25708119458265116,1
23,132,constructive,group_3,8,[],23.0,0.24112721721658711,1
23,133,constructive,group_3,8,[],23.0,0.2647043156262702,1
23,134,constructive,group_3,7,[],23.0,0.26005832690478,1
23,135,constructive,group_3,7,[],23.0,0.25052031966068866,1
23,136,constructive,group_3,7,[],23.0,0.2440536106394954,1
23,137,constructive,group_3,7,[],23.0,0.23086092658783225,1
23,138,constructive,group_3,7,[],23.0,0.25891147170847206,1
23,139,constructive,group_3,7,[],23.0,0.2453744221514838,1
23,140,constructive,group_3,8,[],23.0,0.2456808949512086,1
23,141,constructive,group_3,8,[],23.0,0.2676528290961875,1
23,142,constructive,group_3,8,[],23.0,0.2675571742504737,1
23,143,constructive,group_3,7,[],23.0,0.2381501083679467,1
23,144,constructive,group_3,8,[],23.0,0.25957043316669,1
23,145,constructive,group_3,8,[],23.0,0.2531955415262302,1
23,146,constructive,group_3,8,[],23.0,0.25614515628445245,1
23,147,constructive,group_3,7,[],23.0,0.2437914409372718,1
23,148,constructive,group_3,7,[],23.0,0.24641575931352871,1
23,149,constructive,group_3,7,[],23.0,0.2475720435079848,1
24,0,active,group_1,7,[],24.0,0.22480850980031244,1
24,1,active,group_1,7,[],24.0,0.24196412757660815,1
24,2,active,group_1,6,[],24.0,0.21566446954313467,1
24,3,active,group_1,5,[],24.0,0.20682125660746223,1
24,4,active,group_1,6,[],24.0,0.22289267843501448,1
24,5,active,group_1,6,[],24.0,0.2207399919907483,1
24,6,active,group_1,6,[],24.0,0.20921694949150801,1
24,7,active,group_1,6,[],24.0,0.2286048736649137,1
24,8,active,group_1,6,[],24.0,0.21479815306022912,1
24,9,active,group_1,7,[],24.0,0.23034608644619534,1
24,10,active,group_1,7,[],24.0,0.24357057161927007,1
24,11,active,group_1,7,[],24.0,0.22063308642103346,1
24,12,active,group_1,6,[],24.0,0.2340484807579534,1
24,13,active,group_1,7,[],24.0,0.23491996605053783,1
24,14,active,group_1,7,[],24.0,0.24250192482684935,1
24,15,active,group_1,7,[],24.0,0.23541941480369286,1
24,16,active,group_1,6,[],24.0,0.2228890960739732,1
24,17,active,group_1,6,[],24.0,0.19400339995526922,1
24,18,active,group_1,7,[],24.0,0.23659448135943797,1
24,19,active,group_1,6,[],24.0,0.23577895629248663,1
24,20,active,group_1,7,[],24.0,0.24877779970801997,1
24,21,active,group_1,7,[],24.0,0.22665476978675653,1
24,22,active,group_1,6,[],24.0,0.21365770321252392,1
24,23,active,group_1,7,[],24.0,0.21473847038796529,1
24,24,active,group_1,6,[],24.0,0.2303292894213315,1
24,25,active,group_1,6,[],24.0,0.2351614093132694,1
24,26,active,group_1,6,[],24.0,0.22674624523900744,1
24,27,active,group_1,7,[],24.0,0.2406374219147706,1
24,28,active,group_1,6,[],24.0,0.21781977646069534,1
24,29,active,group_1,7,[],24.0,0.23937158692843327,1
24,30,active,group_1,6,[],24.0,0.21603000157865032,1
24,31,active,group_1,7,[],24.0,0.2429605016171173,1
24,32,active,group_1,6,[],24.0,0.22489804424974977,1
24,33,active,group_1,6,[],24.0,0.23462328757825018,1
24,34,active,group_1,6,[],24.0,0.22537553920913195,1
24,35,active,group_1,6,[],24.0,0.2170745625358713,1
24,36,active,group_1,6,[],24.0,0.208541141665307,1
24,37,active,group_1,6,[],24.0,0.224487731901814,1
24,38,active,group_1,7,[],24.0,0.2364749195400834,1
24,39,active,group_1,6,[],24.0,0.20530760281217786,1
24,40,active,group_1,7,[],24.0,0.2323088064448331,1
24,41,active,group_1,6,[],24.0,0.2190323862497127,1
24,42,active,group_1,6,[],24.0,0.22136828262503933,1
24,43,active,group_1,7,[],24.0,0.2214767759286727,1
24,44,active,group_1,7,[],24.0,0.23816886833470413,1
24,45,active,group_1,6,[],24.0,0.21979807946381685,1
24,46,active,group_1,6,[],24.0,0.2337963998669561,1
24,47,active,group_1,6,[],24.0,0.20986055144758028,1
24,48,active,group_1,7,[],24.0,0.23583738579988628,1
24,49,active,group_1,6,[],24.0,0.22744409389352974,1
24,50,active,group_2,8,[],24.0,0.24994716113900406,1
24,51,active,group_2,8,[],24.0,0.2591407450497111,1
24,52,active,group_2,8,[],24.0,0.2600254262242796,1
24,53,active,group_2,8,[],24.0,0.24807032125536108,1
24,54,active,group_2,8,[],24.0,0.2601621141485536,1
24,55,active,group_2,7,[],24.0,0.2600763033732567,1
24,56,active,group_2,8,[],24.0,0.2593667741250812,1
24,57,active,group_2,8,[],24.0,0.25632264786246667,1
24,58,active,group_2,8,[],24.0,0.2564399773114253,1
24,59,active,group_2,8,[],24.0,0.26445180133064966,1
24,60,active,group_2,8,[],24.0,0.271550944317502,1
24,61,active,group_2,8,[],24.0,0.24351246872540475,1
24,62,active,group_2,8,[],24.0,0.24253290162854163,1
24,63,active,group_2,8,[],24.0,0.2588716823065017,1
24,64,active,group_2,7,[],24.0,0.22488103615280272,1
24,65,active,group_2,8,[],24.0,0.26522656371510145,1
24,66,active,group_2,8,[],24.0,0.2517253160595613,1
24,67,active,group_2,8,[],24.0,0.2648170997272337,1
24,68,active,group_2,8,[],24.0,0.2535062601080188,1
24,69,active,group_2,8,[],24.0,0.2662171835894536,1
24,70,active,group_2,8,[],24.0,0.27485244275959864,1
24,71,active,group_2,8,[],24.0,0.24966932827979466,1
24,72,active,group_2,7,[],24.0,0.24641814196145564,1
24,73,active,group_2,8,[],24.0,0.23267495732480245,1
24,74,active,group_2,8,[],24.0,0.24523857101174934,1
24,75,active,group_2,8,[],24.0,0.2655380442824304,1
24,76,active,group_2,8,[],24.0,0.25361103407927976,1
24,77,active,group_2,7,[],24.0,0.254672077369653,1
24,78,active,group_2,7,[],24.0,0.23008613109852413,1
24,79,active,group_2,7,[],24.0,0.24819873287197874,1
24,80,active,group_2,8,[],24.0,0.26134205251099524,1
24,81,active,group_2,7,[],24.0,0.2559375772487764,1
24,82,active,group_2,7,[],24.0,0.2496132121868635,1
24,83,active,group_2,8,[],24.0,0.2528056930748365,1
24,84,active,group_2,8,[],24.0,0.2550886607567283,1
24,85,active,group_2,8,[],24.0,0.26558111591439915,1
24,86,active,group_2,8,[],24.0,0.25891805948203295,1
24,87,active,group_2,7,[],24.0,0.24167371450532188,1
24,88,active,group_2,7,[],24.0,0.2460368967478826,1
24,89,active,group_2,7,[],24.0,0.2575858786419076,1
24,90,active,group_2,8,[],24.0,0.24946353218514866,1
24,91,active,group_2,8,[],24.0,0.2581292216413106,1
24,92,active,group_2,8,[],24.0,0.2434505151169875,1
24,93,active,group_2,7,[],24.0,0.2487032319002743,1
24,94,active,group_2,7,[],24.0,0.24233271546187027,1
24,95,active,group_2,7,[],24.0,0.25649867173685076,1
24,96,active,group_2,8,[],24.0,0.25327282068770757,1
24,97,active,group_2,8,[],24.0,0.24179267378068542,1
24,98,active,group_2,8,[],24.0,0.23438739982686546,1
24,99,active,group_2,8,[],24.0,0.2591131258289407,1
24,100,constructive,group_3,8,[],24.0,0.248030939685956,1
24,101,constructive,group_3,7,[],24.0,0.22904352451837995,1
24,102,constructive,group_3,8,[],24.0,0.2509636251596275,1
24,103,constructive,group_3,8,[],24.0,0.23713727215887598,1
24,104,constructive,group_3,8,[],24.0,0.24323343780943835,1
24,105,constructive,group_3,8,[],24.0,0.2604479924491023,1
24,106,constructive,group_3,8,[],24.0,0.23999978101572217,1
24,107,constructive,group_3,8,[],24.0,0.23881685402146585,1
24,108,constructive,group_3,8,[],24.0,0.23931820633091538,1
24,109,constructive,group_3,7,[],24.0,0.241305655703519,1
24,110,constructive,group_3,7,[],24.0,0.24186340886347707,1
24,111,constructive,group_3,8,[],24.0,0.25661614720176207,1
24,112,constructive,group_3,8,[],24.0,0.2606734119753677,1
24,113,constructive,group_3,8,[],24.0,0.24036831842803305,1
24,114,constructive,group_3,7,[],24.0,0.2532162727456941,1
24,115,constructive,group_3,8,[],24.0,0.26171400640644926,1
24,116,constructive,group_3,8,[],24.0,0.26652391338561393,1
24,117,constructive,group_3,8,[],24.0,0.25989917119856815,1
24,118,constructive,group_3,7,[],24.0,0.2396171735588828,1
24,119,constructive,group_3,7,[],24.0,0.2519551993124034,1
24,120,constructive,group_3,8,[],24.0,0.23285591874818543,1
24,121,constructive,group_3,7,[],24.0,0.24803851804219548,1
24,122,constructive,group_3,7,[],24.0,0.24935337725518578,1
24,123,constructive,group_3,8,[],24.0,0.2623879962188297,1
24,124,constructive,group_3,7,[],24.0,0.2510884609094789,1
24,125,constructive,group_3,8,[],24.0,0.26609793986805014,1
24,126,constructive,group_3,7,[],24.0,0.25305418509031236,1
24,127,constructive,group_3,8,[],24.0,0.26423639429360074,1
24,128,constructive,group_3,7,[],24.0,0.24289114815652785,1
24,129,constructive,group_3,8,[],24.0,0.2409283913242967,1
24,130,constructive,group_3,7,[],24.0,0.24695983536385216,1
24,131,constructive,group_3,8,[],24.0,0.262966763217268,1
24,132,constructive,group_3,8,[],24.0,0.24809677057342663,1
24,133,constructive,group_3,8,[],24.0,0.26890247714530474,1
24,134,constructive,group_3,8,[],24.0,0.26274820314633274,1
24,135,constructive,group_3,8,[],24.0,0.255592472225291,1
24,136,constructive,group_3,8,[],24.0,0.2462881332771613,1
24,137,constructive,group_3,7,[],24.0,0.23624414505317032,1
24,138,constructive,group_3,8,[],24.0,0.26169623425306193,1
24,139,constructive,group_3,7,[],24.0,0.24958233855170864,1
24,140,constructive,group_3,8,[],24.0,0.25221232364616497,1
24,141,constructive,group_3,8,[],24.0,0.27306222033933303,1
24,142,constructive,group_3,8,[],24.0,0.2738117625732336,1
24,143,constructive,group_3,7,[],24.0,0.24384950788194834,1
24,144,constructive,group_3,8,[],24.0,0.2656663701045938,1
24,145,constructive,group_3,8,[],24.0,0.2583893149006805,1
24,146,constructive,group_3,8,[],24.0,0.26203494856927356,1
24,147,constructive,group_3,7,[],24.0,0.24820403617540293,1
24,148,constructive,group_3,7,[],24.0,0.2524919267009444,1
24,149,constructive,group_3,8,[],24.0,0.2500246308233366,1
25,0,active,group_1,7,[],25.0,0.23202343842292522,1
25,1,active,group_1,7,[],25.0,0.24947571168944566,1
25,2,active,group_1,6,[],25.0,0.22403499637204574,1
25,3,active,group_1,6,[],25.0,0.20832230340537666,1
25,4,active,group_1,7,[],25.0,0.23108384027428192,1
25,5,active,group_1,7,[],25.0,0.22840758190405927,1
25,6,active,group_1,7,[],25.0,0.2179578449975072,1
25,7,active,group_1,7,[],25.0,0.2357562449701788,1
25,8,active,group_1,6,[],25.0,0.22696553769630762,1
25,9,active,group_1,7,[],25.0,0.23640520336811371,1
25,10,active,group_1,7,[],25.0,0.2492565567892752,1
25,11,active,group_1,7,[],25.0,0.22684539718937824,1
25,12,active,group_1,7,[],25.0,0.2419227262366201,1
25,13,active,group_1,7,[],25.0,0.2403191534715154,1
25,14,active,group_1,7,[],25.0,0.249079125825112,1
25,15,active,group_1,7,[],25.0,0.24214506984468817,1
25,16,active,group_1,7,[],25.0,0.23056771971057027,1
25,17,active,group_1,6,[],25.0,0.20524048395341127,1
25,18,active,group_1,8,[],25.0,0.2404027828221913,1
25,19,active,group_1,7,[],25.0,0.2428837518511397,1
25,20,active,group_1,7,[],25.0,0.2553175869406311,1
25,21,active,group_1,7,[],25.0,0.2330531158861477,1
25,22,active,group_1,6,[],25.0,0.22517793681867446,1
25,23,active,group_1,7,[],25.0,0.22158466947621216,1
25,24,active,group_1,7,[],25.0,0.23876897816982628,1
25,25,active,group_1,7,[],25.0,0.24319049194907966,1
25,26,active,group_1,7,[],25.0,0.23549099616427518,1
25,27,active,group_1,7,[],25.0,0.24675245823154487,1
25,28,active,group_1,6,[],25.0,0.22953181560726113,1
25,29,active,group_1,7,[],25.0,0.24318264996179476,1
25,30,active,group_1,7,[],25.0,0.22383119490887976,1
25,31,active,group_1,7,[],25.0,0.24765469703350657,1
25,32,active,group_1,7,[],25.0,0.23225964609533709,1
25,33,active,group_1,6,[],25.0,0.24558985797741228,1
25,34,active,group_1,7,[],25.0,0.23296978645163596,1
25,35,active,group_1,7,[],25.0,0.22353775922399874,1
25,36,active,group_1,7,[],25.0,0.21722464093528476,1
25,37,active,group_1,7,[],25.0,0.23322716816011022,1
25,38,active,group_1,7,[],25.0,0.2424796420838437,1
25,39,active,group_1,7,[],25.0,0.21184469496788855,1
25,40,active,group_1,7,[],25.0,0.23902727817547703,1
25,41,active,group_1,7,[],25.0,0.22647136483749603,1
25,42,active,group_1,6,[],25.0,0.2323194314257412,1
25,43,active,group_1,7,[],25.0,0.22857525497660203,1
25,44,active,group_1,7,[],25.0,0.24457190378876809,1
25,45,active,group_1,7,[],25.0,0.22786719937825714,1
25,46,active,group_1,7,[],25.0,0.2402598266493913,1
25,47,active,group_1,6,[],25.0,0.2220507119166321,1
25,48,active,group_1,7,[],25.0,0.2412148535319653,1
25,49,active,group_1,7,[],25.0,0.2350657253282893,1
25,50,active,group_2,8,[],25.0,0.25612756257384206,1
25,51,active,group_2,8,[],25.0,0.2642065667048774,1
25,52,active,group_2,8,[],25.0,0.2656568415869245,1
25,53,active,group_2,8,[],25.0,0.25342592371098643,1
25,54,active,group_2,8,[],25.0,0.26530568063776894,1
25,55,active,group_2,8,[],25.0,0.26221076947576927,1
25,56,active,group_2,8,[],25.0,0.26560342084044136,1
25,57,active,group_2,8,[],25.0,0.26033004177914953,1
25,58,active,group_2,8,[],25.0,0.263120437307125,1
25,59,active,group_2,8,[],25.0,0.2702635988540788,1
25,60,active,group_2,8,[],25.0,0.2759862835955723,1
25,61,active,group_2,8,[],25.0,0.25003961659789986,1
25,62,active,group_2,8,[],25.0,0.24781343091360317,1
25,63,active,group_2,8,[],25.0,0.26402457932154166,1
25,64,active,group_2,8,[],25.0,0.22773701714199673,1
25,65,active,group_2,8,[],25.0,0.2704731193763314,1
25,66,active,group_2,8,[],25.0,0.2577118763079932,1
25,67,active,group_2,8,[],25.0,0.27064121445287614,1
25,68,active,group_2,8,[],25.0,0.25916438918587914,1
25,69,active,group_2,8,[],25.0,0.27145464065122143,1
25,70,active,group_2,8,[],25.0,0.2791660358508342,1
25,71,active,group_2,8,[],25.0,0.25500148383694177,1
25,72,active,group_2,7,[],25.0,0.2507895281756518,1
25,73,active,group_2,8,[],25.0,0.23925694831229985,1
25,74,active,group_2,8,[],25.0,0.25025617596439503,1
25,75,active,group_2,8,[],25.0,0.27109217490037696,1
25,76,active,group_2,8,[],25.0,0.26044425664400456,1
25,77,active,group_2,8,[],25.0,0.25756529568725134,1
25,78,active,group_2,8,[],25.0,0.2321148559537113,1
25,79,active,group_2,7,[],25.0,0.2520262750276171,1
25,80,active,group_2,8,[],25.0,0.266848277912977,1
25,81,active,group_2,8,[],25.0,0.25811523133061526,1
25,82,active,group_2,8,[],25.0,0.25212305585868866,1
25,83,active,group_2,8,[],25.0,0.25779734845519026,1
25,84,active,group_2,8,[],25.0,0.2616463000355629,1
25,85,active,group_2,8,[],25.0,0.27087115416454866,1
25,86,active,group_2,8,[],25.0,0.26258684172568825,1
25,87,active,group_2,8,[],25.0,0.24407077485845668,1
25,88,active,group_2,8,[],25.0,0.24937996111405086,1
25,89,active,group_2,7,[],25.0,0.26223510005510187,1
25,90,active,group_2,8,[],25.0,0.2551913656344437,1
25,91,active,group_2,8,[],25.0,0.2634703273148548,1
25,92,active,group_2,8,[],25.0,0.2482981614312038,1
25,93,active,group_2,8,[],25.0,0.2514177072232465,1
25,94,active,group_2,8,[],25.0,0.24475115312939083,1
25,95,active,group_2,8,[],25.0,0.2589788057351505,1
25,96,active,group_2,8,[],25.0,0.259751116684631,1
25,97,active,group_2,8,[],25.0,0.24856041271261456,1
25,98,active,group_2,8,[],25.0,0.24113777169682357,1
25,99,active,group_2,8,[],25.0,0.26294664165174314,1
25,100,constructive,group_3,8,[],25.0,0.25395187611338754,1
25,101,constructive,group_3,8,[],25.0,0.2313411996278066,1
25,102,constructive,group_3,8,[],25.0,0.2574393425218666,1
25,103,constructive,group_3,8,[],25.0,0.24172212620399267,1
25,104,constructive,group_3,8,[],25.0,0.24987045511160905,1
25,105,constructive,group_3,8,[],25.0,0.2655197660403691,1
25,106,constructive,group_3,8,[],25.0,0.24696991592247572,1
25,107,constructive,group_3,8,[],25.0,0.2450632274254141,1
25,108,constructive,group_3,8,[],25.0,0.242980004813176,1
25,109,constructive,group_3,7,[],25.0,0.2464706980730495,1
25,110,constructive,group_3,8,[],25.0,0.24705683138961035,1
25,111,constructive,group_3,8,[],25.0,0.2614894209308983,1
25,112,constructive,group_3,8,[],25.0,0.26645999963979183,1
25,113,constructive,group_3,8,[],25.0,0.24630381067617574,1
25,114,constructive,group_3,8,[],25.0,0.2559021462235159,1
25,115,constructive,group_3,8,[],25.0,0.26781634881064653,1
25,116,constructive,group_3,8,[],25.0,0.2725681778986515,1
25,117,constructive,group_3,8,[],25.0,0.26523371304232907,1
25,118,constructive,group_3,8,[],25.0,0.24241899787247562,1
25,119,constructive,group_3,7,[],25.0,0.2564954787494548,1
25,120,constructive,group_3,8,[],25.0,0.23891800365478813,1
25,121,constructive,group_3,7,[],25.0,0.2509890812668726,1
25,122,constructive,group_3,8,[],25.0,0.2517813892266023,1
25,123,constructive,group_3,8,[],25.0,0.2685227811239933,1
25,124,constructive,group_3,8,[],25.0,0.25373012037659765,1
25,125,constructive,group_3,8,[],25.0,0.2717988521865312,1
25,126,constructive,group_3,8,[],25.0,0.25797273607959587,1
25,127,constructive,group_3,8,[],25.0,0.2703400284130914,1
25,128,constructive,group_3,8,[],25.0,0.24563971749042693,1
25,129,constructive,group_3,8,[],25.0,0.24712370251155255,1
25,130,constructive,group_3,8,[],25.0,0.25234993699604946,1
25,131,constructive,group_3,8,[],25.0,0.268311219297479,1
25,132,constructive,group_3,8,[],25.0,0.2544025780617573,1
25,133,constructive,group_3,8,[],25.0,0.27192806716725193,1
25,134,constructive,group_3,8,[],25.0,0.26865923564462374,1
25,135,constructive,group_3,8,[],25.0,0.2612289805154415,1
25,136,constructive,group_3,8,[],25.0,0.2525516230760976,1
25,137,constructive,group_3,7,[],25.0,0.24089088206298478,1
25,138,constructive,group_3,8,[],25.0,0.267343626577998,1
25,139,constructive,group_3,8,[],25.0,0.252067344480311,1
25,140,constructive,group_3,8,[],25.0,0.25813561594373874,1
25,141,constructive,group_3,8,[],25.0,0.2778067065560734,1
25,142,constructive,group_3,8,[],25.0,0.27965547607120783,1
25,143,constructive,group_3,7,[],25.0,0.24866877607924978,1
25,144,constructive,group_3,8,[],25.0,0.27145406312566467,1
25,145,constructive,group_3,8,[],25.0,0.2629018145733672,1
25,146,constructive,group_3,8,[],25.0,0.26756837143374573,1
25,147,constructive,group_3,8,[],25.0,0.25047168530407654,1
25,148,constructive,group_3,8,[],25.0,0.2565276369400547,1
25,149,constructive,group_3,8,[],25.0,0.25615496073626065,1
26,0,active,group_1,7,[],26.0,0.23808552606829952,1
26,1,active,group_1,7,[],26.0,0.2558493401400657,1
26,2,active,group_1,7,[],26.0,0.22725407299134087,1
26,3,active,group_1,6,[],26.0,0.21953556618907352,1
26,4,active,group_1,7,[],26.0,0.2375755334838469,1
26,5,active,group_1,7,[],26.0,0.2356481510611331,1
26,6,active,group_1,7,[],26.0,0.2247316351656347,1
26,7,active,group_1,7,[],26.0,0.2431188320689775,1
26,8,active,group_1,7,[],26.0,0.2354249576942066,1
26,9,active,group_1,7,[],26.0,0.24162329797984428,1
26,10,active,group_1,7,[],26.0,0.25365569662856313,1
26,11,active,group_1,7,[],26.0,0.23216651191912258,1
26,12,active,group_1,7,[],26.0,0.24905985960936966,1
26,13,active,group_1,7,[],26.0,0.24458823621135384,1
26,14,active,group_1,7,[],26.0,0.2547242518020263,1
26,15,active,group_1,7,[],26.0,0.24787304946460714,1
26,16,active,group_1,7,[],26.0,0.23731533285189704,1
26,17,active,group_1,7,[],26.0,0.21366579160858296,1
26,18,active,group_1,8,[],26.0,0.2469378148315234,1
26,19,active,group_1,7,[],26.0,0.24961790713690793,1
26,20,active,group_1,7,[],26.0,0.260918443138157,1
26,21,active,group_1,7,[],26.0,0.2384694968790122,1
26,22,active,group_1,7,[],26.0,0.23379248313037665,1
26,23,active,group_1,7,[],26.0,0.22733497782492318,1
26,24,active,group_1,7,[],26.0,0.2454442118523831,1
26,25,active,group_1,7,[],26.0,0.25061866647913905,1
26,26,active,group_1,7,[],26.0,0.24138454119700176,1
26,27,active,group_1,8,[],26.0,0.2505765157924035,1
26,28,active,group_1,7,[],26.0,0.2366227746514821,1
26,29,active,group_1,8,[],26.0,0.24523078071136123,1
26,30,active,group_1,7,[],26.0,0.23058561720117984,1
26,31,active,group_1,8,[],26.0,0.2504358668719681,1
26,32,active,group_1,7,[],26.0,0.23867182149298932,1
26,33,active,group_1,7,[],26.0,0.2525792486836226,1
26,34,active,group_1,7,[],26.0,0.23976899229721688,1
26,35,active,group_1,7,[],26.0,0.23056996309581498,1
26,36,active,group_1,7,[],26.0,0.22322293223566853,1
26,37,active,group_1,7,[],26.0,0.24002838970167212,1
26,38,active,group_1,7,[],26.0,0.24720372138340677,1
26,39,active,group_1,7,[],26.0,0.21797882632099225,1
26,40,active,group_1,7,[],26.0,0.24466580891001316,1
26,41,active,group_1,7,[],26.0,0.23364521919290243,1
26,42,active,group_1,7,[],26.0,0.24068297012572293,1
26,43,active,group_1,7,[],26.0,0.23440865843711137,1
26,44,active,group_1,7,[],26.0,0.25006455311762604,1
26,45,active,group_1,7,[],26.0,0.23493113409872932,1
26,46,active,group_1,7,[],26.0,0.24678416802752698,1
26,47,active,group_1,7,[],26.0,0.23063472170036325,1
26,48,active,group_1,7,[],26.0,0.2448986616130912,1
26,49,active,group_1,7,[],26.0,0.24272225932131025,1
26,50,active,group_2,8,[],26.0,0.26137759364695035,1
26,51,active,group_2,8,[],26.0,0.2678638451222092,1
26,52,active,group_2,8,[],26.0,0.27051990780385343,1
26,53,active,group_2,8,[],26.0,0.257810318346531,1
26,54,active,group_2,8,[],26.0,0.26940411788934127,1
26,55,active,group_2,8,[],26.0,0.26917964844298065,1
26,56,active,group_2,8,[],26.0,0.27096013176836076,1
26,57,active,group_2,9,[],26.0,0.26259572997064085,1
26,58,active,group_2,8,[],26.0,0.2688090739069828,1
26,59,active,group_2,8,[],26.0,0.2749583036284107,1
26,60,active,group_2,9,[],26.0,0.27886643955298174,1
26,61,active,group_2,8,[],26.0,0.2554254524788938,1
26,62,active,group_2,8,[],26.0,0.25208216077953294,1
26,63,active,group_2,8,[],26.0,0.2683236536987306,1
26,64,active,group_2,8,[],26.0,0.23420089679209158,1
26,65,active,group_2,8,[],26.0,0.2746082959262587,1
26,66,active,group_2,8,[],26.0,0.2628729808299444,1
26,67,active,group_2,8,[],26.0,0.27507622609736576,1
26,68,active,group_2,8,[],26.0,0.2635502496448576,1
26,69,active,group_2,8,[],26.0,0.2756635414389829,1
26,70,active,group_2,9,[],26.0,0.28139008426305284,1
26,71,active,group_2,8,[],26.0,0.2592961218629914,1
26,72,active,group_2,8,[],26.0,0.25291897575908917,1
26,73,active,group_2,8,[],26.0,0.2447707616757097,1
26,74,active,group_2,8,[],26.0,0.2543185771605163,1
26,75,active,group_2,8,[],26.0,0.2758861202356283,1
26,76,active,group_2,8,[],26.0,0.2662303099904643,1
26,77,active,group_2,8,[],26.0,0.2636633763665086,1
26,78,active,group_2,8,[],26.0,0.23830854143659802,1
26,79,active,group_2,8,[],26.0,0.25428215316608804,1
26,80,active,group_2,8,[],26.0,0.27127984724983556,1
26,81,active,group_2,8,[],26.0,0.2647922251026237,1
26,82,active,group_2,8,[],26.0,0.2584429426423386,1
26,83,active,group_2,8,[],26.0,0.2614928917565792,1
26,84,active,group_2,8,[],26.0,0.26707195330222633,1
26,85,active,group_2,8,[],26.0,0.2744965457867599,1
26,86,active,group_2,9,[],26.0,0.2645537755477382,1
26,87,active,group_2,8,[],26.0,0.24987449642575482,1
26,88,active,group_2,8,[],26.0,0.2559415102347834,1
26,89,active,group_2,8,[],26.0,0.26461661667285624,1
26,90,active,group_2,8,[],26.0,0.2601326313527793,1
26,91,active,group_2,8,[],26.0,0.26797317278516164,1
26,92,active,group_2,8,[],26.0,0.25217510572814517,1
26,93,active,group_2,8,[],26.0,0.25767803520260657,1
26,94,active,group_2,8,[],26.0,0.25174075404609353,1
26,95,active,group_2,8,[],26.0,0.2651498140016304,1
26,96,active,group_2,8,[],26.0,0.2653241490688178,1
26,97,active,group_2,8,[],26.0,0.2541191449533546,1
26,98,active,group_2,8,[],26.0,0.2468879518537129,1
26,99,active,group_2,9,[],26.0,0.26477126449566063,1
26,100,constructive,group_3,8,[],26.0,0.2595163319864974,1
26,101,constructive,group_3,8,[],26.0,0.23790205960220673,1
26,102,constructive,group_3,8,[],26.0,0.26287757111006477,1
26,103,constructive,group_3,8,[],26.0,0.2455048720552449,1
26,104,constructive,group_3,8,[],26.0,0.25614823377616014,1
26,105,constructive,group_3,8,[],26.0,0.26975534559175884,1
26,106,constructive,group_3,8,[],26.0,0.2532501196293709,1
26,107,constructive,group_3,8,[],26.0,0.250662671567872,1
26,108,constructive,group_3,9,[],26.0,0.2452306012137644,1
26,109,constructive,group_3,8,[],26.0,0.24954117227335176,1
26,110,constructive,group_3,8,[],26.0,0.253125673380899,1
26,111,constructive,group_3,8,[],26.0,0.2656656119772627,1
26,112,constructive,group_3,8,[],26.0,0.27143414818533834,1
26,113,constructive,group_3,8,[],26.0,0.2514581933466383,1
26,114,constructive,group_3,8,[],26.0,0.2623789926930438,1
26,115,constructive,group_3,8,[],26.0,0.2736260073745793,1
26,116,constructive,group_3,8,[],26.0,0.27822660128505655,1
26,117,constructive,group_3,8,[],26.0,0.2698952713318937,1
26,118,constructive,group_3,8,[],26.0,0.2479615082449965,1
26,119,constructive,group_3,8,[],26.0,0.2588921426517052,1
26,120,constructive,group_3,8,[],26.0,0.24398345834878335,1
26,121,constructive,group_3,8,[],26.0,0.25265036282526615,1
26,122,constructive,group_3,8,[],26.0,0.25740708348842367,1
26,123,constructive,group_3,8,[],26.0,0.27345441602620923,1
26,124,constructive,group_3,8,[],26.0,0.2593857059786251,1
26,125,constructive,group_3,8,[],26.0,0.27664155618060393,1
26,126,constructive,group_3,8,[],26.0,0.2634965300437975,1
26,127,constructive,group_3,8,[],26.0,0.2752390581450078,1
26,128,constructive,group_3,8,[],26.0,0.2520328319630268,1
26,129,constructive,group_3,8,[],26.0,0.2527760059759102,1
26,130,constructive,group_3,8,[],26.0,0.2583747019093218,1
26,131,constructive,group_3,8,[],26.0,0.2727413913099351,1
26,132,constructive,group_3,8,[],26.0,0.25986388881935296,1
26,133,constructive,group_3,9,[],26.0,0.27360579144922986,1
26,134,constructive,group_3,8,[],26.0,0.2737663231630514,1
26,135,constructive,group_3,8,[],26.0,0.26634871885680106,1
26,136,constructive,group_3,8,[],26.0,0.25851323568400464,1
26,137,constructive,group_3,8,[],26.0,0.24395527567085518,1
26,138,constructive,group_3,8,[],26.0,0.27256202391938117,1
26,139,constructive,group_3,8,[],26.0,0.25831698704519257,1
26,140,constructive,group_3,8,[],26.0,0.26320899316126073,1
26,141,constructive,group_3,9,[],26.0,0.28103369367995834,1
26,142,constructive,group_3,8,[],26.0,0.28442503528964846,1
26,143,constructive,group_3,8,[],26.0,0.2515602858628304,1
26,144,constructive,group_3,9,[],26.0,0.2758511279383614,1
26,145,constructive,group_3,8,[],26.0,0.26655486962196623,1
26,146,constructive,group_3,9,[],26.0,0.2717614770391249,1
26,147,constructive,group_3,8,[],26.0,0.2560691003738146,1
26,148,constructive,group_3,8,[],26.0,0.26283052915594096,1
26,149,constructive,group_3,8,[],26.0,0.26116864646423743,1
27,0,active,group_1,7,[],27.0,0.24283111153458514,1
27,1,active,group_1,7,[],27.0,0.26060050379713384,1
27,2,active,group_1,7,[],27.0,0.2344944218947489,1
27,3,active,group_1,7,[],27.0,0.22806994553950194,1
27,4,active,group_1,7,[],27.0,0.24310167082482592,1
27,5,active,group_1,7,[],27.0,0.2418396680109815,1
27,6,active,group_1,7,[],27.0,0.23054275721994308,1
27,7,active,group_1,7,[],27.0,0.24926925324371788,1
27,8,active,group_1,7,[],27.0,0.24216772867924258,1
27,9,active,group_1,7,[],27.0,0.2456128295155917,1
27,10,active,group_1,8,[],27.0,0.25611795324825426,1
27,11,active,group_1,7,[],27.0,0.23587396763149862,1
27,12,active,group_1,7,[],27.0,0.25503279067193785,1
27,13,active,group_1,8,[],27.0,0.24711645730027137,1
27,14,active,group_1,7,[],27.0,0.25896892476193856,1
27,15,active,group_1,8,[],27.0,0.25168043248591293,1
27,16,active,group_1,7,[],27.0,0.24310310965086107,1
27,17,active,group_1,7,[],27.0,0.22029813425989797,1
27,18,active,group_1,8,[],27.0,0.25244441633712034,1
27,19,active,group_1,7,[],27.0,0.2553985874181973,1
27,20,active,group_1,7,[],27.0,0.26520441648595583,1
27,21,active,group_1,8,[],27.0,0.24202591213806657,1
27,22,active,group_1,7,[],27.0,0.24070867013215302,1
27,23,active,group_1,7,[],27.0,0.23192394137614308,1
27,24,active,group_1,7,[],27.0,0.2511790565829907,1
27,25,active,group_1,7,[],27.0,0.2568229532924713,1
27,26,active,group_1,7,[],27.0,0.24646921529375754,1
27,27,active,group_1,8,[],27.0,0.2569535736864868,1
27,28,active,group_1,7,[],27.0,0.24320386860926096,1
27,29,active,group_1,8,[],27.0,0.25168230350235904,1
27,30,active,group_1,7,[],27.0,0.23638577216097678,1
27,31,active,group_1,8,[],27.0,0.2567925872807177,1
27,32,active,group_1,7,[],27.0,0.24419010586565623,1
27,33,active,group_1,7,[],27.0,0.26026214951128157,1
27,34,active,group_1,7,[],27.0,0.24556440676995678,1
27,35,active,group_1,7,[],27.0,0.23639464127540638,1
27,36,active,group_1,7,[],27.0,0.228357576613476,1
27,37,active,group_1,7,[],27.0,0.2458260536541481,1
27,38,active,group_1,8,[],27.0,0.24986913560061894,1
27,39,active,group_1,7,[],27.0,0.22324256449958185,1
27,40,active,group_1,8,[],27.0,0.24820527791892322,1
27,41,active,group_1,7,[],27.0,0.23975612429576562,1
27,42,active,group_1,7,[],27.0,0.24856721956183847,1
27,43,active,group_1,7,[],27.0,0.2391757306109556,1
27,44,active,group_1,7,[],27.0,0.25427125633234676,1
27,45,active,group_1,7,[],27.0,0.24077196514042737,1
27,46,active,group_1,7,[],27.0,0.2523541630510754,1
27,47,active,group_1,7,[],27.0,0.23781464721686643,1
27,48,active,group_1,8,[],27.0,0.2466627277652393,1
27,49,active,group_1,7,[],27.0,0.24925694680040533,1
27,50,active,group_2,8,[],27.0,0.26559679131732494,1
27,51,active,group_2,9,[],27.0,0.2697879484274047,1
27,52,active,group_2,8,[],27.0,0.274272427665478,1
27,53,active,group_2,9,[],27.0,0.2605933274941305,1
27,54,active,group_2,9,[],27.0,0.27190496115690965,1
27,55,active,group_2,8,[],27.0,0.27505538891874115,1
27,56,active,group_2,8,[],27.0,0.2747587745919608,1
27,57,active,group_2,9,[],27.0,0.2732217835246306,1
27,58,active,group_2,8,[],27.0,0.2732289005886922,1
27,59,active,group_2,9,[],27.0,0.27777941475816054,1
27,60,active,group_2,9,[],27.0,0.28968487865953046,1
27,61,active,group_2,8,[],27.0,0.2598949357858138,1
27,62,active,group_2,9,[],27.0,0.2547354795934941,1
27,63,active,group_2,8,[],27.0,0.27120219516212785,1
27,64,active,group_2,8,[],27.0,0.23964528861931905,1
27,65,active,group_2,9,[],27.0,0.2770674614627248,1
27,66,active,group_2,8,[],27.0,0.266686773708325,1
27,67,active,group_2,9,[],27.0,0.27747148728801435,1
27,68,active,group_2,9,[],27.0,0.26601752808784135,1
27,69,active,group_2,9,[],27.0,0.27825706974437364,1
27,70,active,group_2,9,[],27.0,0.2919563181214621,1
27,71,active,group_2,9,[],27.0,0.2619384315273673,1
27,72,active,group_2,8,[],27.0,0.25904888953383687,1
27,73,active,group_2,8,[],27.0,0.24924467162436006,1
27,74,active,group_2,9,[],27.0,0.25689121161205597,1
27,75,active,group_2,8,[],27.0,0.2796369791096228,1
27,76,active,group_2,8,[],27.0,0.2707643345749299,1
27,77,active,group_2,8,[],27.0,0.2687848294385419,1
27,78,active,group_2,8,[],27.0,0.24335694432755348,1
27,79,active,group_2,8,[],27.0,0.26090370522516054,1
27,80,active,group_2,9,[],27.0,0.27397366596031864,1
27,81,active,group_2,8,[],27.0,0.27049966720936935,1
27,82,active,group_2,8,[],27.0,0.26381023235181367,1
27,83,active,group_2,9,[],27.0,0.26351864316665974,1
27,84,active,group_2,8,[],27.0,0.2715559607693638,1
27,85,active,group_2,9,[],27.0,0.27624507313228047,1
27,86,active,group_2,9,[],27.0,0.2750783830536005,1
27,87,active,group_2,8,[],27.0,0.2548839898709495,1
27,88,active,group_2,8,[],27.0,0.26136714883681283,1
27,89,active,group_2,8,[],27.0,0.27102645788335755,1
27,90,active,group_2,8,[],27.0,0.2639602041969094,1
27,91,active,group_2,8,[],27.0,0.27104062211487207,1
27,92,active,group_2,9,[],27.0,0.2546002670271593,1
27,93,active,group_2,8,[],27.0,0.26303893453578236,1
27,94,active,group_2,8,[],27.0,0.25753623984735674,1
27,95,active,group_2,8,[],27.0,0.2704500766538965,1
27,96,active,group_2,8,[],27.0,0.2693756770640616,1
27,97,active,group_2,8,[],27.0,0.2587184271848411,1
27,98,active,group_2,8,[],27.0,0.2513308492041073,1
27,99,active,group_2,9,[],27.0,0.275511695883501,1
27,100,constructive,group_3,9,[],27.0,0.2637788698918608,1
27,101,constructive,group_3,8,[],27.0,0.24365020129942092,1
27,102,constructive,group_3,8,[],27.0,0.26767793478424695,1
27,103,constructive,group_3,8,[],27.0,0.2480299732869209,1
27,104,constructive,group_3,8,[],27.0,0.2612665938921851,1
27,105,constructive,group_3,9,[],27.0,0.2724396850966272,1
27,106,constructive,group_3,8,[],27.0,0.25870660347036284,1
27,107,constructive,group_3,8,[],27.0,0.2554535190420467,1
27,108,constructive,group_3,10,[],27.0,0.26483076974556174,1
27,109,constructive,group_3,8,[],27.0,0.25550930457269466,1
27,110,constructive,group_3,8,[],27.0,0.25802243879814163,1
27,111,constructive,group_3,8,[],27.0,0.2686072521274123,1
27,112,constructive,group_3,9,[],27.0,0.2744471259998085,1
27,113,constructive,group_3,8,[],27.0,0.25587859391980855,1
27,114,constructive,group_3,8,[],27.0,0.2683303609149882,1
27,115,constructive,group_3,9,[],27.0,0.2779227046335555,1
27,116,constructive,group_3,8,[],27.0,0.2827355155780609,1
27,117,constructive,group_3,9,[],27.0,0.2730738737972879,1
27,118,constructive,group_3,8,[],27.0,0.25268824850511046,1
27,119,constructive,group_3,8,[],27.0,0.26421241504693566,1
27,120,constructive,group_3,8,[],27.0,0.2483821517217998,1
27,121,constructive,group_3,8,[],27.0,0.2581541945788798,1
27,122,constructive,group_3,8,[],27.0,0.2625995158988598,1
27,123,constructive,group_3,9,[],27.0,0.2759660299738061,1
27,124,constructive,group_3,8,[],27.0,0.2645754251058289,1
27,125,constructive,group_3,8,[],27.0,0.2807634600277233,1
27,126,constructive,group_3,8,[],27.0,0.26812889569690546,1
27,127,constructive,group_3,9,[],27.0,0.2777382997969632,1
27,128,constructive,group_3,8,[],27.0,0.25744351613390004,1
27,129,constructive,group_3,8,[],27.0,0.2575276839697692,1
27,130,constructive,group_3,8,[],27.0,0.26408780565475,1
27,131,constructive,group_3,9,[],27.0,0.27539656414013114,1
27,132,constructive,group_3,9,[],27.0,0.2629796307716898,1
27,133,constructive,group_3,10,[],27.0,0.29527552134849927,1
27,134,constructive,group_3,8,[],27.0,0.27814786705610905,1
27,135,constructive,group_3,8,[],27.0,0.2704883778970967,1
27,136,constructive,group_3,9,[],27.0,0.2631569847457582,1
27,137,constructive,group_3,8,[],27.0,0.25015985496795734,1
27,138,constructive,group_3,8,[],27.0,0.2765742707837221,1
27,139,constructive,group_3,8,[],27.0,0.2642173381438414,1
27,140,constructive,group_3,9,[],27.0,0.26619700139414093,1
27,141,constructive,group_3,10,[],27.0,0.3003196092855834,1
27,142,constructive,group_3,9,[],27.0,0.28701674386158105,1
27,143,constructive,group_3,8,[],27.0,0.2577599809676217,1
27,144,constructive,group_3,10,[],27.0,0.2920323956479992,1
27,145,constructive,group_3,9,[],27.0,0.2689178662461177,1
27,146,constructive,group_3,10,[],27.0,0.2881794954083035,1
27,147,constructive,group_3,8,[],27.0,0.26101327874291963,1
27,148,constructive,group_3,8,[],27.0,0.2679931771027387,1
27,149,constructive,group_3,8,[],27.0,0.26553124136672046,1
28,0,active,group_1,8,[],28.0,0.24547458873329112,1
28,1,active,group_1,8,[],28.0,0.26298540599566717,1
28,2,active,group_1,7,[],28.0,0.24048812069423603,1
28,3,active,group_1,7,[],28.0,0.2338162856634014,1
28,4,active,group_1,8,[],28.0,0.24679857690173024,1
28,5,active,group_1,7,[],28.0,0.24634811963853004,1
28,6,active,group_1,7,[],28.0,0.23460265635752314,1
28,7,active,group_1,7,[],28.0,0.2541085084517937,1
28,8,active,group_1,7,[],28.0,0.247949946628522,1
28,9,active,group_1,8,[],28.0,0.24787334355294974,1
28,10,active,group_1,8,[],28.0,0.2620883787943871,1
28,11,active,group_1,8,[],28.0,0.23769746437100503,1
28,12,active,group_1,8,[],28.0,0.25867013791201715,1
28,13,active,group_1,8,[],28.0,0.25350360538872807,1
28,14,active,group_1,8,[],28.0,0.2612440092973494,1
28,15,active,group_1,8,[],28.0,0.2582419415418112,1
28,16,active,group_1,7,[],28.0,0.24740852141249753,1
28,17,active,group_1,7,[],28.0,0.22599931512126187,1
28,18,active,group_1,8,[],28.0,0.25687429083811486,1
28,19,active,group_1,7,[],28.0,0.25946805759000596,1
28,20,active,group_1,8,[],28.0,0.2675738660392502,1
28,21,active,group_1,8,[],28.0,0.24893067082823078,1
28,22,active,group_1,7,[],28.0,0.24659951941298547,1
28,23,active,group_1,8,[],28.0,0.23462696728909505,1
28,24,active,group_1,7,[],28.0,0.25526638198134705,1
28,25,active,group_1,7,[],28.0,0.26168983766561377,1
28,26,active,group_1,7,[],28.0,0.25031673976679486,1
28,27,active,group_1,8,[],28.0,0.2622372316137441,1
28,28,active,group_1,7,[],28.0,0.2488568129745226,1
28,29,active,group_1,8,[],28.0,0.2572225848263442,1
28,30,active,group_1,7,[],28.0,0.24049758755531675,1
28,31,active,group_1,8,[],28.0,0.2621352493496574,1
28,32,active,group_1,7,[],28.0,0.24823113944883887,1
28,33,active,group_1,7,[],28.0,0.2667593409526713,1
28,34,active,group_1,7,[],28.0,0.25001752794290993,1
28,35,active,group_1,7,[],28.0,0.24111625381595406,1
28,36,active,group_1,7,[],28.0,0.23243234779860722,1
28,37,active,group_1,7,[],28.0,0.25027867607744697,1
28,38,active,group_1,8,[],28.0,0.2564440640400199,1
28,39,active,group_1,7,[],28.0,0.22734396234899332,1
28,40,active,group_1,8,[],28.0,0.2547095639507594,1
28,41,active,group_1,7,[],28.0,0.24434359328804334,1
28,42,active,group_1,7,[],28.0,0.25526296298143913,1
28,43,active,group_1,8,[],28.0,0.24210712107618232,1
28,44,active,group_1,8,[],28.0,0.25661730959467255,1
28,45,active,group_1,7,[],28.0,0.24551241677207664,1
28,46,active,group_1,8,[],28.0,0.2561286436829141,1
28,47,active,group_1,7,[],28.0,0.24389363073273113,1
28,48,active,group_1,8,[],28.0,0.252508460046399,1
28,49,active,group_1,8,[],28.0,0.2535849368924661,1
28,50,active,group_2,9,[],28.0,0.26819488750470394,1
28,51,active,group_2,9,[],28.0,0.2810326763912926,1
28,52,active,group_2,9,[],28.0,0.27648148058389693,1
28,53,active,group_2,9,[],28.0,0.2716376286471449,1
28,54,active,group_2,9,[],28.0,0.2830225192268341,1
28,55,active,group_2,8,[],28.0,0.2796768169625805,1
28,56,active,group_2,9,[],28.0,0.27666737742373504,1
28,57,active,group_2,10,[],28.0,0.28091090315690864,1
28,58,active,group_2,9,[],28.0,0.27572008081498073,1
28,59,active,group_2,9,[],28.0,0.2880501656808786,1
28,60,active,group_2,10,[],28.0,0.2976871322993505,1
28,61,active,group_2,9,[],28.0,0.2628135118309394,1
28,62,active,group_2,9,[],28.0,0.2648824567029059,1
28,63,active,group_2,9,[],28.0,0.27265347411636326,1
28,64,active,group_2,8,[],28.0,0.24404261833322374,1
28,65,active,group_2,9,[],28.0,0.2881877055744562,1
28,66,active,group_2,9,[],28.0,0.26874697547503434,1
28,67,active,group_2,9,[],28.0,0.2876251075867448,1
28,68,active,group_2,9,[],28.0,0.27630773445861045,1
28,69,active,group_2,9,[],28.0,0.288996463469836,1
28,70,active,group_2,10,[],28.0,0.2983746994899876,1
28,71,active,group_2,9,[],28.0,0.2726824276214493,1
28,72,active,group_2,8,[],28.0,0.2641268482375391,1
28,73,active,group_2,9,[],28.0,0.2520070304459711,1
28,74,active,group_2,9,[],28.0,0.26795517884095144,1
28,75,active,group_2,9,[],28.0,0.2819049767040541,1
28,76,active,group_2,9,[],28.0,0.2733412904428273,1
28,77,active,group_2,8,[],28.0,0.2730035750280608,1
28,78,active,group_2,8,[],28.0,0.24763305644516387,1
28,79,active,group_2,8,[],28.0,0.2664576925599665,1
28,80,active,group_2,9,[],28.0,0.28420832674848406,1
28,81,active,group_2,8,[],28.0,0.27486694949509005,1
28,82,active,group_2,8,[],28.0,0.26809693834008536,1
28,83,active,group_2,9,[],28.0,0.27444708718034994,1
28,84,active,group_2,9,[],28.0,0.27445002639777194,1
28,85,active,group_2,9,[],28.0,0.2863972044121147,1
28,86,active,group_2,10,[],28.0,0.2828449655058785,1
28,87,active,group_2,8,[],28.0,0.25867982730794487,1
28,88,active,group_2,8,[],28.0,0.2658537082891747,1
28,89,active,group_2,8,[],28.0,0.2765389704208977,1
28,90,active,group_2,9,[],28.0,0.2662157180297487,1
28,91,active,group_2,9,[],28.0,0.27259733376303413,1
28,92,active,group_2,9,[],28.0,0.26545277372151393,1
28,93,active,group_2,8,[],28.0,0.2672219487470783,1
28,94,active,group_2,8,[],28.0,0.2622350933281478,1
28,95,active,group_2,8,[],28.0,0.2745488243630986,1
28,96,active,group_2,9,[],28.0,0.27145087825287056,1
28,97,active,group_2,9,[],28.0,0.26167281267875947,1
28,98,active,group_2,9,[],28.0,0.2538012969594269,1
28,99,active,group_2,10,[],28.0,0.28195208002906785,1
28,100,constructive,group_3,9,[],28.0,0.2800298557808752,1
28,101,constructive,group_3,8,[],28.0,0.24868350100473338,1
28,102,constructive,group_3,9,[],28.0,0.2709992938774423,1
28,103,constructive,group_3,9,[],28.0,0.24934521148988575,1
28,104,constructive,group_3,9,[],28.0,0.26388354987554197,1
28,105,constructive,group_3,10,[],28.0,0.2916146292863046,1
28,106,constructive,group_3,9,[],28.0,0.2618530239394175,1
28,107,constructive,group_3,9,[],28.0,0.25840760104025534,1
28,108,constructive,group_3,10,[],28.0,0.2704823709871874,1
28,109,constructive,group_3,8,[],28.0,0.2605628879789881,1
28,110,constructive,group_3,8,[],28.0,0.26226156078125495,1
28,111,constructive,group_3,9,[],28.0,0.27019121085296594,1
28,112,constructive,group_3,10,[],28.0,0.29317923244159305,1
28,113,constructive,group_3,9,[],28.0,0.25882567324299105,1
28,114,constructive,group_3,8,[],28.0,0.2733556353976532,1
28,115,constructive,group_3,10,[],28.0,0.29411843276893684,1
28,116,constructive,group_3,9,[],28.0,0.28514888480934736,1
28,117,constructive,group_3,10,[],28.0,0.2925200305255516,1
28,118,constructive,group_3,8,[],28.0,0.2566683157055868,1
28,119,constructive,group_3,8,[],28.0,0.26898513316190553,1
28,120,constructive,group_3,8,[],28.0,0.25149407387824974,1
28,121,constructive,group_3,8,[],28.0,0.26306517677132024,1
28,122,constructive,group_3,8,[],28.0,0.2665841557546734,1
28,123,constructive,group_3,10,[],28.0,0.29412996226270954,1
28,124,constructive,group_3,8,[],28.0,0.2686888492283439,1
28,125,constructive,group_3,8,[],28.0,0.28361869085859925,1
28,126,constructive,group_3,8,[],28.0,0.2720326131882105,1
28,127,constructive,group_3,10,[],28.0,0.29564709278220014,1
28,128,constructive,group_3,8,[],28.0,0.2622016035966764,1
28,129,constructive,group_3,9,[],28.0,0.26032864080630813,1
28,130,constructive,group_3,9,[],28.0,0.26828834541082935,1
28,131,constructive,group_3,10,[],28.0,0.2945101179247255,1
28,132,constructive,group_3,10,[],28.0,0.2811319979760444,1
28,133,constructive,group_3,10,[],28.0,0.3018194365956368,1
28,134,constructive,group_3,9,[],28.0,0.28109755005333315,1
28,135,constructive,group_3,9,[],28.0,0.2729328245804174,1
28,136,constructive,group_3,10,[],28.0,0.279537942088868,1
28,137,constructive,group_3,8,[],28.0,0.25566496668236705,1
28,138,constructive,group_3,9,[],28.0,0.2787255478112313,1
28,139,constructive,group_3,8,[],28.0,0.2689237638910443,1
28,140,constructive,group_3,10,[],28.0,0.2849136720379622,1
28,141,constructive,group_3,10,[],28.0,0.305863369754166,1
28,142,constructive,group_3,10,[],28.0,0.30556502745344577,1
28,143,constructive,group_3,8,[],28.0,0.26353438666277984,1
28,144,constructive,group_3,10,[],28.0,0.2981970824747301,1
28,145,constructive,group_3,10,[],28.0,0.28898193503582903,1
28,146,constructive,group_3,10,[],28.0,0.2937347234382546,1
28,147,constructive,group_3,8,[],28.0,0.2651277782260354,1
28,148,constructive,group_3,8,[],28.0,0.27252055436096095,1
28,149,constructive,group_3,8,[],28.0,0.26869793875473846,1
29,0,active,group_1,8,[],29.0,0.25145371156488244,1
29,1,active,group_1,8,[],29.0,0.26997841451295673,1
29,2,active,group_1,8,[],29.0,0.24399766179825505,1
29,3,active,group_1,7,[],29.0,0.23877443719517646,1
29,4,active,group_1,8,[],29.0,0.252960658266796,1
29,5,active,group_1,8,[],29.0,0.24856026043622942,1
29,6,active,group_1,8,[],29.0,0.2365344326584755,1
29,7,active,group_1,8,[],29.0,0.25681329963687666,1
29,8,active,group_1,7,[],29.0,0.2519714486423673,1
29,9,active,group_1,8,[],29.0,0.25450892194567076,1
29,10,active,group_1,8,[],29.0,0.26720627452235873,1
29,11,active,group_1,8,[],29.0,0.2437700563538614,1
29,12,active,group_1,8,[],29.0,0.26554124950458496,1
29,13,active,group_1,8,[],29.0,0.25899619436203714,1
29,14,active,group_1,8,[],29.0,0.26724282415928613,1
29,15,active,group_1,8,[],29.0,0.2637010404080926,1
29,16,active,group_1,8,[],29.0,0.24965537622040426,1
29,17,active,group_1,7,[],29.0,0.23012220957857737,1
29,18,active,group_1,9,[],29.0,0.2595646714078189,1
29,19,active,group_1,8,[],29.0,0.26142931218675286,1
29,20,active,group_1,8,[],29.0,0.2739380749329116,1
29,21,active,group_1,8,[],29.0,0.2546072771255777,1
29,22,active,group_1,7,[],29.0,0.25110438824788667,1
29,23,active,group_1,8,[],29.0,0.24145365584139525,1
29,24,active,group_1,8,[],29.0,0.2572773981777921,1
29,25,active,group_1,8,[],29.0,0.26438530101217705,1
29,26,active,group_1,8,[],29.0,0.25248156637288055,1
29,27,active,group_1,8,[],29.0,0.2666235016359098,1
29,28,active,group_1,7,[],29.0,0.2528612197973466,1
29,29,active,group_1,8,[],29.0,0.261416822449296,1
29,30,active,group_1,8,[],29.0,0.24249573460701757,1
29,31,active,group_1,8,[],29.0,0.26648681647580036,1
29,32,active,group_1,8,[],29.0,0.25033130734409453,1
29,33,active,group_1,8,[],29.0,0.2707860635231333,1
29,34,active,group_1,8,[],29.0,0.2524632810163613,1
29,35,active,group_1,8,[],29.0,0.24397172362582253,1
29,36,active,group_1,8,[],29.0,0.23490226609940215,1
29,37,active,group_1,8,[],29.0,0.252721748535308,1
29,38,active,group_1,8,[],29.0,0.26209353091714427,1
29,39,active,group_1,8,[],29.0,0.22973319844687676,1
29,40,active,group_1,8,[],29.0,0.2601223292549469,1
29,41,active,group_1,8,[],29.0,0.24671661974370096,1
29,42,active,group_1,7,[],29.0,0.260085703148787,1
29,43,active,group_1,8,[],29.0,0.24822791781178616,1
29,44,active,group_1,8,[],29.0,0.2631029589024876,1
29,45,active,group_1,8,[],29.0,0.24838370929907905,1
29,46,active,group_1,8,[],29.0,0.2625324482634414,1
29,47,active,group_1,7,[],29.0,0.2485638346091263,1
29,48,active,group_1,8,[],29.0,0.25751284083277104,1
29,49,active,group_1,8,[],29.0,0.2595812954567853,1
29,50,active,group_2,9,[],29.0,0.2786038825270463,1
29,51,active,group_2,10,[],29.0,0.2886832521000245,1
29,52,active,group_2,9,[],29.0,0.28771746260614445,1
29,53,active,group_2,10,[],29.0,0.27958977955576236,1
29,54,active,group_2,10,[],29.0,0.29114651024869864,1
29,55,active,group_2,9,[],29.0,0.2823053489264741,1
29,56,active,group_2,9,[],29.0,0.2867850538194484,1
29,57,active,group_2,10,[],29.0,0.28747568705464577,1
29,58,active,group_2,9,[],29.0,0.2858404771270792,1
29,59,active,group_2,10,[],29.0,0.29511914546617046,1
29,60,active,group_2,10,[],29.0,0.30400065439493024,1
29,61,active,group_2,9,[],29.0,0.2734296460092322,1
29,62,active,group_2,9,[],29.0,0.2727366112171251,1
29,63,active,group_2,9,[],29.0,0.2835308783345559,1
29,64,active,group_2,9,[],29.0,0.24674428570261733,1
29,65,active,group_2,10,[],29.0,0.2960741523480537,1
29,66,active,group_2,9,[],29.0,0.27902523197429885,1
29,67,active,group_2,10,[],29.0,0.29429696785865345,1
29,68,active,group_2,10,[],29.0,0.2833789466343536,1
29,69,active,group_2,10,[],29.0,0.2969884389883686,1
29,70,active,group_2,10,[],29.0,0.30490083368791104,1
29,71,active,group_2,10,[],29.0,0.28054388649714185,1
29,72,active,group_2,8,[],29.0,0.2683763130564742,1
29,73,active,group_2,9,[],29.0,0.26210713572909894,1
29,74,active,group_2,10,[],29.0,0.27635637051204975,1
29,75,active,group_2,9,[],29.0,0.29278486561103756,1
29,76,active,group_2,9,[],29.0,0.2841794568531152,1
29,77,active,group_2,9,[],29.0,0.27575315911444026,1
29,78,active,group_2,8,[],29.0,0.2506262154150466,1
29,79,active,group_2,8,[],29.0,0.2709468634183715,1
29,80,active,group_2,10,[],29.0,0.29174474367417047,1
29,81,active,group_2,9,[],29.0,0.2772635487253604,1
29,82,active,group_2,9,[],29.0,0.2706873927842119,1
29,83,active,group_2,10,[],29.0,0.2823768429614798,1
29,84,active,group_2,9,[],29.0,0.2848380503208318,1
29,85,active,group_2,10,[],29.0,0.2933610332377624,1
29,86,active,group_2,10,[],29.0,0.28891615000006,1
29,87,active,group_2,9,[],29.0,0.2608310270851166,1
29,88,active,group_2,9,[],29.0,0.2687531880269881,1
29,89,active,group_2,8,[],29.0,0.2804988316555767,1
29,90,active,group_2,9,[],29.0,0.27724494018915663,1
29,91,active,group_2,9,[],29.0,0.2835802211842256,1
29,92,active,group_2,9,[],29.0,0.27396542576882243,1
29,93,active,group_2,9,[],29.0,0.26964900306461703,1
29,94,active,group_2,9,[],29.0,0.2650829747857054,1
29,95,active,group_2,9,[],29.0,0.276901137900046,1
29,96,active,group_2,9,[],29.0,0.28191106354419027,1
29,97,active,group_2,9,[],29.0,0.2719443872399368,1
29,98,active,group_2,9,[],29.0,0.26406125647560297,1
29,99,active,group_2,10,[],29.0,0.2884064616023299,1
29,100,constructive,group_3,10,[],29.0,0.28465123559317174,1
29,101,constructive,group_3,9,[],29.0,0.2518913875151211,1
29,102,constructive,group_3,10,[],29.0,0.2898801732774062,1
29,103,constructive,group_3,10,[],29.0,0.2708959256266818,1
29,104,constructive,group_3,10,[],29.0,0.2817202039684167,1
29,105,constructive,group_3,10,[],29.0,0.2975225791394755,1
29,106,constructive,group_3,10,[],29.0,0.2799364836753767,1
29,107,constructive,group_3,10,[],29.0,0.277474868333589,1
29,108,constructive,group_3,10,[],29.0,0.27564683025548026,1
29,109,constructive,group_3,8,[],29.0,0.26492827718548023,1
29,110,constructive,group_3,8,[],29.0,0.26538590034285076,1
29,111,constructive,group_3,10,[],29.0,0.2917382133921432,1
29,112,constructive,group_3,10,[],29.0,0.298414650836634,1
29,113,constructive,group_3,10,[],29.0,0.2781095888265196,1
29,114,constructive,group_3,9,[],29.0,0.2762188269759428,1
29,115,constructive,group_3,10,[],29.0,0.3000022527945588,1
29,116,constructive,group_3,10,[],29.0,0.3039712791151186,1
29,117,constructive,group_3,10,[],29.0,0.29816229344548595,1
29,118,constructive,group_3,8,[],29.0,0.2594004392438004,1
29,119,constructive,group_3,8,[],29.0,0.27273811660391667,1
29,120,constructive,group_3,9,[],29.0,0.253142626122019,1
29,121,constructive,group_3,8,[],29.0,0.267077732244395,1
29,122,constructive,group_3,9,[],29.0,0.2687215667429673,1
29,123,constructive,group_3,10,[],29.0,0.30010250553760276,1
29,124,constructive,group_3,9,[],29.0,0.2710128490479856,1
29,125,constructive,group_3,9,[],29.0,0.2851302539445067,1
29,126,constructive,group_3,8,[],29.0,0.27477679130240423,1
29,127,constructive,group_3,10,[],29.0,0.30122956335374246,1
29,128,constructive,group_3,9,[],29.0,0.2654667230206963,1
29,129,constructive,group_3,10,[],29.0,0.27914316906877074,1
29,130,constructive,group_3,10,[],29.0,0.284435998834068,1
29,131,constructive,group_3,10,[],29.0,0.29991374851371977,1
29,132,constructive,group_3,10,[],29.0,0.2865663709930423,1
29,133,constructive,group_3,10,[],29.0,0.3075217912000289,1
29,134,constructive,group_3,10,[],29.0,0.3007476080632489,1
29,135,constructive,group_3,10,[],29.0,0.2922858162178133,1
29,136,constructive,group_3,10,[],29.0,0.28524912389980805,1
29,137,constructive,group_3,8,[],29.0,0.2603980798920583,1
29,138,constructive,group_3,10,[],29.0,0.29789622550249056,1
29,139,constructive,group_3,9,[],29.0,0.2713664938020871,1
29,140,constructive,group_3,10,[],29.0,0.29112583896857325,1
29,141,constructive,group_3,10,[],29.0,0.31084128979177306,1
29,142,constructive,group_3,10,[],29.0,0.3120584850377247,1
29,143,constructive,group_3,8,[],29.0,0.26825523004779017,1
29,144,constructive,group_3,10,[],29.0,0.303727036641691,1
29,145,constructive,group_3,10,[],29.0,0.294798453764992,1
29,146,constructive,group_3,10,[],29.0,0.2984234473848292,1
29,147,constructive,group_3,9,[],29.0,0.2677673858750692,1
29,148,constructive,group_3,8,[],29.0,0.27578736767744827,1
29,149,constructive,group_3,9,[],29.0,0.2704423869204222,1
30,0,active,group_1,8,[],30.0,0.2566102173263958,1
30,1,active,group_1,8,[],30.0,0.2758251351354416,1
30,2,active,group_1,8,[],30.0,0.25007094973019706,1
30,3,active,group_1,7,[],30.0,0.24246408127007363,1
30,4,active,group_1,8,[],30.0,0.25826964873110436,1
30,5,active,group_1,8,[],30.0,0.254495485536195,1
30,6,active,group_1,8,[],30.0,0.24279161080630662,1
30,7,active,group_1,8,[],30.0,0.26323031094720994,1
30,8,active,group_1,8,[],30.0,0.25387733835389237,1
30,9,active,group_1,8,[],30.0,0.2602006861500492,1
30,10,active,group_1,8,[],30.0,0.2708136898645733,1
30,11,active,group_1,8,[],30.0,0.2489965816096935,1
30,12,active,group_1,8,[],30.0,0.27131469928879554,1
30,13,active,group_1,8,[],30.0,0.2629356315158946,1
30,14,active,group_1,8,[],30.0,0.27233924411839794,1
30,15,active,group_1,8,[],30.0,0.2681802530362817,1
30,16,active,group_1,8,[],30.0,0.2561176288829448,1
30,17,active,group_1,8,[],30.0,0.23219842122838896,1
30,18,active,group_1,9,[],30.0,0.27024817150403246,1
30,19,active,group_1,8,[],30.0,0.2672491495481594,1
30,20,active,group_1,8,[],30.0,0.2793895457001624,1
30,21,active,group_1,8,[],30.0,0.2592768628026106,1
30,22,active,group_1,8,[],30.0,0.25354300133008356,1
30,23,active,group_1,8,[],30.0,0.24728877347739325,1
30,24,active,group_1,8,[],30.0,0.26326213828801015,1
30,25,active,group_1,8,[],30.0,0.27069235359657684,1
30,26,active,group_1,8,[],30.0,0.25923148570869137,1
30,27,active,group_1,9,[],30.0,0.26950609349833565,1
30,28,active,group_1,8,[],30.0,0.2548265834901827,1
30,29,active,group_1,9,[],30.0,0.26370557533070377,1
30,30,active,group_1,8,[],30.0,0.24876267410505043,1
30,31,active,group_1,9,[],30.0,0.2692221361550934,1
30,32,active,group_1,8,[],30.0,0.25650741383286296,1
30,33,active,group_1,8,[],30.0,0.2771795149105867,1
30,34,active,group_1,8,[],30.0,0.2592038197641094,1
30,35,active,group_1,8,[],30.0,0.2508690520815605,1
30,36,active,group_1,8,[],30.0,0.2418379736646874,1
30,37,active,group_1,8,[],30.0,0.25859871591647177,1
30,38,active,group_1,8,[],30.0,0.2662918879774355,1
30,39,active,group_1,8,[],30.0,0.23600854123372111,1
30,40,active,group_1,8,[],30.0,0.2645715649705705,1
30,41,active,group_1,8,[],30.0,0.2527122275327341,1
30,42,active,group_1,8,[],30.0,0.26232762203987997,1
30,43,active,group_1,8,[],30.0,0.253450080144253,1
30,44,active,group_1,8,[],30.0,0.2685614404898737,1
30,45,active,group_1,8,[],30.0,0.2542833349484929,1
30,46,active,group_1,8,[],30.0,0.267840248585572,1
30,47,active,group_1,8,[],30.0,0.251078584612803,1
30,48,active,group_1,8,[],30.0,0.2615161212295528,1
30,49,active,group_1,8,[],30.0,0.26472911371720326,1
30,50,active,group_2,10,[],30.0,0.28652525252259864,1
30,51,active,group_2,10,[],30.0,0.2950637077546925,1
30,52,active,group_2,10,[],30.0,0.29610308337613,1
30,53,active,group_2,10,[],30.0,0.2854948004057595,1
30,54,active,group_2,10,[],30.0,0.29793657736775797,1
30,55,active,group_2,9,[],30.0,0.29252275143256246,1
30,56,active,group_2,10,[],30.0,0.2938417003892547,1
30,57,active,group_2,10,[],30.0,0.29272633790562735,1
30,58,active,group_2,10,[],30.0,0.2928719079992509,1
30,59,active,group_2,10,[],30.0,0.30113242534753193,1
30,60,active,group_2,10,[],30.0,0.30939807981173334,1
30,61,active,group_2,10,[],30.0,0.281390209631458,1
30,62,active,group_2,10,[],30.0,0.275960970300406,1
30,63,active,group_2,9,[],30.0,0.291897247089543,1
30,64,active,group_2,9,[],30.0,0.2568320252602557,1
30,65,active,group_2,10,[],30.0,0.3022793959368928,1
30,66,active,group_2,10,[],30.0,0.28662307330103814,1
30,67,active,group_2,10,[],30.0,0.29986596294233847,1
30,68,active,group_2,10,[],30.0,0.29000024234128485,1
30,69,active,group_2,10,[],30.0,0.3032260485299584,1
30,70,active,group_2,10,[],30.0,0.3102704716770389,1
30,71,active,group_2,10,[],30.0,0.28646159298597446,1
30,72,active,group_2,8,[],30.0,0.27125375661053797,1
30,73,active,group_2,10,[],30.0,0.2696606906871981,1
30,74,active,group_2,10,[],30.0,0.28296850107128435,1
30,75,active,group_2,9,[],30.0,0.3012692663320806,1
30,76,active,group_2,10,[],30.0,0.2910455909034434,1
30,77,active,group_2,9,[],30.0,0.28632747261827096,1
30,78,active,group_2,9,[],30.0,0.25222497792371745,1
30,79,active,group_2,9,[],30.0,0.2736906500087728,1
30,80,active,group_2,10,[],30.0,0.29773094742323697,1
30,81,active,group_2,9,[],30.0,0.2872803632903466,1
30,82,active,group_2,9,[],30.0,0.28107603839359163,1
30,83,active,group_2,10,[],30.0,0.28858927410902985,1
30,84,active,group_2,10,[],30.0,0.29267714541731155,1
30,85,active,group_2,10,[],30.0,0.3000752873882437,1
30,86,active,group_2,10,[],30.0,0.2940513714359778,1
30,87,active,group_2,9,[],30.0,0.27124757789315457,1
30,88,active,group_2,9,[],30.0,0.2791782494373539,1
30,89,active,group_2,9,[],30.0,0.28250148205693426,1
30,90,active,group_2,10,[],30.0,0.28550956940960326,1
30,91,active,group_2,10,[],30.0,0.2917835289586847,1
30,92,active,group_2,10,[],30.0,0.2774102450750001,1
30,93,active,group_2,9,[],30.0,0.28008527363085933,1
30,94,active,group_2,9,[],30.0,0.2759516048812917,1
30,95,active,group_2,9,[],30.0,0.2879389787504234,1
30,96,active,group_2,10,[],30.0,0.2887323872509863,1
30,97,active,group_2,10,[],30.0,0.27958323636697335,1
30,98,active,group_2,10,[],30.0,0.27095166944217663,1
30,99,active,group_2,10,[],30.0,0.2936959216164603,1
30,100,constructive,group_3,10,[],30.0,0.29097070086943294,1
30,101,constructive,group_3,10,[],30.0,0.27053369131608945,1
30,102,constructive,group_3,10,[],30.0,0.29531556673065545,1
30,103,constructive,group_3,10,[],30.0,0.27643853950316566,1
30,104,constructive,group_3,10,[],30.0,0.2873176891568835,1
30,105,constructive,group_3,10,[],30.0,0.3029021412823377,1
30,106,constructive,group_3,10,[],30.0,0.28560753988672427,1
30,107,constructive,group_3,10,[],30.0,0.28294587239652147,1
30,108,constructive,group_3,10,[],30.0,0.27993853798784896,1
30,109,constructive,group_3,8,[],30.0,0.26796357100678103,1
30,110,constructive,group_3,9,[],30.0,0.2671678893668222,1
30,111,constructive,group_3,10,[],30.0,0.2975442514062686,1
30,112,constructive,group_3,10,[],30.0,0.30301513034732047,1
30,113,constructive,group_3,10,[],30.0,0.28415380767441023,1
30,114,constructive,group_3,10,[],30.0,0.2948332253509761,1
30,115,constructive,group_3,10,[],30.0,0.3055366461554131,1
30,116,constructive,group_3,10,[],30.0,0.3101935764661302,1
30,117,constructive,group_3,10,[],30.0,0.30341284556865183,1
30,118,constructive,group_3,9,[],30.0,0.2608491290502478,1
30,119,constructive,group_3,9,[],30.0,0.2749510055861964,1
30,120,constructive,group_3,10,[],30.0,0.27458002839924783,1
30,121,constructive,group_3,9,[],30.0,0.2695675015750824,1
30,122,constructive,group_3,10,[],30.0,0.28797271650388484,1
30,123,constructive,group_3,10,[],30.0,0.3054865081520755,1
30,124,constructive,group_3,10,[],30.0,0.2901710942552155,1
30,125,constructive,group_3,10,[],30.0,0.30660715305135366,1
30,126,constructive,group_3,9,[],30.0,0.27628939399431285,1
30,127,constructive,group_3,10,[],30.0,0.30629321722765135,1
30,128,constructive,group_3,10,[],30.0,0.28470685475350355,1
30,129,constructive,group_3,10,[],30.0,0.28541398390597783,1
30,130,constructive,group_3,10,[],30.0,0.28963925830123527,1
30,131,constructive,group_3,10,[],30.0,0.30461940726999265,1
30,132,constructive,group_3,10,[],30.0,0.29138072955946237,1
30,133,constructive,group_3,10,[],30.0,0.31262236755988687,1
30,134,constructive,group_3,10,[],30.0,0.306631767409438,1
30,135,constructive,group_3,10,[],30.0,0.2980615997147987,1
30,136,constructive,group_3,10,[],30.0,0.2901455495685944,1
30,137,constructive,group_3,9,[],30.0,0.26339326539600616,1
30,138,constructive,group_3,10,[],30.0,0.30306897068624583,1
30,139,constructive,group_3,10,[],30.0,0.28977156777358726,1
30,140,constructive,group_3,10,[],30.0,0.2960698955503025,1
30,141,constructive,group_3,10,[],30.0,0.314985719327707,1
30,142,constructive,group_3,10,[],30.0,0.31799932786711416,1
30,143,constructive,group_3,9,[],30.0,0.2708524278128528,1
30,144,constructive,group_3,10,[],30.0,0.30855375568999455,1
30,145,constructive,group_3,10,[],30.0,0.2996396989895684,1
30,146,constructive,group_3,10,[],30.0,0.3023884224253796,1
30,147,constructive,group_3,10,[],30.0,0.2874094364126723,1
30,148,constructive,group_3,9,[],30.0,0.27754191798889993,1
30,149,constructive,group_3,10,[],30.0,0.29171874830151323,1
31,0,active,group_1,8,[],31.0,0.26045952892763474,1
31,1,active,group_1,8,[],31.0,0.2805002951453698,1
31,2,active,group_1,8,[],31.0,0.25530016832174496,1
31,3,active,group_1,8,[],31.0,0.2445065672639656,1
31,4,active,group_1,8,[],31.0,0.26224954353283814,1
31,5,active,group_1,8,[],31.0,0.2596151105784889,1
31,6,active,group_1,8,[],31.0,0.2479284239064524,1
31,7,active,group_1,8,[],31.0,0.26874183871584684,1
31,8,active,group_1,8,[],31.0,0.26036963550143055,1
31,9,active,group_1,8,[],31.0,0.2644793382395129,1
31,10,active,group_1,9,[],31.0,0.2726432060832594,1
31,11,active,group_1,8,[],31.0,0.25301078444641567,1
31,12,active,group_1,8,[],31.0,0.27591307105616486,1
31,13,active,group_1,9,[],31.0,0.26492650356196945,1
31,14,active,group_1,8,[],31.0,0.2764682675678394,1
31,15,active,group_1,9,[],31.0,0.27102011697557377,1
31,16,active,group_1,8,[],31.0,0.2616765960052062,1
31,17,active,group_1,8,[],31.0,0.23865487906704003,1
31,18,active,group_1,10,[],31.0,0.2778156195592261,1
31,19,active,group_1,8,[],31.0,0.27227132545084026,1
31,20,active,group_1,8,[],31.0,0.2831727857253338,1
31,21,active,group_1,9,[],31.0,0.2622171842855622,1
31,22,active,group_1,8,[],31.0,0.2600006248608136,1
31,23,active,group_1,8,[],31.0,0.25170669421828495,1
31,24,active,group_1,8,[],31.0,0.2683971474943511,1
31,25,active,group_1,8,[],31.0,0.27604055362866264,1
31,26,active,group_1,8,[],31.0,0.26502726606476956,1
31,27,active,group_1,9,[],31.0,0.2803832252388306,1
31,28,active,group_1,8,[],31.0,0.26103687732397346,1
31,29,active,group_1,9,[],31.0,0.2747664563132147,1
31,30,active,group_1,8,[],31.0,0.25412816555506124,1
31,31,active,group_1,9,[],31.0,0.2798270720660304,1
31,32,active,group_1,8,[],31.0,0.261693934878524,1
31,33,active,group_1,8,[],31.0,0.2826781698724522,1
31,34,active,group_1,8,[],31.0,0.26468982198172547,1
31,35,active,group_1,8,[],31.0,0.25673897114209543,1
31,36,active,group_1,8,[],31.0,0.24769011298297428,1
31,37,active,group_1,8,[],31.0,0.2636681736955037,1
31,38,active,group_1,9,[],31.0,0.2685012488269233,1
31,39,active,group_1,8,[],31.0,0.24136149112028296,1
31,40,active,group_1,9,[],31.0,0.26741100976544874,1
31,41,active,group_1,8,[],31.0,0.2578298005351303,1
31,42,active,group_1,8,[],31.0,0.2685345617049654,1
31,43,active,group_1,8,[],31.0,0.2570292732833028,1
31,44,active,group_1,8,[],31.0,0.2729723826385032,1
31,45,active,group_1,8,[],31.0,0.25927238181453516,1
31,46,active,group_1,8,[],31.0,0.27224073289048045,1
31,47,active,group_1,8,[],31.0,0.25760072931026334,1
31,48,active,group_1,9,[],31.0,0.2639975195413609,1
31,49,active,group_1,8,[],31.0,0.26876748611659795,1
31,50,active,group_2,10,[],31.0,0.29319705721225453,1
31,51,active,group_2,10,[],31.0,0.30030012423049446,1
31,52,active,group_2,10,[],31.0,0.3029266124177171,1
31,53,active,group_2,10,[],31.0,0.2905820813721406,1
31,54,active,group_2,10,[],31.0,0.30354102245933,1
31,55,active,group_2,10,[],31.0,0.2993018486045101,1
31,56,active,group_2,10,[],31.0,0.2998343638514037,1
31,57,active,group_2,10,[],31.0,0.2971896147729306,1
31,58,active,group_2,10,[],31.0,0.2996622450018348,1
31,59,active,group_2,10,[],31.0,0.3062408397863771,1
31,60,active,group_2,10,[],31.0,0.31362424987377874,1
31,61,active,group_2,10,[],31.0,0.28758573598101744,1
31,62,active,group_2,10,[],31.0,0.2822980206052373,1
31,63,active,group_2,10,[],31.0,0.29511438105620735,1
31,64,active,group_2,10,[],31.0,0.264454281743527,1
31,65,active,group_2,10,[],31.0,0.30737470853379106,1
31,66,active,group_2,10,[],31.0,0.29333151850344286,1
31,67,active,group_2,10,[],31.0,0.30467754067915565,1
31,68,active,group_2,10,[],31.0,0.29557455425360324,1
31,69,active,group_2,10,[],31.0,0.3085045995466124,1
31,70,active,group_2,10,[],31.0,0.31474022380197875,1
31,71,active,group_2,10,[],31.0,0.2915618778617895,1
31,72,active,group_2,9,[],31.0,0.2727302134663451,1
31,73,active,group_2,10,[],31.0,0.2755385687491295,1
31,74,active,group_2,10,[],31.0,0.2883051405217416,1
31,75,active,group_2,10,[],31.0,0.30464422396624397,1
31,76,active,group_2,10,[],31.0,0.29743845481566095,1
31,77,active,group_2,9,[],31.0,0.29458443550452246,1
31,78,active,group_2,9,[],31.0,0.2630995177239127,1
31,79,active,group_2,9,[],31.0,0.28419781070470307,1
31,80,active,group_2,10,[],31.0,0.3028887982045304,1
31,81,active,group_2,10,[],31.0,0.2941888901117804,1
31,82,active,group_2,10,[],31.0,0.2887944479075342,1
31,83,active,group_2,10,[],31.0,0.2938457905189079,1
31,84,active,group_2,10,[],31.0,0.2987542211892039,1
31,85,active,group_2,10,[],31.0,0.30556817712875545,1
31,86,active,group_2,10,[],31.0,0.2982361283155276,1
31,87,active,group_2,9,[],31.0,0.2792035442733183,1
31,88,active,group_2,10,[],31.0,0.28702744601932345,1
31,89,active,group_2,9,[],31.0,0.2929038774119376,1
31,90,active,group_2,10,[],31.0,0.29132095934880964,1
31,91,active,group_2,10,[],31.0,0.2978489622088486,1
31,92,active,group_2,10,[],31.0,0.2836543990960805,1
31,93,active,group_2,10,[],31.0,0.2876891183364076,1
31,94,active,group_2,10,[],31.0,0.28304733670700544,1
31,95,active,group_2,10,[],31.0,0.2956129271320401,1
31,96,active,group_2,10,[],31.0,0.2943881619288763,1
31,97,active,group_2,10,[],31.0,0.28576519845438764,1
31,98,active,group_2,10,[],31.0,0.2773782906386505,1
31,99,active,group_2,10,[],31.0,0.2981256526924855,1
31,100,constructive,group_3,10,[],31.0,0.2962518265877677,1
31,101,constructive,group_3,10,[],31.0,0.2770092882279878,1
31,102,constructive,group_3,10,[],31.0,0.3003008115973163,1
31,103,constructive,group_3,10,[],31.0,0.2813848494906885,1
31,104,constructive,group_3,10,[],31.0,0.2924719660258706,1
31,105,constructive,group_3,10,[],31.0,0.30748955724885363,1
31,106,constructive,group_3,10,[],31.0,0.2906092511377084,1
31,107,constructive,group_3,10,[],31.0,0.2876254295765941,1
31,108,constructive,group_3,11,[],31.0,0.28254806848096914,1
31,109,constructive,group_3,9,[],31.0,0.2695403242474939,1
31,110,constructive,group_3,10,[],31.0,0.2888273905477975,1
31,111,constructive,group_3,10,[],31.0,0.3030417372451055,1
31,112,constructive,group_3,10,[],31.0,0.3067516908655401,1
31,113,constructive,group_3,10,[],31.0,0.2898550025492831,1
31,114,constructive,group_3,10,[],31.0,0.30064594669031786,1
31,115,constructive,group_3,10,[],31.0,0.31010416963571336,1
31,116,constructive,group_3,10,[],31.0,0.3158884835552842,1
31,117,constructive,group_3,10,[],31.0,0.30767592465990357,1
31,118,constructive,group_3,10,[],31.0,0.282570329034403,1
31,119,constructive,group_3,10,[],31.0,0.29486875399017576,1
31,120,constructive,group_3,10,[],31.0,0.2804042749917592,1
31,121,constructive,group_3,10,[],31.0,0.2890090815109265,1
31,122,constructive,group_3,10,[],31.0,0.29421747603156795,1
31,123,constructive,group_3,10,[],31.0,0.31012352126243825,1
31,124,constructive,group_3,10,[],31.0,0.29626632550603954,1
31,125,constructive,group_3,10,[],31.0,0.3130432903251851,1
31,126,constructive,group_3,10,[],31.0,0.2977731013830941,1
31,127,constructive,group_3,10,[],31.0,0.3104954850552381,1
31,128,constructive,group_3,10,[],31.0,0.28996456166805795,1
31,129,constructive,group_3,10,[],31.0,0.29115429706587787,1
31,130,constructive,group_3,10,[],31.0,0.29428294499486085,1
31,131,constructive,group_3,10,[],31.0,0.308534888548331,1
31,132,constructive,group_3,10,[],31.0,0.2953725052954184,1
31,133,constructive,group_3,11,[],31.0,0.31598798884191626,1
31,134,constructive,group_3,10,[],31.0,0.31222010778715836,1
31,135,constructive,group_3,10,[],31.0,0.3033832179681283,1
31,136,constructive,group_3,10,[],31.0,0.29433744159523967,1
31,137,constructive,group_3,10,[],31.0,0.282638206426667,1
31,138,constructive,group_3,10,[],31.0,0.30755439507797977,1
31,139,constructive,group_3,10,[],31.0,0.29599557473297605,1
31,140,constructive,group_3,10,[],31.0,0.3003766359992191,1
31,141,constructive,group_3,11,[],31.0,0.31759809648575066,1
31,142,constructive,group_3,10,[],31.0,0.32321463104654835,1
31,143,constructive,group_3,10,[],31.0,0.2894939768115877,1
31,144,constructive,group_3,11,[],31.0,0.31162686193579103,1
31,145,constructive,group_3,10,[],31.0,0.30380528363996817,1
31,146,constructive,group_3,10,[],31.0,0.3051612935776038,1
31,147,constructive,group_3,10,[],31.0,0.29284120568386374,1
31,148,constructive,group_3,10,[],31.0,0.2989682994392371,1
31,149,constructive,group_3,10,[],31.0,0.2979865184537744,1
32,0,active,group_1,9,[],32.0,0.2625710070808367,1
32,1,active,group_1,9,[],32.0,0.2832477404382942,1
32,2,active,group_1,8,[],32.0,0.2590992124378528,1
32,3,active,group_1,8,[],32.0,0.2500732063938663,1
32,4,active,group_1,9,[],32.0,0.26442333776065724,1
32,5,active,group_1,8,[],32.0,0.2634410673789275,1
32,6,active,group_1,8,[],32.0,0.25224781808119195,1
32,7,active,group_1,8,[],32.0,0.27264112077077995,1
32,8,active,group_1,8,[],32.0,0.2659209745411355,1
32,9,active,group_1,9,[],32.0,0.2667642267746662,1
32,10,active,group_1,9,[],32.0,0.2829852749167491,1
32,11,active,group_1,9,[],32.0,0.2553004918402915,1
32,12,active,group_1,9,[],32.0,0.27860760043774546,1
32,13,active,group_1,9,[],32.0,0.275894075846589,1
32,14,active,group_1,9,[],32.0,0.27907428437686804,1
32,15,active,group_1,9,[],32.0,0.2813877269463031,1
32,16,active,group_1,8,[],32.0,0.26578776421844424,1
32,17,active,group_1,8,[],32.0,0.24420132601857847,1
32,18,active,group_1,10,[],32.0,0.283612709256058,1
32,19,active,group_1,8,[],32.0,0.2761014821663356,1
32,20,active,group_1,9,[],32.0,0.2850056951414778,1
32,21,active,group_1,9,[],32.0,0.2725665159722782,1
32,22,active,group_1,8,[],32.0,0.265467364913475,1
32,23,active,group_1,9,[],32.0,0.2540689045136433,1
32,24,active,group_1,8,[],32.0,0.27203432574426356,1
32,25,active,group_1,8,[],32.0,0.28033048086270485,1
32,26,active,group_1,8,[],32.0,0.2692815426456373,1
32,27,active,group_1,10,[],32.0,0.28853237297438394,1
32,28,active,group_1,8,[],32.0,0.26638669270865656,1
32,29,active,group_1,10,[],32.0,0.28185064610253013,1
32,30,active,group_1,8,[],32.0,0.25785096184853484,1
32,31,active,group_1,10,[],32.0,0.28772606479105745,1
32,32,active,group_1,8,[],32.0,0.26595433221779374,1
32,33,active,group_1,8,[],32.0,0.2868009891440427,1
32,34,active,group_1,8,[],32.0,0.26927408355819493,1
32,35,active,group_1,8,[],32.0,0.261247943467749,1
32,36,active,group_1,8,[],32.0,0.25229263494928617,1
32,37,active,group_1,8,[],32.0,0.2674379741102385,1
32,38,active,group_1,9,[],32.0,0.2793779313326826,1
32,39,active,group_1,9,[],32.0,0.24500582801322618,1
32,40,active,group_1,9,[],32.0,0.2776637966038179,1
32,41,active,group_1,8,[],32.0,0.2619285800835177,1
32,42,active,group_1,8,[],32.0,0.27373507310100087,1
32,43,active,group_1,9,[],32.0,0.2587645675699845,1
32,44,active,group_1,9,[],32.0,0.27568278808659047,1
32,45,active,group_1,8,[],32.0,0.2633679663879006,1
32,46,active,group_1,9,[],32.0,0.27512007369158165,1
32,47,active,group_1,8,[],32.0,0.26321047554097665,1
32,48,active,group_1,9,[],32.0,0.2752141477872312,1
32,49,active,group_1,9,[],32.0,0.27116502289270383,1
32,50,active,group_2,10,[],32.0,0.29865139525996287,1
32,51,active,group_2,10,[],32.0,0.30468910278944145,1
32,52,active,group_2,10,[],32.0,0.308604734664555,1
32,53,active,group_2,10,[],32.0,0.29430151781710745,1
32,54,active,group_2,10,[],32.0,0.308148265658571,1
32,55,active,group_2,10,[],32.0,0.30503298422750724,1
32,56,active,group_2,10,[],32.0,0.30500231271547074,1
32,57,active,group_2,10,[],32.0,0.3003186361610526,1
32,58,active,group_2,10,[],32.0,0.3053710168732704,1
32,59,active,group_2,10,[],32.0,0.31037742317131345,1
32,60,active,group_2,11,[],32.0,0.3160850003151068,1
32,61,active,group_2,10,[],32.0,0.2927804919394202,1
32,62,active,group_2,10,[],32.0,0.2877383064269906,1
32,63,active,group_2,10,[],32.0,0.3017589103000461,1
32,64,active,group_2,10,[],32.0,0.2711793789244035,1
32,65,active,group_2,10,[],32.0,0.3116645061874312,1
32,66,active,group_2,10,[],32.0,0.2988078464164287,1
32,67,active,group_2,10,[],32.0,0.30832885739725285,1
32,68,active,group_2,10,[],32.0,0.300049186046937,1
32,69,active,group_2,10,[],32.0,0.31277121815198794,1
32,70,active,group_2,11,[],32.0,0.31768286063598766,1
32,71,active,group_2,10,[],32.0,0.2953081413125451,1
32,72,active,group_2,9,[],32.0,0.28387587692951505,1
32,73,active,group_2,10,[],32.0,0.28057358863423065,1
32,74,active,group_2,10,[],32.0,0.29281027825907635,1
32,75,active,group_2,10,[],32.0,0.3112765841066362,1
32,76,active,group_2,10,[],32.0,0.30292925301534523,1
32,77,active,group_2,10,[],32.0,0.29794753924125944,1
32,78,active,group_2,9,[],32.0,0.2717004149472157,1
32,79,active,group_2,10,[],32.0,0.2917103784143561,1
32,80,active,group_2,10,[],32.0,0.3068390672061546,1
32,81,active,group_2,10,[],32.0,0.29986068640057134,1
32,82,active,group_2,10,[],32.0,0.2947006807965935,1
32,83,active,group_2,10,[],32.0,0.2981005602421779,1
32,84,active,group_2,10,[],32.0,0.3039924590690919,1
32,85,active,group_2,10,[],32.0,0.3101397226833844,1
32,86,active,group_2,11,[],32.0,0.3009015402118914,1
32,87,active,group_2,10,[],32.0,0.2823133637742295,1
32,88,active,group_2,10,[],32.0,0.29292798042158297,1
32,89,active,group_2,10,[],32.0,0.2997646167198285,1
32,90,active,group_2,10,[],32.0,0.2963131199069783,1
32,91,active,group_2,10,[],32.0,0.3029720275828901,1
32,92,active,group_2,10,[],32.0,0.2890326765948278,1
32,93,active,group_2,10,[],32.0,0.29355931492630827,1
32,94,active,group_2,10,[],32.0,0.2895656619866266,1
32,95,active,group_2,10,[],32.0,0.30145764024591515,1
32,96,active,group_2,10,[],32.0,0.29926143272193995,1
32,97,active,group_2,10,[],32.0,0.2910404719265839,1
32,98,active,group_2,10,[],32.0,0.28288454486977227,1
32,99,active,group_2,10,[],32.0,0.3010982058897207,1
32,100,constructive,group_3,10,[],32.0,0.30093413518699247,1
32,101,constructive,group_3,10,[],32.0,0.2825454813173363,1
32,102,constructive,group_3,10,[],32.0,0.3042958761827593,1
32,103,constructive,group_3,10,[],32.0,0.2855178128640269,1
32,104,constructive,group_3,10,[],32.0,0.2966917431656012,1
32,105,constructive,group_3,11,[],32.0,0.31032915229550845,1
32,106,constructive,group_3,10,[],32.0,0.2948585979443968,1
32,107,constructive,group_3,10,[],32.0,0.2915554651728708,1
32,108,constructive,group_3,12,[],32.0,0.3010685028436179,1
32,109,constructive,group_3,10,[],32.0,0.2909432403268969,1
32,110,constructive,group_3,10,[],32.0,0.2949989964152713,1
32,111,constructive,group_3,10,[],32.0,0.30748432475406134,1
32,112,constructive,group_3,11,[],32.0,0.3091405598327809,1
32,113,constructive,group_3,10,[],32.0,0.29461772427712457,1
32,114,constructive,group_3,10,[],32.0,0.30625708193405077,1
32,115,constructive,group_3,11,[],32.0,0.31268673393952434,1
32,116,constructive,group_3,10,[],32.0,0.3208262320715941,1
32,117,constructive,group_3,11,[],32.0,0.310122501701061,1
32,118,constructive,group_3,10,[],32.0,0.28857154634661353,1
32,119,constructive,group_3,10,[],32.0,0.30110262672857324,1
32,120,constructive,group_3,10,[],32.0,0.28567897232293443,1
32,121,constructive,group_3,10,[],32.0,0.29434394585976,1
32,122,constructive,group_3,10,[],32.0,0.29954995107413135,1
32,123,constructive,group_3,11,[],32.0,0.3130581099819498,1
32,124,constructive,group_3,10,[],32.0,0.3016784481924172,1
32,125,constructive,group_3,10,[],32.0,0.31902488396476536,1
32,126,constructive,group_3,10,[],32.0,0.3034996905684858,1
32,127,constructive,group_3,11,[],32.0,0.31308734868392746,1
32,128,constructive,group_3,10,[],32.0,0.2945054959020672,1
32,129,constructive,group_3,10,[],32.0,0.2961432441530852,1
32,130,constructive,group_3,10,[],32.0,0.29798051139945925,1
32,131,constructive,group_3,11,[],32.0,0.3111310630553562,1
32,132,constructive,group_3,11,[],32.0,0.2979410568868233,1
32,133,constructive,group_3,12,[],32.0,0.33419448081026776,1
32,134,constructive,group_3,10,[],32.0,0.3167627732038898,1
32,135,constructive,group_3,10,[],32.0,0.30782973773403977,1
32,136,constructive,group_3,10,[],32.0,0.2972271328862994,1
32,137,constructive,group_3,10,[],32.0,0.2885756629447139,1
32,138,constructive,group_3,10,[],32.0,0.311191229905254,1
32,139,constructive,group_3,10,[],32.0,0.3013981257191556,1
32,140,constructive,group_3,10,[],32.0,0.30359763087234104,1
32,141,constructive,group_3,12,[],32.0,0.3367310230956043,1
32,142,constructive,group_3,11,[],32.0,0.3263431921146339,1
32,143,constructive,group_3,10,[],32.0,0.29529318893030904,1
32,144,constructive,group_3,12,[],32.0,0.32998619164727766,1
32,145,constructive,group_3,10,[],32.0,0.30678769377670956,1
32,146,constructive,group_3,11,[],32.0,0.3066696522837063,1
32,147,constructive,group_3,10,[],32.0,0.29769621709897554,1
32,148,constructive,group_3,10,[],32.0,0.30427848227438703,1
32,149,constructive,group_3,10,[],32.0,0.3031900137410476,1
33,0,active,group_1,9,[],33.0,0.2730657686600327,1
33,1,active,group_1,9,[],33.0,0.29365872200611615,1
33,2,active,group_1,9,[],33.0,0.26109213868146874,1
33,3,active,group_1,8,[],33.0,0.2548825668383642,1
33,4,active,group_1,9,[],33.0,0.27471884174889566,1
33,5,active,group_1,9,[],33.0,0.26554854959657603,1
33,6,active,group_1,8,[],33.0,0.2551993430465475,1
33,7,active,group_1,9,[],33.0,0.27457172637025107,1
33,8,active,group_1,9,[],33.0,0.2697192260947699,1
33,9,active,group_1,9,[],33.0,0.27691538284243694,1
33,10,active,group_1,10,[],33.0,0.290399590965119,1
33,11,active,group_1,9,[],33.0,0.26591364780792504,1
33,12,active,group_1,9,[],33.0,0.2888557039743226,1
33,13,active,group_1,10,[],33.0,0.28271704169581036,1
33,14,active,group_1,9,[],33.0,0.2903089622949705,1
33,15,active,group_1,10,[],33.0,0.2891292391142578,1
33,16,active,group_1,9,[],33.0,0.2679494461066355,1
33,17,active,group_1,8,[],33.0,0.24813210977845873,1
33,18,active,group_1,10,[],33.0,0.28861638968996045,1
33,19,active,group_1,9,[],33.0,0.27829197055979427,1
33,20,active,group_1,9,[],33.0,0.29569399993694356,1
33,21,active,group_1,10,[],33.0,0.2799918776123746,1
33,22,active,group_1,8,[],33.0,0.2698375843884182,1
33,23,active,group_1,9,[],33.0,0.26461962005194106,1
33,24,active,group_1,9,[],33.0,0.27388885312038624,1
33,25,active,group_1,9,[],33.0,0.2829468823499424,1
33,26,active,group_1,9,[],33.0,0.2714562110557007,1
33,27,active,group_1,10,[],33.0,0.2944623729930061,1
33,28,active,group_1,8,[],33.0,0.27033333386096847,1
33,29,active,group_1,10,[],33.0,0.28822560639510236,1
33,30,active,group_1,9,[],33.0,0.2596657585273355,1
33,31,active,group_1,10,[],33.0,0.29430155934245594,1
33,32,active,group_1,9,[],33.0,0.26870451335290463,1
33,33,active,group_1,9,[],33.0,0.2890238129627455,1
33,34,active,group_1,9,[],33.0,0.27230225783442236,1
33,35,active,group_1,9,[],33.0,0.2637104914963707,1
33,36,active,group_1,9,[],33.0,0.2549141268839071,1
33,37,active,group_1,9,[],33.0,0.2695065949275258,1
33,38,active,group_1,10,[],33.0,0.28614598794330004,1
33,39,active,group_1,9,[],33.0,0.25537702502902154,1
33,40,active,group_1,10,[],33.0,0.285461412884818,1
33,41,active,group_1,9,[],33.0,0.26445711999173543,1
33,42,active,group_1,8,[],33.0,0.2780165012037074,1
33,43,active,group_1,9,[],33.0,0.26930243022558725,1
33,44,active,group_1,9,[],33.0,0.28645593585790785,1
33,45,active,group_1,9,[],33.0,0.266037943370877,1
33,46,active,group_1,9,[],33.0,0.2856810917945392,1
33,47,active,group_1,8,[],33.0,0.26729593621595005,1
33,48,active,group_1,10,[],33.0,0.28358690290382743,1
33,49,active,group_1,9,[],33.0,0.2819157443424504,1
33,50,active,group_2,10,[],33.0,0.3031999107393597,1
33,51,active,group_2,10,[],33.0,0.3076485811951429,1
33,52,active,group_2,10,[],33.0,0.3132149158866423,1
33,53,active,group_2,11,[],33.0,0.2962904614120172,1
33,54,active,group_2,11,[],33.0,0.31105713440671384,1
33,55,active,group_2,10,[],33.0,0.3099811290914317,1
33,56,active,group_2,10,[],33.0,0.3088844619387843,1
33,57,active,group_2,11,[],33.0,0.3019710066192336,1
33,58,active,group_2,10,[],33.0,0.3099301906499838,1
33,59,active,group_2,11,[],33.0,0.31298373315169936,1
33,60,active,group_2,11,[],33.0,0.3262008121294553,1
33,61,active,group_2,10,[],33.0,0.29705444336973164,1
33,62,active,group_2,10,[],33.0,0.29190551506936724,1
33,63,active,group_2,10,[],33.0,0.3073545635360024,1
33,64,active,group_2,10,[],33.0,0.2767077618535643,1
33,65,active,group_2,10,[],33.0,0.3146113264774087,1
33,66,active,group_2,10,[],33.0,0.30337585634089287,1
33,67,active,group_2,11,[],33.0,0.3104307606884788,1
33,68,active,group_2,11,[],33.0,0.30274411255215916,1
33,69,active,group_2,11,[],33.0,0.31542292422389945,1
33,70,active,group_2,11,[],33.0,0.32788834678655737,1
33,71,active,group_2,11,[],33.0,0.2973229269201679,1
33,72,active,group_2,10,[],33.0,0.2924172687602321,1
33,73,active,group_2,10,[],33.0,0.2845861935343305,1
33,74,active,group_2,10,[],33.0,0.2958915933844284,1
33,75,active,group_2,10,[],33.0,0.31673080596986447,1
33,76,active,group_2,10,[],33.0,0.30710193487552734,1
33,77,active,group_2,10,[],33.0,0.3037288982998381,1
33,78,active,group_2,10,[],33.0,0.27525685624404145,1
33,79,active,group_2,10,[],33.0,0.2976334907045704,1
33,80,active,group_2,11,[],33.0,0.30909256722084083,1
33,81,active,group_2,10,[],33.0,0.3047526249799293,1
33,82,active,group_2,10,[],33.0,0.2997735089463752,1
33,83,active,group_2,11,[],33.0,0.30075562297868164,1
33,84,active,group_2,10,[],33.0,0.3079273840088569,1
33,85,active,group_2,11,[],33.0,0.3131282903988174,1
33,86,active,group_2,11,[],33.0,0.3101940575689341,1
33,87,active,group_2,10,[],33.0,0.28841023623200657,1
33,88,active,group_2,10,[],33.0,0.29800141069757,1
33,89,active,group_2,10,[],33.0,0.30641964519700926,1
33,90,active,group_2,10,[],33.0,0.30026304392859765,1
33,91,active,group_2,10,[],33.0,0.307158736255723,1
33,92,active,group_2,10,[],33.0,0.29301011576254404,1
33,93,active,group_2,10,[],33.0,0.29860115401844417,1
33,94,active,group_2,10,[],33.0,0.29490374206765024,1
33,95,active,group_2,10,[],33.0,0.3064724485481397,1
33,96,active,group_2,10,[],33.0,0.3030947840914107,1
33,97,active,group_2,10,[],33.0,0.29522803438952366,1
33,98,active,group_2,10,[],33.0,0.2871229397630062,1
33,99,active,group_2,11,[],33.0,0.30258652897258737,1
33,100,constructive,group_3,11,[],33.0,0.30426067687959885,1
33,101,constructive,group_3,10,[],33.0,0.287493466987052,1
33,102,constructive,group_3,11,[],33.0,0.306630183109721,1
33,103,constructive,group_3,11,[],33.0,0.2881589763426644,1
33,104,constructive,group_3,11,[],33.0,0.299188182337371,1
33,105,constructive,group_3,12,[],33.0,0.3291210001627223,1
33,106,constructive,group_3,11,[],33.0,0.29765578479794713,1
33,107,constructive,group_3,10,[],33.0,0.29424634123344984,1
33,108,constructive,group_3,12,[],33.0,0.31385443264968504,1
33,109,constructive,group_3,10,[],33.0,0.2974405567959073,1
33,110,constructive,group_3,10,[],33.0,0.3000350613068915,1
33,111,constructive,group_3,11,[],33.0,0.30991911236289393,1
33,112,constructive,group_3,12,[],33.0,0.32858494236159863,1
33,113,constructive,group_3,11,[],33.0,0.29730030175169975,1
33,114,constructive,group_3,11,[],33.0,0.3105201696604268,1
33,115,constructive,group_3,12,[],33.0,0.3307121236659199,1
33,116,constructive,group_3,11,[],33.0,0.32382967085834735,1
33,117,constructive,group_3,12,[],33.0,0.3284116822869495,1
33,118,constructive,group_3,10,[],33.0,0.29415000397007274,1
33,119,constructive,group_3,10,[],33.0,0.3069485212384551,1
33,120,constructive,group_3,10,[],33.0,0.2901627913501065,1
33,121,constructive,group_3,10,[],33.0,0.2989513060966427,1
33,122,constructive,group_3,10,[],33.0,0.3042653044549851,1
33,123,constructive,group_3,12,[],33.0,0.3317746053898314,1
33,124,constructive,group_3,10,[],33.0,0.3064008614776522,1
33,125,constructive,group_3,10,[],33.0,0.3242116855060583,1
33,126,constructive,group_3,10,[],33.0,0.30868006317668106,1
33,127,constructive,group_3,12,[],33.0,0.33227205700732126,1
33,128,constructive,group_3,10,[],33.0,0.2982324494360026,1
33,129,constructive,group_3,11,[],33.0,0.29917042049530085,1
33,130,constructive,group_3,11,[],33.0,0.3002346355792301,1
33,131,constructive,group_3,11,[],33.0,0.33040438322025556,1
33,132,constructive,group_3,12,[],33.0,0.316837463852684,1
33,133,constructive,group_3,12,[],33.0,0.34796534091139897,1
33,134,constructive,group_3,11,[],33.0,0.3192429902766403,1
33,135,constructive,group_3,11,[],33.0,0.31049277854181184,1
33,136,constructive,group_3,11,[],33.0,0.2987345648322819,1
33,137,constructive,group_3,10,[],33.0,0.2940345585253671,1
33,138,constructive,group_3,10,[],33.0,0.3135583096461234,1
33,139,constructive,group_3,10,[],33.0,0.3061656604988264,1
33,140,constructive,group_3,11,[],33.0,0.3054599557624547,1
33,141,constructive,group_3,12,[],33.0,0.3491678891082054,1
33,142,constructive,group_3,12,[],33.0,0.34411137766015815,1
33,143,constructive,group_3,10,[],33.0,0.3004832555261862,1
33,144,constructive,group_3,12,[],33.0,0.3433191352141064,1
33,145,constructive,group_3,11,[],33.0,0.308429746843507,1
33,146,constructive,group_3,12,[],33.0,0.3282352073355087,1
33,147,constructive,group_3,10,[],33.0,0.3016986170969477,1
33,148,constructive,group_3,10,[],33.0,0.30884388124377404,1
33,149,constructive,group_3,10,[],33.0,0.30778737084791363,1
34,0,active,group_1,10,[],34.0,0.2807489029883583,1
34,1,active,group_1,10,[],34.0,0.30059158590166735,1
34,2,active,group_1,9,[],34.0,0.2715994765624754,1
34,3,active,group_1,8,[],34.0,0.25852708974645777,1
34,4,active,group_1,10,[],34.0,0.2821718873305904,1
34,5,active,group_1,9,[],34.0,0.27633622571571936,1
34,6,active,group_1,9,[],34.0,0.2567233874889182,1
34,7,active,group_1,9,[],34.0,0.28531238393216685,1
34,8,active,group_1,9,[],34.0,0.28026474260151524,1
34,9,active,group_1,10,[],34.0,0.2837456797027586,1
34,10,active,group_1,10,[],34.0,0.29629434665480797,1
34,11,active,group_1,10,[],34.0,0.273654718170143,1
34,12,active,group_1,10,[],34.0,0.2958967750298284,1
34,13,active,group_1,10,[],34.0,0.28896249442387734,1
34,14,active,group_1,10,[],34.0,0.29861989200867356,1
34,15,active,group_1,10,[],34.0,0.29510343678700574,1
34,16,active,group_1,9,[],34.0,0.2784159709771804,1
34,17,active,group_1,9,[],34.0,0.2500779290951503,1
34,18,active,group_1,10,[],34.0,0.2923794897181776,1
34,19,active,group_1,9,[],34.0,0.28947155163352595,1
34,20,active,group_1,10,[],34.0,0.3024117761893791,1
34,21,active,group_1,10,[],34.0,0.28576770058628526,1
34,22,active,group_1,9,[],34.0,0.27246670181373656,1
34,23,active,group_1,10,[],34.0,0.2711934624268687,1
34,24,active,group_1,9,[],34.0,0.2846896256563646,1
34,25,active,group_1,9,[],34.0,0.2939397506192167,1
34,26,active,group_1,9,[],34.0,0.28194046410223217,1
34,27,active,group_1,10,[],34.0,0.2995728439492486,1
34,28,active,group_1,9,[],34.0,0.27243187905452854,1
34,29,active,group_1,10,[],34.0,0.29346819083264786,1
34,30,active,group_1,9,[],34.0,0.2702261992874941,1
34,31,active,group_1,10,[],34.0,0.29990931596243,1
34,32,active,group_1,9,[],34.0,0.2793326104832493,1
34,33,active,group_1,9,[],34.0,0.2994812117126997,1
34,34,active,group_1,9,[],34.0,0.2825664938267078,1
34,35,active,group_1,9,[],34.0,0.2736831308368007,1
34,36,active,group_1,9,[],34.0,0.26577582323854065,1
34,37,active,group_1,9,[],34.0,0.28075661125290385,1
34,38,active,group_1,10,[],34.0,0.2921909319119965,1
34,39,active,group_1,10,[],34.0,0.2621821726160965,1
34,40,active,group_1,10,[],34.0,0.29145403852084634,1
34,41,active,group_1,9,[],34.0,0.27467752174342486,1
34,42,active,group_1,9,[],34.0,0.2807912059801625,1
34,43,active,group_1,10,[],34.0,0.27637409166662513,1
34,44,active,group_1,10,[],34.0,0.2941366030279013,1
34,45,active,group_1,9,[],34.0,0.27703603113013486,1
34,46,active,group_1,10,[],34.0,0.2937346593330201,1
34,47,active,group_1,9,[],34.0,0.26938832411810026,1
34,48,active,group_1,10,[],34.0,0.2903540399775596,1
34,49,active,group_1,10,[],34.0,0.2899073403250354,1
34,50,active,group_2,11,[],34.0,0.30619415009226075,1
34,51,active,group_2,11,[],34.0,0.3091438106440025,1
34,52,active,group_2,11,[],34.0,0.3160371301951047,1
34,53,active,group_2,11,[],34.0,0.3060242387291028,1
34,54,active,group_2,11,[],34.0,0.3201773692861661,1
34,55,active,group_2,10,[],34.0,0.31375877561005805,1
34,56,active,group_2,11,[],34.0,0.31103240288002026,1
34,57,active,group_2,11,[],34.0,0.31168878016088,1
34,58,active,group_2,11,[],34.0,0.3126265096145604,1
34,59,active,group_2,11,[],34.0,0.3220796002512496,1
34,60,active,group_2,12,[],34.0,0.33328425276736107,1
34,61,active,group_2,11,[],34.0,0.2998214058119076,1
34,62,active,group_2,11,[],34.0,0.2942383833401607,1
34,63,active,group_2,10,[],34.0,0.3118386311869676,1
34,64,active,group_2,10,[],34.0,0.2812842513937887,1
34,65,active,group_2,11,[],34.0,0.3161464315827348,1
34,66,active,group_2,11,[],34.0,0.30638131411534,1
34,67,active,group_2,11,[],34.0,0.3205530022318827,1
34,68,active,group_2,11,[],34.0,0.31185509947980317,1
34,69,active,group_2,11,[],34.0,0.3252678437187521,1
34,70,active,group_2,12,[],34.0,0.3355814583070734,1
34,71,active,group_2,11,[],34.0,0.30672970735062527,1
34,72,active,group_2,10,[],34.0,0.2984730424503678,1
34,73,active,group_2,11,[],34.0,0.2870519566581512,1
34,74,active,group_2,11,[],34.0,0.29746303751478703,1
34,75,active,group_2,10,[],34.0,0.32125792527080327,1
34,76,active,group_2,11,[],34.0,0.3094005290407763,1
34,77,active,group_2,10,[],34.0,0.30868787302967693,1
34,78,active,group_2,10,[],34.0,0.28211940825347387,1
34,79,active,group_2,10,[],34.0,0.30272102852393984,1
34,80,active,group_2,11,[],34.0,0.317939697667109,1
34,81,active,group_2,10,[],34.0,0.3085680671716234,1
34,82,active,group_2,10,[],34.0,0.3037668995276329,1
34,83,active,group_2,11,[],34.0,0.31018006043912455,1
34,84,active,group_2,11,[],34.0,0.3100939415368283,1
34,85,active,group_2,11,[],34.0,0.32262346064312086,1
34,86,active,group_2,11,[],34.0,0.3178039211482928,1
34,87,active,group_2,10,[],34.0,0.2936584239548668,1
34,88,active,group_2,10,[],34.0,0.3019750172986032,1
34,89,active,group_2,10,[],34.0,0.31182730321790075,1
34,90,active,group_2,11,[],34.0,0.30266633437077956,1
34,91,active,group_2,11,[],34.0,0.30984253770411285,1
34,92,active,group_2,11,[],34.0,0.2951284656526252,1
34,93,active,group_2,10,[],34.0,0.3022051779620888,1
34,94,active,group_2,10,[],34.0,0.29936869375970665,1
34,95,active,group_2,10,[],34.0,0.3104522632689773,1
34,96,active,group_2,11,[],34.0,0.3054214759239077,1
34,97,active,group_2,11,[],34.0,0.29774519325912435,1
34,98,active,group_2,11,[],34.0,0.2895039015173843,1
34,99,active,group_2,11,[],34.0,0.31210758362089963,1
34,100,constructive,group_3,12,[],34.0,0.32328141465424554,1
34,101,constructive,group_3,11,[],34.0,0.2908764230410635,1
34,102,constructive,group_3,12,[],34.0,0.32558747647269,1
34,103,constructive,group_3,12,[],34.0,0.3070496813670674,1
34,104,constructive,group_3,12,[],34.0,0.31779648151908513,1
34,105,constructive,group_3,12,[],34.0,0.34247037329835905,1
34,106,constructive,group_3,12,[],34.0,0.3163537398546785,1
34,107,constructive,group_3,11,[],34.0,0.29567418469596973,1
34,108,constructive,group_3,13,[],34.0,0.3232132683776495,1
34,109,constructive,group_3,10,[],34.0,0.30342526225608313,1
34,110,constructive,group_3,10,[],34.0,0.3044456849930531,1
34,111,constructive,group_3,12,[],34.0,0.3277846348536079,1
34,112,constructive,group_3,12,[],34.0,0.3413158477733852,1
34,113,constructive,group_3,12,[],34.0,0.3149750093550833,1
34,114,constructive,group_3,12,[],34.0,0.3263326767088962,1
34,115,constructive,group_3,12,[],34.0,0.3444445767212796,1
34,116,constructive,group_3,12,[],34.0,0.34163903336001533,1
34,117,constructive,group_3,12,[],34.0,0.34142945897363874,1
34,118,constructive,group_3,10,[],34.0,0.2988659187491985,1
34,119,constructive,group_3,10,[],34.0,0.3119293252421948,1
34,120,constructive,group_3,11,[],34.0,0.2929701768102622,1
34,121,constructive,group_3,10,[],34.0,0.3027654606868085,1
34,122,constructive,group_3,11,[],34.0,0.3075252303372705,1
34,123,constructive,group_3,12,[],34.0,0.3448030497692813,1
34,124,constructive,group_3,11,[],34.0,0.30947425255598177,1
34,125,constructive,group_3,11,[],34.0,0.3272183223993244,1
34,126,constructive,group_3,10,[],34.0,0.3130506186450629,1
34,127,constructive,group_3,12,[],34.0,0.3449805189932308,1
34,128,constructive,group_3,10,[],34.0,0.3007028920158322,1
34,129,constructive,group_3,12,[],34.0,0.3170902933072942,1
34,130,constructive,group_3,12,[],34.0,0.3193724564512099,1
34,131,constructive,group_3,12,[],34.0,0.3351986161027557,1
34,132,constructive,group_3,12,[],34.0,0.32960048055678814,1
34,133,constructive,group_3,13,[],34.0,0.3559658976898926,1
34,134,constructive,group_3,12,[],34.0,0.33723033659990914,1
34,135,constructive,group_3,12,[],34.0,0.32884960070068986,1
34,136,constructive,group_3,12,[],34.0,0.3194276714551325,1
34,137,constructive,group_3,10,[],34.0,0.2986690550439561,1
34,138,constructive,group_3,11,[],34.0,0.3147682660169911,1
34,139,constructive,group_3,11,[],34.0,0.30938146824866014,1
34,140,constructive,group_3,12,[],34.0,0.3266213935469008,1
34,141,constructive,group_3,13,[],34.0,0.35624623758873863,1
34,142,constructive,group_3,12,[],34.0,0.35763251429476556,1
34,143,constructive,group_3,10,[],34.0,0.30491327418749553,1
34,144,constructive,group_3,13,[],34.0,0.35035566394825834,1
34,145,constructive,group_3,12,[],34.0,0.3297025989163436,1
34,146,constructive,group_3,12,[],34.0,0.34195229115851716,1
34,147,constructive,group_3,11,[],34.0,0.30422272430761593,1
34,148,constructive,group_3,10,[],34.0,0.3126167363233378,1
34,149,constructive,group_3,10,[],34.0,0.3110845250424755,1
35,0,active,group_1,10,[],35.0,0.2865077184666941,1
35,1,active,group_1,10,[],35.0,0.3068825737488333,1
35,2,active,group_1,10,[],35.0,0.27901701897785236,1
35,3,active,group_1,9,[],35.0,0.2606209593455937,1
35,4,active,group_1,10,[],35.0,0.28806955511394305,1
35,5,active,group_1,10,[],35.0,0.2841061762937197,1
35,6,active,group_1,9,[],35.0,0.2675778837073627,1
35,7,active,group_1,10,[],35.0,0.29203867627101515,1
35,8,active,group_1,10,[],35.0,0.286710738921376,1
35,9,active,group_1,10,[],35.0,0.2899494094915738,1
35,10,active,group_1,10,[],35.0,0.30136874370245226,1
35,11,active,group_1,10,[],35.0,0.2793899674990878,1
35,12,active,group_1,10,[],35.0,0.30193648403100526,1
35,13,active,group_1,10,[],35.0,0.2942828862479017,1
35,14,active,group_1,10,[],35.0,0.30471417226208136,1
35,15,active,group_1,10,[],35.0,0.30022134050359395,1
35,16,active,group_1,10,[],35.0,0.2853705797780961,1
35,17,active,group_1,9,[],35.0,0.26042420469457495,1
35,18,active,group_1,11,[],35.0,0.29448890605139166,1
35,19,active,group_1,10,[],35.0,0.2975365261708327,1
35,20,active,group_1,10,[],35.0,0.308447458150104,1
35,21,active,group_1,10,[],35.0,0.2907520262551071,1
35,22,active,group_1,9,[],35.0,0.2835011226319114,1
35,23,active,group_1,10,[],35.0,0.27741623155902795,1
35,24,active,group_1,10,[],35.0,0.29211431980101615,1
35,25,active,group_1,10,[],35.0,0.30176339405981756,1
35,26,active,group_1,10,[],35.0,0.28839524468671895,1
35,27,active,group_1,10,[],35.0,0.3034994833121202,1
35,28,active,group_1,9,[],35.0,0.28352831719857496,1
35,29,active,group_1,10,[],35.0,0.29785470575294204,1
35,30,active,group_1,10,[],35.0,0.277119018815435,1
35,31,active,group_1,10,[],35.0,0.3042704348949522,1
35,32,active,group_1,9,[],35.0,0.28750444828256105,1
35,33,active,group_1,10,[],35.0,0.30662780059571315,1
35,34,active,group_1,10,[],35.0,0.29037624792399275,1
35,35,active,group_1,10,[],35.0,0.28033413905543625,1
35,36,active,group_1,10,[],35.0,0.27253212012201783,1
35,37,active,group_1,10,[],35.0,0.2885890613167089,1
35,38,active,group_1,10,[],35.0,0.29740111768369676,1
35,39,active,group_1,10,[],35.0,0.2680314672177082,1
35,40,active,group_1,10,[],35.0,0.29650050362391744,1
35,41,active,group_1,9,[],35.0,0.2827032509515787,1
35,42,active,group_1,9,[],35.0,0.29124349326160537,1
35,43,active,group_1,10,[],35.0,0.2827142839948734,1
35,44,active,group_1,10,[],35.0,0.30025704559561534,1
35,45,active,group_1,9,[],35.0,0.28554203160091246,1
35,46,active,group_1,10,[],35.0,0.29965084807591447,1
35,47,active,group_1,9,[],35.0,0.27973939315652296,1
35,48,active,group_1,10,[],35.0,0.295816511790424,1
35,49,active,group_1,10,[],35.0,0.29539357334035965,1
35,50,active,group_2,11,[],35.0,0.3163003065654917,1
35,51,active,group_2,11,[],35.0,0.31970110212528907,1
35,52,active,group_2,11,[],35.0,0.3251532671902373,1
35,53,active,group_2,12,[],35.0,0.31321846538114245,1
35,54,active,group_2,11,[],35.0,0.3270952255425804,1
35,55,active,group_2,11,[],35.0,0.31593351974074546,1
35,56,active,group_2,11,[],35.0,0.3212824809580604,1
35,57,active,group_2,11,[],35.0,0.31961578808213703,1
35,58,active,group_2,11,[],35.0,0.3216163315882895,1
35,59,active,group_2,11,[],35.0,0.3295930794656482,1
35,60,active,group_2,12,[],35.0,0.3461378047068563,1
35,61,active,group_2,11,[],35.0,0.3089640021676943,1
35,62,active,group_2,11,[],35.0,0.30370194994557903,1
35,63,active,group_2,11,[],35.0,0.3145268076781004,1
35,64,active,group_2,11,[],35.0,0.2842324199339713,1
35,65,active,group_2,11,[],35.0,0.3264247952174527,1
35,66,active,group_2,11,[],35.0,0.31607297666554773,1
35,67,active,group_2,11,[],35.0,0.3285622147169519,1
35,68,active,group_2,12,[],35.0,0.3186440237169406,1
35,69,active,group_2,11,[],35.0,0.33281240527847333,1
35,70,active,group_2,12,[],35.0,0.34954227460276527,1
35,71,active,group_2,11,[],35.0,0.3138690087273911,1
35,72,active,group_2,10,[],35.0,0.30364210754732285,1
35,73,active,group_2,11,[],35.0,0.2968199118547757,1
35,74,active,group_2,11,[],35.0,0.3079552920901659,1
35,75,active,group_2,11,[],35.0,0.3242045018741128,1
35,76,active,group_2,11,[],35.0,0.3196723418107864,1
35,77,active,group_2,10,[],35.0,0.3126418690724929,1
35,78,active,group_2,10,[],35.0,0.28771617024716356,1
35,79,active,group_2,10,[],35.0,0.3063537995655802,1
35,80,active,group_2,11,[],35.0,0.32504516249180143,1
35,81,active,group_2,11,[],35.0,0.31084883507448285,1
35,82,active,group_2,11,[],35.0,0.3061632662394022,1
35,83,active,group_2,11,[],35.0,0.31764992771387845,1
35,84,active,group_2,11,[],35.0,0.32042474048268194,1
35,85,active,group_2,11,[],35.0,0.3299341757971821,1
35,86,active,group_2,12,[],35.0,0.32164947758604623,1
35,87,active,group_2,10,[],35.0,0.29767531700153793,1
35,88,active,group_2,11,[],35.0,0.3043390148292962,1
35,89,active,group_2,10,[],35.0,0.31636356744674216,1
35,90,active,group_2,11,[],35.0,0.3126802317399432,1
35,91,active,group_2,11,[],35.0,0.31955036419050104,1
35,92,active,group_2,11,[],35.0,0.30403084278363485,1
35,93,active,group_2,11,[],35.0,0.30407862178014294,1
35,94,active,group_2,10,[],35.0,0.30234811225908387,1
35,95,active,group_2,11,[],35.0,0.31288297516193414,1
35,96,active,group_2,11,[],35.0,0.3151939485245822,1
35,97,active,group_2,11,[],35.0,0.30759242954872584,1
35,98,active,group_2,11,[],35.0,0.29926807180594545,1
35,99,active,group_2,11,[],35.0,0.31978690082966277,1
35,100,constructive,group_3,12,[],35.0,0.3365442611156181,1
35,101,constructive,group_3,12,[],35.0,0.3092726765524002,1
35,102,constructive,group_3,12,[],35.0,0.3416607519942353,1
35,103,constructive,group_3,12,[],35.0,0.3199372988176472,1
35,104,constructive,group_3,12,[],35.0,0.3305200112783118,1
35,105,constructive,group_3,13,[],35.0,0.35170319093780517,1
35,106,constructive,group_3,12,[],35.0,0.3286832655486228,1
35,107,constructive,group_3,12,[],35.0,0.31695272536896213,1
35,108,constructive,group_3,13,[],35.0,0.3335751455233031,1
35,109,constructive,group_3,10,[],35.0,0.30865907413470556,1
35,110,constructive,group_3,10,[],35.0,0.3076731843686023,1
35,111,constructive,group_3,12,[],35.0,0.34070885323783834,1
35,112,constructive,group_3,13,[],35.0,0.3480553335079074,1
35,113,constructive,group_3,12,[],35.0,0.327943455173651,1
35,114,constructive,group_3,12,[],35.0,0.33931853579291243,1
35,115,constructive,group_3,13,[],35.0,0.35166459985447956,1
35,116,constructive,group_3,12,[],35.0,0.35460682712805425,1
35,117,constructive,group_3,13,[],35.0,0.34838566774286384,1
35,118,constructive,group_3,11,[],35.0,0.30163765663724706,1
35,119,constructive,group_3,11,[],35.0,0.3147764658030129,1
35,120,constructive,group_3,12,[],35.0,0.3112498888561213,1
35,121,constructive,group_3,10,[],35.0,0.30531409043431834,1
35,122,constructive,group_3,12,[],35.0,0.32604997458446516,1
35,123,constructive,group_3,13,[],35.0,0.35390788316154476,1
35,124,constructive,group_3,12,[],35.0,0.32803205505271865,1
35,125,constructive,group_3,12,[],35.0,0.3448663065717663,1
35,126,constructive,group_3,11,[],35.0,0.31578680610056853,1
35,127,constructive,group_3,13,[],35.0,0.35257666273528937,1
35,128,constructive,group_3,11,[],35.0,0.30198434389466755,1
35,129,constructive,group_3,12,[],35.0,0.3301062365194156,1
35,130,constructive,group_3,12,[],35.0,0.33603455291210904,1
35,131,constructive,group_3,12,[],35.0,0.3478843429016957,1
35,132,constructive,group_3,13,[],35.0,0.3364865667363909,1
35,133,constructive,group_3,13,[],35.0,0.367018582712736,1
35,134,constructive,group_3,12,[],35.0,0.35067469700534815,1
35,135,constructive,group_3,12,[],35.0,0.3424494498582005,1
35,136,constructive,group_3,12,[],35.0,0.33237199709156406,1
35,137,constructive,group_3,11,[],35.0,0.3014719439451564,1
35,138,constructive,group_3,12,[],35.0,0.3361927135103063,1
35,139,constructive,group_3,12,[],35.0,0.32808627705559656,1
35,140,constructive,group_3,12,[],35.0,0.33983250663221065,1
35,141,constructive,group_3,13,[],35.0,0.36731022121037155,1
35,142,constructive,group_3,13,[],35.0,0.36495080095735377,1
35,143,constructive,group_3,11,[],35.0,0.3077573745500592,1
35,144,constructive,group_3,13,[],35.0,0.3610392442836913,1
35,145,constructive,group_3,12,[],35.0,0.34317352693727454,1
35,146,constructive,group_3,13,[],35.0,0.3502448475693429,1
35,147,constructive,group_3,12,[],35.0,0.32336526041677777,1
35,148,constructive,group_3,10,[],35.0,0.3151496284247418,1
35,149,constructive,group_3,11,[],35.0,0.312821615493995,1
36,0,active,group_1,10,[],36.0,0.29146332093339944,1
36,1,active,group_1,10,[],36.0,0.31222884929912065,1
36,2,active,group_1,10,[],36.0,0.28571707933182966,1
36,3,active,group_1,9,[],36.0,0.2713727287138847,1
36,4,active,group_1,10,[],36.0,0.2931020927841521,1
36,5,active,group_1,10,[],36.0,0.2901156376651148,1
36,6,active,group_1,9,[],36.0,0.276015057063539,1
36,7,active,group_1,10,[],36.0,0.2981384447584025,1
36,8,active,group_1,10,[],36.0,0.29288022269251746,1
36,9,active,group_1,10,[],36.0,0.2952930595667814,1
36,10,active,group_1,10,[],36.0,0.30531652224687617,1
36,11,active,group_1,10,[],36.0,0.28431871856476376,1
36,12,active,group_1,10,[],36.0,0.3069359186738208,1
36,13,active,group_1,10,[],36.0,0.29851338001286926,1
36,14,active,group_1,10,[],36.0,0.30996029307312056,1
36,15,active,group_1,10,[],36.0,0.303816338286907,1
36,16,active,group_1,10,[],36.0,0.29139331649848954,1
36,17,active,group_1,10,[],36.0,0.267141174862001,1
36,18,active,group_1,11,[],36.0,0.30407728258462163,1
36,19,active,group_1,10,[],36.0,0.304131986891308,1
36,20,active,group_1,10,[],36.0,0.31350944187115587,1
36,21,active,group_1,10,[],36.0,0.2945755219993015,1
36,22,active,group_1,10,[],36.0,0.2910949435282556,1
36,23,active,group_1,10,[],36.0,0.28250120677505236,1
36,24,active,group_1,10,[],36.0,0.2975383991514789,1
36,25,active,group_1,10,[],36.0,0.3077643130066855,1
36,26,active,group_1,10,[],36.0,0.2952318797507322,1
36,27,active,group_1,11,[],36.0,0.3057581557393527,1
36,28,active,group_1,10,[],36.0,0.2908043036689282,1
36,29,active,group_1,10,[],36.0,0.3007986967761995,1
36,30,active,group_1,10,[],36.0,0.2832085051793923,1
36,31,active,group_1,11,[],36.0,0.30674583843315834,1
36,32,active,group_1,10,[],36.0,0.29069914228010385,1
36,33,active,group_1,10,[],36.0,0.31266967879077295,1
36,34,active,group_1,10,[],36.0,0.29669565989404634,1
36,35,active,group_1,10,[],36.0,0.2860268741230103,1
36,36,active,group_1,10,[],36.0,0.27807165667842304,1
36,37,active,group_1,10,[],36.0,0.29508280996571085,1
36,38,active,group_1,10,[],36.0,0.30124311461225584,1
36,39,active,group_1,10,[],36.0,0.2729741568317411,1
36,40,active,group_1,10,[],36.0,0.30065688872887075,1
36,41,active,group_1,10,[],36.0,0.2860980064510392,1
36,42,active,group_1,9,[],36.0,0.29936925572990913,1
36,43,active,group_1,10,[],36.0,0.28816409089920636,1
36,44,active,group_1,10,[],36.0,0.30538200468705007,1
36,45,active,group_1,10,[],36.0,0.2888295502805091,1
36,46,active,group_1,10,[],36.0,0.3047542537878908,1
36,47,active,group_1,10,[],36.0,0.2865128675840217,1
36,48,active,group_1,10,[],36.0,0.3004088571843542,1
36,49,active,group_1,10,[],36.0,0.30013353696655626,1
36,50,active,group_2,12,[],36.0,0.3238276276759812,1
36,51,active,group_2,11,[],36.0,0.3277860204743604,1
36,52,active,group_2,12,[],36.0,0.33182957884920067,1
36,53,active,group_2,12,[],36.0,0.32660733459357727,1
36,54,active,group_2,12,[],36.0,0.330022701991649,1
36,55,active,group_2,11,[],36.0,0.32584520125800753,1
36,56,active,group_2,12,[],36.0,0.32856199216955057,1
36,57,active,group_2,12,[],36.0,0.32347813387622376,1
36,58,active,group_2,12,[],36.0,0.32808029432936253,1
36,59,active,group_2,12,[],36.0,0.3335495489686916,1
36,60,active,group_2,13,[],36.0,0.35294194809043444,1
36,61,active,group_2,11,[],36.0,0.3164824530423231,1
36,62,active,group_2,12,[],36.0,0.3104704681208122,1
36,63,active,group_2,11,[],36.0,0.32374968752992184,1
36,64,active,group_2,11,[],36.0,0.2940826456334904,1
36,65,active,group_2,11,[],36.0,0.33469714888917357,1
36,66,active,group_2,11,[],36.0,0.3234813573937365,1
36,67,active,group_2,12,[],36.0,0.3320396331758772,1
36,68,active,group_2,12,[],36.0,0.3322758345729343,1
36,69,active,group_2,12,[],36.0,0.3359065098101823,1
36,70,active,group_2,13,[],36.0,0.35591790435850135,1
36,71,active,group_2,12,[],36.0,0.3168309722947467,1
36,72,active,group_2,10,[],36.0,0.30776913680148876,1
36,73,active,group_2,11,[],36.0,0.3046436883444743,1
36,74,active,group_2,12,[],36.0,0.3159188472312936,1
36,75,active,group_2,11,[],36.0,0.33368913946762635,1
36,76,active,group_2,12,[],36.0,0.3262544339096321,1
36,77,active,group_2,11,[],36.0,0.31508525841643303,1
36,78,active,group_2,10,[],36.0,0.2923666002774371,1
36,79,active,group_2,11,[],36.0,0.30823315080127855,1
36,80,active,group_2,12,[],36.0,0.3285255035305995,1
36,81,active,group_2,11,[],36.0,0.32043834663458504,1
36,82,active,group_2,11,[],36.0,0.3158244969498591,1
36,83,active,group_2,12,[],36.0,0.32105847322338554,1
36,84,active,group_2,12,[],36.0,0.3275419608826714,1
36,85,active,group_2,12,[],36.0,0.333038914302897,1
36,86,active,group_2,12,[],36.0,0.3354962595897989,1
36,87,active,group_2,11,[],36.0,0.29995061650964494,1
36,88,active,group_2,11,[],36.0,0.31371700106578787,1
36,89,active,group_2,10,[],36.0,0.31940229830701306,1
36,90,active,group_2,11,[],36.0,0.3206121453801526,1
36,91,active,group_2,11,[],36.0,0.3273688121589221,1
36,92,active,group_2,12,[],36.0,0.3105975269733964,1
36,93,active,group_2,11,[],36.0,0.3131952314176561,1
36,94,active,group_2,11,[],36.0,0.3038256391303886,1
36,95,active,group_2,11,[],36.0,0.3233162697337312,1
36,96,active,group_2,11,[],36.0,0.323163340558294,1
36,97,active,group_2,12,[],36.0,0.31501330884742973,1
36,98,active,group_2,12,[],36.0,0.3059440637963096,1
36,99,active,group_2,12,[],36.0,0.3234381148088067,1
36,100,constructive,group_3,13,[],36.0,0.3458664725107446,1
36,101,constructive,group_3,12,[],36.0,0.32272073337848745,1
36,102,constructive,group_3,13,[],36.0,0.34931012476245576,1
36,103,constructive,group_3,13,[],36.0,0.32948367051816657,1
36,104,constructive,group_3,13,[],36.0,0.33829082239141917,1
36,105,constructive,group_3,13,[],36.0,0.3628931875512942,1
36,106,constructive,group_3,13,[],36.0,0.33559213306843827,1
36,107,constructive,group_3,12,[],36.0,0.32967451054043273,1
36,108,constructive,group_3,14,[],36.0,0.34192429296727933,1
36,109,constructive,group_3,11,[],36.0,0.3117482728799513,1
36,110,constructive,group_3,11,[],36.0,0.30945866430408864,1
36,111,constructive,group_3,13,[],36.0,0.34929706033391306,1
36,112,constructive,group_3,13,[],36.0,0.35937499121730687,1
36,113,constructive,group_3,13,[],36.0,0.3346040357307883,1
36,114,constructive,group_3,13,[],36.0,0.3459377109151747,1
36,115,constructive,group_3,13,[],36.0,0.36258071234891776,1
36,116,constructive,group_3,13,[],36.0,0.3609326186017052,1
36,117,constructive,group_3,13,[],36.0,0.359285639206502,1
36,118,constructive,group_3,12,[],36.0,0.31965496640148533,1
36,119,constructive,group_3,12,[],36.0,0.3326319668279655,1
36,120,constructive,group_3,12,[],36.0,0.324514798223633,1
36,121,constructive,group_3,11,[],36.0,0.30663910382572157,1
36,122,constructive,group_3,12,[],36.0,0.33919343774761407,1
36,123,constructive,group_3,13,[],36.0,0.3649126474791883,1
36,124,constructive,group_3,12,[],36.0,0.3447970213117102,1
36,125,constructive,group_3,12,[],36.0,0.3577542518391525,1
36,126,constructive,group_3,12,[],36.0,0.33406191480045844,1
36,127,constructive,group_3,13,[],36.0,0.36343503147958295,1
36,128,constructive,group_3,12,[],36.0,0.3234013743779694,1
36,129,constructive,group_3,13,[],36.0,0.33843278647550246,1
36,130,constructive,group_3,13,[],36.0,0.3434282363336238,1
36,131,constructive,group_3,13,[],36.0,0.3542938351851378,1
36,132,constructive,group_3,13,[],36.0,0.34763198497731873,1
36,133,constructive,group_3,14,[],36.0,0.3763576044554106,1
36,134,constructive,group_3,13,[],36.0,0.3566587608297319,1
36,135,constructive,group_3,13,[],36.0,0.3520132816594924,1
36,136,constructive,group_3,13,[],36.0,0.33999569692499143,1
36,137,constructive,group_3,12,[],36.0,0.31991493571243745,1
36,138,constructive,group_3,12,[],36.0,0.3490727776324249,1
36,139,constructive,group_3,12,[],36.0,0.3415143115733453,1
36,140,constructive,group_3,13,[],36.0,0.347918153928602,1
36,141,constructive,group_3,14,[],36.0,0.3761822662120134,1
36,142,constructive,group_3,13,[],36.0,0.3761542621916782,1
36,143,constructive,group_3,12,[],36.0,0.32660133669664854,1
36,144,constructive,group_3,14,[],36.0,0.3691408626993323,1
36,145,constructive,group_3,13,[],36.0,0.3508824352073503,1
36,146,constructive,group_3,13,[],36.0,0.3611620833518702,1
36,147,constructive,group_3,12,[],36.0,0.3393746528721052,1
36,148,constructive,group_3,11,[],36.0,0.31647922859374933,1
36,149,constructive,group_3,12,[],36.0,0.3335218906492198,1
37,0,active,group_1,10,[],37.0,0.2953640195044167,1
37,1,active,group_1,10,[],37.0,0.3164977693876619,1
37,2,active,group_1,10,[],37.0,0.29123777835505665,1
37,3,active,group_1,9,[],37.0,0.2796609527748405,1
37,4,active,group_1,10,[],37.0,0.29715543484723855,1
37,5,active,group_1,10,[],37.0,0.29526812831698895,1
37,6,active,group_1,10,[],37.0,0.2793492046863618,1
37,7,active,group_1,10,[],37.0,0.30338532661424605,1
37,8,active,group_1,10,[],37.0,0.29803393078240514,1
37,9,active,group_1,10,[],37.0,0.2992158889807776,1
37,10,active,group_1,11,[],37.0,0.30763900793001925,1
37,11,active,group_1,10,[],37.0,0.2882292314732654,1
37,12,active,group_1,10,[],37.0,0.3111339698410569,1
37,13,active,group_1,11,[],37.0,0.3010567891427104,1
37,14,active,group_1,10,[],37.0,0.3137621886800736,1
37,15,active,group_1,11,[],37.0,0.3056310958092674,1
37,16,active,group_1,10,[],37.0,0.29657389752244034,1
37,17,active,group_1,10,[],37.0,0.2728564314062481,1
37,18,active,group_1,11,[],37.0,0.3115709936959552,1
37,19,active,group_1,10,[],37.0,0.3097424987674504,1
37,20,active,group_1,10,[],37.0,0.3176969936737747,1
37,21,active,group_1,11,[],37.0,0.2967877588927529,1
37,22,active,group_1,10,[],37.0,0.297358838616067,1
37,23,active,group_1,10,[],37.0,0.2867971234254987,1
37,24,active,group_1,10,[],37.0,0.30222663152259543,1
37,25,active,group_1,10,[],37.0,0.3129196360082183,1
37,26,active,group_1,10,[],37.0,0.3009405637887657,1
37,27,active,group_1,11,[],37.0,0.3152531979558067,1
37,28,active,group_1,10,[],37.0,0.29710928304377876,1
37,29,active,group_1,11,[],37.0,0.30227771456040514,1
37,30,active,group_1,10,[],37.0,0.2884543651860618,1
37,31,active,group_1,11,[],37.0,0.3164385480843396,1
37,32,active,group_1,10,[],37.0,0.2972024370286003,1
37,33,active,group_1,10,[],37.0,0.31786235527186474,1
37,34,active,group_1,10,[],37.0,0.301896848043046,1
37,35,active,group_1,10,[],37.0,0.29094264336869735,1
37,36,active,group_1,10,[],37.0,0.2828383621904773,1
37,37,active,group_1,10,[],37.0,0.30053095964170057,1
37,38,active,group_1,11,[],37.0,0.3033050524829394,1
37,39,active,group_1,10,[],37.0,0.27704483888391407,1
37,40,active,group_1,11,[],37.0,0.30337638411765844,1
37,41,active,group_1,10,[],37.0,0.2926531481765215,1
37,42,active,group_1,10,[],37.0,0.3026698879560511,1
37,43,active,group_1,10,[],37.0,0.29229785240354283,1
37,44,active,group_1,10,[],37.0,0.3096180793228234,1
37,45,active,group_1,10,[],37.0,0.2949762026164674,1
37,46,active,group_1,10,[],37.0,0.3085632815799435,1
37,47,active,group_1,10,[],37.0,0.2926958773711445,1
37,48,active,group_1,10,[],37.0,0.30349480188846256,1
37,49,active,group_1,10,[],37.0,0.30382440923302645,1
37,50,active,group_2,12,[],37.0,0.3366319812919528,1
37,51,active,group_2,12,[],37.0,0.33093347268743134,1
37,52,active,group_2,12,[],37.0,0.3448281630155986,1
37,53,active,group_2,13,[],37.0,0.33476053912057036,1
37,54,active,group_2,12,[],37.0,0.3438491258439714,1
37,55,active,group_2,11,[],37.0,0.3336095450783453,1
37,56,active,group_2,12,[],37.0,0.3419180479010347,1
37,57,active,group_2,12,[],37.0,0.3366738553362686,1
37,58,active,group_2,12,[],37.0,0.3419448462371701,1
37,59,active,group_2,12,[],37.0,0.3473112529705975,1
37,60,active,group_2,13,[],37.0,0.3604987999313604,1
37,61,active,group_2,12,[],37.0,0.32036823715520457,1
37,62,active,group_2,12,[],37.0,0.3235989701006142,1
37,63,active,group_2,12,[],37.0,0.33050374578824854,1
37,64,active,group_2,12,[],37.0,0.30134651147462566,1
37,65,active,group_2,12,[],37.0,0.3384336132576531,1
37,66,active,group_2,12,[],37.0,0.32653669115767003,1
37,67,active,group_2,12,[],37.0,0.3453060863194283,1
37,68,active,group_2,13,[],37.0,0.3391450592078673,1
37,69,active,group_2,12,[],37.0,0.3492109658812552,1
37,70,active,group_2,13,[],37.0,0.3638133506830603,1
37,71,active,group_2,12,[],37.0,0.3297716333719974,1
37,72,active,group_2,11,[],37.0,0.3102925489390905,1
37,73,active,group_2,12,[],37.0,0.3082353758945313,1
37,74,active,group_2,12,[],37.0,0.32912915729018977,1
37,75,active,group_2,11,[],37.0,0.3410398288806398,1
37,76,active,group_2,12,[],37.0,0.3397444888224802,1
37,77,active,group_2,11,[],37.0,0.32547251924756854,1
37,78,active,group_2,11,[],37.0,0.29537780162291266,1
37,79,active,group_2,11,[],37.0,0.31774456037676435,1
37,80,active,group_2,12,[],37.0,0.34171790698641036,1
37,81,active,group_2,11,[],37.0,0.32826796043856166,1
37,82,active,group_2,11,[],37.0,0.323489285897845,1
37,83,active,group_2,12,[],37.0,0.3343219192605119,1
37,84,active,group_2,12,[],37.0,0.344318666383541,1
37,85,active,group_2,12,[],37.0,0.34704210314856193,1
37,86,active,group_2,13,[],37.0,0.34404416983494573,1
37,87,active,group_2,11,[],37.0,0.30918739696752534,1
37,88,active,group_2,11,[],37.0,0.3212513475404568,1
37,89,active,group_2,11,[],37.0,0.3209084857699537,1
37,90,active,group_2,12,[],37.0,0.32408988842955083,1
37,91,active,group_2,12,[],37.0,0.3310288604022353,1
37,92,active,group_2,12,[],37.0,0.32420316839579344,1
37,93,active,group_2,11,[],37.0,0.3201963748812545,1
37,94,active,group_2,11,[],37.0,0.31292990818170474,1
37,95,active,group_2,11,[],37.0,0.3313437326424526,1
37,96,active,group_2,12,[],37.0,0.32703109924929435,1
37,97,active,group_2,12,[],37.0,0.3284968659334675,1
37,98,active,group_2,12,[],37.0,0.3183055354106056,1
37,99,active,group_2,12,[],37.0,0.336927144223421,1
37,100,constructive,group_3,13,[],37.0,0.3566113925845998,1
37,101,constructive,group_3,13,[],37.0,0.3311856609922158,1
37,102,constructive,group_3,13,[],37.0,0.3603568055472885,1
37,103,constructive,group_3,13,[],37.0,0.3402755581996279,1
37,104,constructive,group_3,13,[],37.0,0.3491102469404582,1
37,105,constructive,group_3,14,[],37.0,0.3731116551290645,1
37,106,constructive,group_3,13,[],37.0,0.34659518090139074,1
37,107,constructive,group_3,13,[],37.0,0.338161399529359,1
37,108,constructive,group_3,15,[],37.0,0.36435312258602154,1
37,109,constructive,group_3,12,[],37.0,0.32914950191457354,1
37,110,constructive,group_3,12,[],37.0,0.33075195376700767,1
37,111,constructive,group_3,13,[],37.0,0.36047713194946435,1
37,112,constructive,group_3,14,[],37.0,0.3690442892038731,1
37,113,constructive,group_3,13,[],37.0,0.3454326657554986,1
37,114,constructive,group_3,13,[],37.0,0.35667217101707216,1
37,115,constructive,group_3,14,[],37.0,0.3712593248234127,1
37,116,constructive,group_3,13,[],37.0,0.37222679457743596,1
37,117,constructive,group_3,14,[],37.0,0.3688174189067098,1
37,118,constructive,group_3,12,[],37.0,0.33577672487589216,1
37,119,constructive,group_3,12,[],37.0,0.34627513673373284,1
37,120,constructive,group_3,13,[],37.0,0.33339171931320244,1
37,121,constructive,group_3,12,[],37.0,0.32820757458448746,1
37,122,constructive,group_3,13,[],37.0,0.34565651467247166,1
37,123,constructive,group_3,14,[],37.0,0.37399479461913815,1
37,124,constructive,group_3,13,[],37.0,0.3518424106316097,1
37,125,constructive,group_3,13,[],37.0,0.3640141715893577,1
37,126,constructive,group_3,12,[],37.0,0.3470983872538229,1
37,127,constructive,group_3,14,[],37.0,0.37153855916561496,1
37,128,constructive,group_3,12,[],37.0,0.3369787107414747,1
37,129,constructive,group_3,13,[],37.0,0.3490869606914931,1
37,130,constructive,group_3,13,[],37.0,0.3548655659720696,1
37,131,constructive,group_3,13,[],37.0,0.36574911676511335,1
37,132,constructive,group_3,14,[],37.0,0.35702764894355693,1
37,133,constructive,group_3,15,[],37.0,0.3965936967499785,1
37,134,constructive,group_3,13,[],37.0,0.36773857903507506,1
37,135,constructive,group_3,13,[],37.0,0.36256047519174145,1
37,136,constructive,group_3,13,[],37.0,0.3507671864599589,1
37,137,constructive,group_3,12,[],37.0,0.33668488953835896,1
37,138,constructive,group_3,13,[],37.0,0.3553235869101154,1
37,139,constructive,group_3,13,[],37.0,0.34971501931609034,1
37,140,constructive,group_3,13,[],37.0,0.35852538706466514,1
37,141,constructive,group_3,15,[],37.0,0.39582393016028095,1
37,142,constructive,group_3,14,[],37.0,0.38496962908446436,1
37,143,constructive,group_3,12,[],37.0,0.3431474045835429,1
37,144,constructive,group_3,15,[],37.0,0.3908519549268191,1
37,145,constructive,group_3,13,[],37.0,0.36167865546573863,1
37,146,constructive,group_3,14,[],37.0,0.3694470802721831,1
37,147,constructive,group_3,13,[],37.0,0.34657706756747386,1
37,148,constructive,group_3,12,[],37.0,0.33775394582330837,1
37,149,constructive,group_3,12,[],37.0,0.3502067796825118,1
38,0,active,group_1,11,[],38.0,0.2977218785945803,1
38,1,active,group_1,11,[],38.0,0.319079746857377,1
38,2,active,group_1,10,[],38.0,0.29579983903029083,1
38,3,active,group_1,10,[],38.0,0.28289291759076063,1
38,4,active,group_1,11,[],38.0,0.2996950447432519,1
38,5,active,group_1,10,[],38.0,0.29890002676937766,1
38,6,active,group_1,10,[],38.0,0.28552770409250405,1
38,7,active,group_1,10,[],38.0,0.3074247163049297,1
38,8,active,group_1,10,[],38.0,0.30229994005258776,1
38,9,active,group_1,11,[],38.0,0.3012877787627752,1
38,10,active,group_1,11,[],38.0,0.31696841135541454,1
38,11,active,group_1,11,[],38.0,0.2906294144504362,1
38,12,active,group_1,10,[],38.0,0.31401208523005414,1
38,13,active,group_1,11,[],38.0,0.3106993984912024,1
38,14,active,group_1,11,[],38.0,0.3157471940591362,1
38,15,active,group_1,11,[],38.0,0.31535189950183534,1
38,16,active,group_1,10,[],38.0,0.3005865651469235,1
38,17,active,group_1,10,[],38.0,0.2777387127243557,1
38,18,active,group_1,12,[],38.0,0.3148401734267964,1
38,19,active,group_1,10,[],38.0,0.3141381812125298,1
38,20,active,group_1,10,[],38.0,0.3204605601312748,1
38,21,active,group_1,11,[],38.0,0.30649504289703755,1
38,22,active,group_1,10,[],38.0,0.30269755911634433,1
38,23,active,group_1,10,[],38.0,0.28977719234746024,1
38,24,active,group_1,10,[],38.0,0.3057875367812889,1
38,25,active,group_1,10,[],38.0,0.31659828217316355,1
38,26,active,group_1,10,[],38.0,0.30554758098624996,1
38,27,active,group_1,11,[],38.0,0.32267036689748957,1
38,28,active,group_1,10,[],38.0,0.3024666058304456,1
38,29,active,group_1,11,[],38.0,0.31211290213052834,1
38,30,active,group_1,10,[],38.0,0.2924372031660902,1
38,31,active,group_1,12,[],38.0,0.3229575473339421,1
38,32,active,group_1,10,[],38.0,0.3027227879202979,1
38,33,active,group_1,10,[],38.0,0.321575239902,1
38,34,active,group_1,10,[],38.0,0.3062524809571426,1
38,35,active,group_1,10,[],38.0,0.29470456341271367,1
38,36,active,group_1,10,[],38.0,0.2866421460799713,1
38,37,active,group_1,10,[],38.0,0.3049566230651892,1
38,38,active,group_1,11,[],38.0,0.31290614881386725,1
38,39,active,group_1,10,[],38.0,0.2797233825920221,1
38,40,active,group_1,11,[],38.0,0.3129370030526666,1
38,41,active,group_1,10,[],38.0,0.2979686649134287,1
38,42,active,group_1,10,[],38.0,0.308098194558023,1
38,43,active,group_1,11,[],38.0,0.2945746938371449,1
38,44,active,group_1,11,[],38.0,0.31239887679267914,1
38,45,active,group_1,10,[],38.0,0.30024876244462134,1
38,46,active,group_1,11,[],38.0,0.3106598644407935,1
38,47,active,group_1,10,[],38.0,0.29799070177149495,1
38,48,active,group_1,11,[],38.0,0.30502399273041736,1
38,49,active,group_1,11,[],38.0,0.3060465140315775,1
38,50,active,group_2,13,[],38.0,0.3426207238280485,1
38,51,active,group_2,12,[],38.0,0.3440064316941829,1
38,52,active,group_2,13,[],38.0,0.35129354227642046,1
38,53,active,group_2,13,[],38.0,0.34234649399185524,1
38,54,active,group_2,13,[],38.0,0.3513273273751575,1
38,55,active,group_2,12,[],38.0,0.3369417654480421,1
38,56,active,group_2,13,[],38.0,0.3482583067267227,1
38,57,active,group_2,13,[],38.0,0.3440990060878734,1
38,58,active,group_2,13,[],38.0,0.3494436140788505,1
38,59,active,group_2,13,[],38.0,0.3555180784429192,1
38,60,active,group_2,13,[],38.0,0.3669331684928718,1
38,61,active,group_2,12,[],38.0,0.33411580413639286,1
38,62,active,group_2,13,[],38.0,0.33030847498261895,1
38,63,active,group_2,12,[],38.0,0.3440873723638006,1
38,64,active,group_2,12,[],38.0,0.3149032999707883,1
38,65,active,group_2,12,[],38.0,0.3522063742314012,1
38,66,active,group_2,12,[],38.0,0.339399192154568,1
38,67,active,group_2,13,[],38.0,0.3509180297729174,1
38,68,active,group_2,13,[],38.0,0.34554766431762,1
38,69,active,group_2,13,[],38.0,0.3548706312752635,1
38,70,active,group_2,13,[],38.0,0.3704905708371669,1
38,71,active,group_2,13,[],38.0,0.335987081490943,1
38,72,active,group_2,11,[],38.0,0.32001162355558266,1
38,73,active,group_2,12,[],38.0,0.3218750292754306,1
38,74,active,group_2,13,[],38.0,0.3354488408135131,1
38,75,active,group_2,12,[],38.0,0.34420875362302683,1
38,76,active,group_2,13,[],38.0,0.34733270709598835,1
38,77,active,group_2,11,[],38.0,0.3336165100818127,1
38,78,active,group_2,11,[],38.0,0.30439954544070835,1
38,79,active,group_2,12,[],38.0,0.32473686233657134,1
38,80,active,group_2,13,[],38.0,0.34799088271821904,1
38,81,active,group_2,12,[],38.0,0.33212172584263583,1
38,82,active,group_2,12,[],38.0,0.32694163580754915,1
38,83,active,group_2,13,[],38.0,0.34251595246045297,1
38,84,active,group_2,13,[],38.0,0.350524318336826,1
38,85,active,group_2,13,[],38.0,0.354797813131636,1
38,86,active,group_2,13,[],38.0,0.35187708016983466,1
38,87,active,group_2,11,[],38.0,0.316280902912401,1
38,88,active,group_2,12,[],38.0,0.324824809731714,1
38,89,active,group_2,11,[],38.0,0.33118872937759447,1
38,90,active,group_2,12,[],38.0,0.3373176465950388,1
38,91,active,group_2,12,[],38.0,0.34403222943278583,1
38,92,active,group_2,13,[],38.0,0.33250502350202643,1
38,93,active,group_2,12,[],38.0,0.3232343430470141,1
38,94,active,group_2,11,[],38.0,0.32036243975541906,1
38,95,active,group_2,12,[],38.0,0.33452991411684013,1
38,96,active,group_2,12,[],38.0,0.34092167635600623,1
38,97,active,group_2,13,[],38.0,0.3359535176855819,1
38,98,active,group_2,13,[],38.0,0.3248121399811568,1
38,99,active,group_2,13,[],38.0,0.345546055403458,1
38,100,constructive,group_3,14,[],38.0,0.3659599191289859,1
38,101,constructive,group_3,13,[],38.0,0.34191335581518434,1
38,102,constructive,group_3,14,[],38.0,0.3691278529700545,1
38,103,constructive,group_3,14,[],38.0,0.3498914695547696,1
38,104,constructive,group_3,14,[],38.0,0.35954265167060023,1
38,105,constructive,group_3,15,[],38.0,0.39306509051723476,1
38,106,constructive,group_3,14,[],38.0,0.35543609264184917,1
38,107,constructive,group_3,13,[],38.0,0.34889548217713995,1
38,108,constructive,group_3,16,[],38.0,0.3834969085912931,1
38,109,constructive,group_3,12,[],38.0,0.34161578636941636,1
38,110,constructive,group_3,12,[],38.0,0.34360011266770546,1
38,111,constructive,group_3,14,[],38.0,0.3700143790492521,1
38,112,constructive,group_3,15,[],38.0,0.3884156495136931,1
38,113,constructive,group_3,14,[],38.0,0.3546871428368163,1
38,114,constructive,group_3,14,[],38.0,0.36592891046685183,1
38,115,constructive,group_3,15,[],38.0,0.3923996673255913,1
38,116,constructive,group_3,14,[],38.0,0.3820541208345549,1
38,117,constructive,group_3,15,[],38.0,0.39109155016961644,1
38,118,constructive,group_3,13,[],38.0,0.3436792535462022,1
38,119,constructive,group_3,13,[],38.0,0.3541692538646523,1
38,120,constructive,group_3,13,[],38.0,0.34440763541736163,1
38,121,constructive,group_3,12,[],38.0,0.3410462693486608,1
38,122,constructive,group_3,13,[],38.0,0.35619238854702884,1
38,123,constructive,group_3,15,[],38.0,0.39361596591143616,1
38,124,constructive,group_3,13,[],38.0,0.36237439647252223,1
38,125,constructive,group_3,13,[],38.0,0.3745480741027004,1
38,126,constructive,group_3,13,[],38.0,0.3540912504838559,1
38,127,constructive,group_3,15,[],38.0,0.3912609815108439,1
38,128,constructive,group_3,13,[],38.0,0.3456965734789971,1
38,129,constructive,group_3,14,[],38.0,0.3578917368978459,1
38,130,constructive,group_3,14,[],38.0,0.36525482224485994,1
38,131,constructive,group_3,14,[],38.0,0.37588145425299374,1
38,132,constructive,group_3,15,[],38.0,0.37693962924818625,1
38,133,constructive,group_3,16,[],38.0,0.413366875263495,1
38,134,constructive,group_3,14,[],38.0,0.3767824339050837,1
38,135,constructive,group_3,14,[],38.0,0.37019532153270585,1
38,136,constructive,group_3,14,[],38.0,0.36036754140064564,1
38,137,constructive,group_3,13,[],38.0,0.3439864434928803,1
38,138,constructive,group_3,13,[],38.0,0.3665123086693633,1
38,139,constructive,group_3,13,[],38.0,0.3604003335417393,1
38,140,constructive,group_3,14,[],38.0,0.3668915598632454,1
38,141,constructive,group_3,16,[],38.0,0.4137513108502568,1
38,142,constructive,group_3,15,[],38.0,0.40397656302114465,1
38,143,constructive,group_3,13,[],38.0,0.3503007382632483,1
38,144,constructive,group_3,16,[],38.0,0.4093231054488965,1
38,145,constructive,group_3,14,[],38.0,0.371126105392393,1
38,146,constructive,group_3,15,[],38.0,0.3896670932869965,1
38,147,constructive,group_3,13,[],38.0,0.35767427382667216,1
38,148,constructive,group_3,12,[],38.0,0.35081944144674954,1
38,149,constructive,group_3,13,[],38.0,0.3576031512646098,1
39,0,active,group_1,11,[],39.0,0.30786338305646443,1
39,1,active,group_1,11,[],39.0,0.3284471681218758,1
39,2,active,group_1,11,[],39.0,0.2987279965117645,1
39,3,active,group_1,10,[],39.0,0.2889973951866503,1
39,4,active,group_1,11,[],39.0,0.30882084261521114,1
39,5,active,group_1,11,[],39.0,0.3007373481830869,1
39,6,active,group_1,10,[],39.0,0.29065746786316343,1
39,7,active,group_1,11,[],39.0,0.3097344143008859,1
39,8,active,group_1,11,[],39.0,0.30510491692876285,1
39,9,active,group_1,11,[],39.0,0.3105826792207416,1
39,10,active,group_1,11,[],39.0,0.3244496415669649,1
39,11,active,group_1,11,[],39.0,0.30070450670775234,1
39,12,active,group_1,11,[],39.0,0.3155176453099828,1
39,13,active,group_1,11,[],39.0,0.3180059478693025,1
39,14,active,group_1,11,[],39.0,0.3251568489450178,1
39,15,active,group_1,12,[],39.0,0.32217822472179275,1
39,16,active,group_1,11,[],39.0,0.30291396572499235,1
39,17,active,group_1,10,[],39.0,0.28169363895519833,1
39,18,active,group_1,12,[],39.0,0.32523723731254306,1
39,19,active,group_1,11,[],39.0,0.3166647907695205,1
39,20,active,group_1,11,[],39.0,0.3218406882971784,1
39,21,active,group_1,11,[],39.0,0.31416667119772695,1
39,22,active,group_1,10,[],39.0,0.30693244468081243,1
39,23,active,group_1,11,[],39.0,0.2913484041838078,1
39,24,active,group_1,11,[],39.0,0.3078571917436393,1
39,25,active,group_1,11,[],39.0,0.3184902177285336,1
39,26,active,group_1,11,[],39.0,0.30832824165970546,1
39,27,active,group_1,12,[],39.0,0.3259231788108687,1
39,28,active,group_1,10,[],39.0,0.3067430806073159,1
39,29,active,group_1,11,[],39.0,0.3199687137365949,1
39,30,active,group_1,11,[],39.0,0.294665137472147,1
39,31,active,group_1,12,[],39.0,0.3330603403735024,1
39,32,active,group_1,10,[],39.0,0.30709631516073277,1
39,33,active,group_1,11,[],39.0,0.323484980571641,1
39,34,active,group_1,10,[],39.0,0.30918828517526153,1
39,35,active,group_1,11,[],39.0,0.29688300961522135,1
39,36,active,group_1,11,[],39.0,0.28902402424520746,1
39,37,active,group_1,11,[],39.0,0.307706267828988,1
39,38,active,group_1,12,[],39.0,0.31989448017198474,1
39,39,active,group_1,11,[],39.0,0.2810678594134871,1
39,40,active,group_1,11,[],39.0,0.32081808492916875,1
39,41,active,group_1,10,[],39.0,0.3024470930306593,1
39,42,active,group_1,10,[],39.0,0.3127899806093166,1
39,43,active,group_1,11,[],39.0,0.30481197268746685,1
39,44,active,group_1,11,[],39.0,0.32202365214492434,1
39,45,active,group_1,10,[],39.0,0.30436097142774693,1
39,46,active,group_1,11,[],39.0,0.32064815478286635,1
39,47,active,group_1,10,[],39.0,0.30214157737656766,1
39,48,active,group_1,11,[],39.0,0.314840003390375,1
39,49,active,group_1,11,[],39.0,0.31608246535184875,1
39,50,active,group_2,13,[],39.0,0.34977479770627645,1
39,51,active,group_2,13,[],39.0,0.3504109687005781,1
39,52,active,group_2,13,[],39.0,0.35818650860679335,1
39,53,active,group_2,13,[],39.0,0.34875759123586414,1
39,54,active,group_2,13,[],39.0,0.3589572303381724,1
39,55,active,group_2,12,[],39.0,0.35049553159405844,1
39,56,active,group_2,13,[],39.0,0.3552529352662798,1
39,57,active,group_2,13,[],39.0,0.35116564790037896,1
39,58,active,group_2,13,[],39.0,0.35719061801252894,1
39,59,active,group_2,13,[],39.0,0.3624800033250192,1
39,60,active,group_2,13,[],39.0,0.37162822384676025,1
39,61,active,group_2,13,[],39.0,0.34252999958255803,1
39,62,active,group_2,13,[],39.0,0.3367273122187919,1
39,63,active,group_2,13,[],39.0,0.35192208389820884,1
39,64,active,group_2,13,[],39.0,0.3231588440843288,1
39,65,active,group_2,13,[],39.0,0.35920705478335535,1
39,66,active,group_2,13,[],39.0,0.34587690395078047,1
39,67,active,group_2,13,[],39.0,0.3580180314363896,1
39,68,active,group_2,13,[],39.0,0.35096675751097495,1
39,69,active,group_2,13,[],39.0,0.3617648458771483,1
39,70,active,group_2,13,[],39.0,0.37539759269634715,1
39,71,active,group_2,13,[],39.0,0.3433155244507894,1
39,72,active,group_2,11,[],39.0,0.32762780613087406,1
39,73,active,group_2,13,[],39.0,0.32941599559671564,1
39,74,active,group_2,13,[],39.0,0.3423794825194383,1
39,75,active,group_2,12,[],39.0,0.3582687033859556,1
39,76,active,group_2,13,[],39.0,0.3539452221243363,1
39,77,active,group_2,12,[],39.0,0.3370099536191976,1
39,78,active,group_2,11,[],39.0,0.31139224919057745,1
39,79,active,group_2,12,[],39.0,0.337675957469629,1
39,80,active,group_2,13,[],39.0,0.3546525142144681,1
39,81,active,group_2,12,[],39.0,0.34681478172475855,1
39,82,active,group_2,12,[],39.0,0.34029795424279663,1
39,83,active,group_2,13,[],39.0,0.34972323416282336,1
39,84,active,group_2,13,[],39.0,0.3579290844328676,1
39,85,active,group_2,13,[],39.0,0.36131851109700486,1
39,86,active,group_2,13,[],39.0,0.35848872935566456,1
39,87,active,group_2,12,[],39.0,0.3193327042722589,1
39,88,active,group_2,12,[],39.0,0.33816733288346584,1
39,89,active,group_2,12,[],39.0,0.3389017266074451,1
39,90,active,group_2,13,[],39.0,0.3447614795710092,1
39,91,active,group_2,13,[],39.0,0.3510142546157725,1
39,92,active,group_2,13,[],39.0,0.33944814225404324,1
39,93,active,group_2,12,[],39.0,0.33705763674371647,1
39,94,active,group_2,12,[],39.0,0.32411921040232666,1
39,95,active,group_2,12,[],39.0,0.3489560759441541,1
39,96,active,group_2,13,[],39.0,0.34849071961071076,1
39,97,active,group_2,13,[],39.0,0.3428210928925052,1
39,98,active,group_2,13,[],39.0,0.3321339132003981,1
39,99,active,group_2,13,[],39.0,0.3522785534271163,1
39,100,constructive,group_3,15,[],39.0,0.38792038282024743,1
39,101,constructive,group_3,14,[],39.0,0.3514473513014281,1
39,102,constructive,group_3,15,[],39.0,0.38954441110993854,1
39,103,constructive,group_3,15,[],39.0,0.37086610886086196,1
39,104,constructive,group_3,15,[],39.0,0.3828657442776218,1
39,105,constructive,group_3,16,[],39.0,0.4104432283601754,1
39,106,constructive,group_3,15,[],39.0,0.3759392732815231,1
39,107,constructive,group_3,14,[],39.0,0.3586500768045872,1
39,108,constructive,group_3,16,[],39.0,0.3891547994153905,1
39,109,constructive,group_3,13,[],39.0,0.3490726658701979,1
39,110,constructive,group_3,13,[],39.0,0.35094419849423775,1
39,111,constructive,group_3,15,[],39.0,0.3891995810783443,1
39,112,constructive,group_3,16,[],39.0,0.4056479029845571,1
39,113,constructive,group_3,15,[],39.0,0.3768821523963943,1
39,114,constructive,group_3,15,[],39.0,0.38854296516398357,1
39,115,constructive,group_3,16,[],39.0,0.41257504799318756,1
39,116,constructive,group_3,15,[],39.0,0.40238938086209536,1
39,117,constructive,group_3,16,[],39.0,0.4074578897601301,1
39,118,constructive,group_3,13,[],39.0,0.35460742650726296,1
39,119,constructive,group_3,13,[],39.0,0.3651655889069354,1
39,120,constructive,group_3,14,[],39.0,0.3540264343402165,1
39,121,constructive,group_3,13,[],39.0,0.34849655104949007,1
39,122,constructive,group_3,14,[],39.0,0.3641411368238854,1
39,123,constructive,group_3,16,[],39.0,0.40994174997506033,1
39,124,constructive,group_3,14,[],39.0,0.3702363468545752,1
39,125,constructive,group_3,14,[],39.0,0.38266759544371987,1
39,126,constructive,group_3,13,[],39.0,0.3649640428129488,1
39,127,constructive,group_3,16,[],39.0,0.40728052290498634,1
39,128,constructive,group_3,13,[],39.0,0.3562710670210141,1
39,129,constructive,group_3,15,[],39.0,0.37992467921671835,1
39,130,constructive,group_3,15,[],39.0,0.3851243750325942,1
39,131,constructive,group_3,15,[],39.0,0.3949857960805735,1
39,132,constructive,group_3,16,[],39.0,0.3959134062204611,1
39,133,constructive,group_3,16,[],39.0,0.4194478333163157,1
39,134,constructive,group_3,15,[],39.0,0.39773445466635865,1
39,135,constructive,group_3,15,[],39.0,0.3903454694413152,1
39,136,constructive,group_3,15,[],39.0,0.38292718191963326,1
39,137,constructive,group_3,13,[],39.0,0.3551031299369406,1
39,138,constructive,group_3,14,[],39.0,0.37508004055955746,1
39,139,constructive,group_3,14,[],39.0,0.36951796197101067,1
39,140,constructive,group_3,15,[],39.0,0.3890513097819246,1
39,141,constructive,group_3,16,[],39.0,0.41967217267071816,1
39,142,constructive,group_3,16,[],39.0,0.42243019239168955,1
39,143,constructive,group_3,13,[],39.0,0.36083257958080434,1
39,144,constructive,group_3,16,[],39.0,0.4158447449321076,1
39,145,constructive,group_3,15,[],39.0,0.3927884284583104,1
39,146,constructive,group_3,16,[],39.0,0.4060668317911061,1
39,147,constructive,group_3,14,[],39.0,0.36694109910171246,1
39,148,constructive,group_3,13,[],39.0,0.36026223694382176,1
39,149,constructive,group_3,13,[],39.0,0.36883723716417827,1
